job_id,experiment,backend,alpha_star,residual_on_design,certified_gap_bound,residual_transfer,transfer_objective_difference
F1burnin_d20_lam1e-2,A,exact,1.0,0.0,0.0,,
F1burnin_d20_lam1e-4,A,exact,1.0,0.0,0.0,,
F1burnin_d20_lam1e-6,A,exact,1.0,0.0,0.0,,
F1burnin_d20_lam1e-8,A,exact,1.0,0.0,0.0,,
F1affine_d10_S1e0,B,exact,1.0,0.0,0.0,,
F1affine_d10_S1e2,B,exact,1.0,0.0,0.0,,
F1affine_d10_S1e4,B,exact,1.0,0.0,0.0,,
F1affine_d10_S1e6,B,exact,1.0,0.0,0.0,,
F1affine_d10_S1e8,B,exact,1.0,0.0,0.0,,
F1aniso_d10_kappa1e9,C,exact,1.0,0.0,0.0,,
F2global_d10_k100_rho0.1,D,gauss_hermite_foc,0.46245114134112364,3.800415098541062e-13,3.1099710241824127e-25,,
F2global_d10_k100_rho1,D,gauss_hermite_foc,0.020642890956432597,3.7789842196925965e-13,6.9724078834277e-24,,
F2global_d10_k10_rho0.1,D,gauss_hermite_foc,0.7884407543258877,3.780521465858359e-13,1.825036936766092e-25,,
F2global_d10_k10_rho1,D,gauss_hermite_foc,0.1620962691740644,3.836190699099559e-13,9.020907344995059e-25,,
F2global_d10_k1_rho0.1,D,gauss_hermite_foc,0.9419720277446456,3.78853339445073e-13,1.5275755931927453e-25,,
F2global_d10_k1_rho1,D,gauss_hermite_foc,0.5885872504308797,3.7706341996871337e-13,2.4485529128052115e-25,,
F2global_d50_k100_rho0.1,D,gauss_hermite_foc,0.46245114134112364,8.459258397910428e-13,1.5645234642388725e-24,,
F2global_d50_k100_rho1,D,gauss_hermite_foc,0.0206428909564326,8.486120015083825e-13,3.484990037714124e-23,,
F2global_d50_k10_rho0.1,D,gauss_hermite_foc,0.7884407543258878,8.462776097976708e-13,9.15195550309077e-25,,
F2global_d50_k10_rho1,D,gauss_hermite_foc,0.1620962691740643,8.465799662530485e-13,4.457342656151949e-24,,
F2global_d50_k1_rho0.1,D,gauss_hermite_foc,0.9419261350530271,8.498822945916754e-13,7.638230133901314e-25,,
F2global_d50_k1_rho1,D,gauss_hermite_foc,0.5884732373467155,8.488253184167361e-13,1.223749133461053e-24,,
F2local_d10_k10_rho0p1_r0p01,G,gauss_hermite_foc,0.7884407543258876,3.7795229070100573e-13,1.8240776763403157e-25,,
F2local_d10_k10_rho0p1_r0p05,G,gauss_hermite_foc,0.7884407543258876,3.7795229070100573e-13,1.8240776763403157e-25,,
F2local_d10_k10_rho0p1_r0p1,G,gauss_hermite_foc,0.7884407543258876,3.7795229070100573e-13,1.8240776763403157e-25,,
F2local_d10_k10_rho1_r0p01,G,gauss_hermite_foc,0.1620962691740644,3.839018616955301e-13,9.016398957168014e-25,,
F2local_d10_k10_rho1_r0p05,G,gauss_hermite_foc,0.1620962691740644,3.839018616955301e-13,9.016398957168014e-25,,
F2local_d10_k10_rho1_r0p1,G,gauss_hermite_foc,0.1620962691740644,3.839018616955301e-13,9.016398957168014e-25,,
F3logistic_d50_kX1e0_s0_fb-gvi,L,fixed_qmc_foc_newton,0.006502816504694542,2.6386322108908284e-13,7.129796676617847e-22,0.0029873277717654004,0.005552187748946835
F3logistic_d50_kX1e0_s0_fr-kl,L,fixed_qmc_foc_newton,0.006502816504694542,2.6386322108908284e-13,7.129796676617847e-22,0.0029873277717654004,0.005552187748946835
F3logistic_d50_kX1e0_s0_fr-r,L,fixed_qmc_foc_newton,0.006502816504694542,2.6386322108908284e-13,7.129796676617847e-22,0.0029873277717654004,0.005552187748946835
F3logistic_d50_kX1e0_s0_laplace,L,fixed_qmc_foc_newton,0.006502816504694542,2.6386322108908284e-13,7.129796676617847e-22,0.0029873277717654004,0.005552187748946835
F3logistic_d50_kX1e0_s1_fb-gvi,L,fixed_qmc_foc_newton,0.007199250691867016,4.681770397587181e-13,1.5273489639018286e-21,0.0031802461077184447,0.0008022851040436763
F3logistic_d50_kX1e0_s1_fr-kl,L,fixed_qmc_foc_newton,0.007199250691867016,4.681770397587181e-13,1.5273489639018286e-21,0.0031802461077184447,0.0008022851040436763
F3logistic_d50_kX1e0_s1_fr-r,L,fixed_qmc_foc_newton,0.007199250691867016,4.681770397587181e-13,1.5273489639018286e-21,0.0031802461077184447,0.0008022851040436763
F3logistic_d50_kX1e0_s1_laplace,L,fixed_qmc_foc_newton,0.007199250691867016,4.681770397587181e-13,1.5273489639018286e-21,0.0031802461077184447,0.0008022851040436763
F3logistic_d50_kX1e0_s2_fb-gvi,L,fixed_qmc_foc_newton,0.007232121142733626,4.768379313608077e-13,2.082555998265946e-21,0.0032344841933032407,0.009159786478221577
F3logistic_d50_kX1e0_s2_fr-kl,L,fixed_qmc_foc_newton,0.007232121142733626,4.768379313608077e-13,2.082555998265946e-21,0.0032344841933032407,0.009159786478221577
F3logistic_d50_kX1e0_s2_fr-r,L,fixed_qmc_foc_newton,0.007232121142733626,4.768379313608077e-13,2.082555998265946e-21,0.0032344841933032407,0.009159786478221577
F3logistic_d50_kX1e0_s2_laplace,L,fixed_qmc_foc_newton,0.007232121142733626,4.768379313608077e-13,2.082555998265946e-21,0.0032344841933032407,0.009159786478221577
F3logistic_d50_kX1e0_s3_fb-gvi,L,fixed_qmc_foc_newton,0.006865904039028735,3.699299783393392e-13,5.926782576582716e-22,0.0034405923399072843,0.004280172698940987
F3logistic_d50_kX1e0_s3_fr-kl,L,fixed_qmc_foc_newton,0.006865904039028735,3.699299783393392e-13,5.926782576582716e-22,0.0034405923399072843,0.004280172698940987
F3logistic_d50_kX1e0_s3_fr-r,L,fixed_qmc_foc_newton,0.006865904039028735,3.699299783393392e-13,5.926782576582716e-22,0.0034405923399072843,0.004280172698940987
F3logistic_d50_kX1e0_s3_laplace,L,fixed_qmc_foc_newton,0.006865904039028735,3.699299783393392e-13,5.926782576582716e-22,0.0034405923399072843,0.004280172698940987
F3logistic_d50_kX1e0_s4_fb-gvi,L,fixed_qmc_foc_newton,0.0074251566451002515,5.071261726838373e-13,2.3230769731509134e-21,0.0033599228672630327,3.9249970029686665e-05
F3logistic_d50_kX1e0_s4_fr-kl,L,fixed_qmc_foc_newton,0.0074251566451002515,5.071261726838373e-13,2.3230769731509134e-21,0.0033599228672630327,3.9249970029686665e-05
F3logistic_d50_kX1e0_s4_fr-r,L,fixed_qmc_foc_newton,0.0074251566451002515,5.071261726838373e-13,2.3230769731509134e-21,0.0033599228672630327,3.9249970029686665e-05
F3logistic_d50_kX1e0_s4_laplace,L,fixed_qmc_foc_newton,0.0074251566451002515,5.071261726838373e-13,2.3230769731509134e-21,0.0033599228672630327,3.9249970029686665e-05
F3logistic_d50_kX1e2_s0_fb-gvi,L,fixed_qmc_foc_newton,0.008920637617070163,1.730455178896388e-13,8.71435618017174e-23,0.0019532022936864114,0.000566052138140094
F3logistic_d50_kX1e2_s0_fr-kl,L,fixed_qmc_foc_newton,0.008920637617070163,1.730455178896388e-13,8.71435618017174e-23,0.0019532022936864114,0.000566052138140094
F3logistic_d50_kX1e2_s0_fr-r,L,fixed_qmc_foc_newton,0.008920637617070163,1.730455178896388e-13,8.71435618017174e-23,0.0019532022936864114,0.000566052138140094
F3logistic_d50_kX1e2_s0_laplace,L,fixed_qmc_foc_newton,0.008920637617070163,1.730455178896388e-13,8.71435618017174e-23,0.0019532022936864114,0.000566052138140094
F3logistic_d50_kX1e2_s1_fb-gvi,L,fixed_qmc_foc_newton,0.009061694677639783,3.800019886702757e-13,3.866758178670488e-22,0.0020038142755112163,0.0041231790518168054
F3logistic_d50_kX1e2_s1_fr-kl,L,fixed_qmc_foc_newton,0.009061694677639783,3.800019886702757e-13,3.866758178670488e-22,0.0020038142755112163,0.0041231790518168054
F3logistic_d50_kX1e2_s1_fr-r,L,fixed_qmc_foc_newton,0.009061694677639783,3.800019886702757e-13,3.866758178670488e-22,0.0020038142755112163,0.0041231790518168054
F3logistic_d50_kX1e2_s1_laplace,L,fixed_qmc_foc_newton,0.009061694677639783,3.800019886702757e-13,3.866758178670488e-22,0.0020038142755112163,0.0041231790518168054
F3logistic_d50_kX1e2_s2_fb-gvi,L,fixed_qmc_foc_newton,0.009877549776503632,2.9298276179580723e-13,2.0989437939967767e-22,0.001871847691679796,-0.0032324610841101276
F3logistic_d50_kX1e2_s2_fr-kl,L,fixed_qmc_foc_newton,0.009877549776503632,2.9298276179580723e-13,2.0989437939967767e-22,0.001871847691679796,-0.0032324610841101276
F3logistic_d50_kX1e2_s2_fr-r,L,fixed_qmc_foc_newton,0.009877549776503632,2.9298276179580723e-13,2.0989437939967767e-22,0.001871847691679796,-0.0032324610841101276
F3logistic_d50_kX1e2_s2_laplace,L,fixed_qmc_foc_newton,0.009877549776503632,2.9298276179580723e-13,2.0989437939967767e-22,0.001871847691679796,-0.0032324610841101276
F3logistic_d50_kX1e2_s3_fb-gvi,L,fixed_qmc_foc_newton,0.00846647159611234,1.8846727219957897e-13,8.849181663078886e-23,0.0021841194302911187,0.005530738684797143
F3logistic_d50_kX1e2_s3_fr-kl,L,fixed_qmc_foc_newton,0.00846647159611234,1.8846727219957897e-13,8.849181663078886e-23,0.0021841194302911187,0.005530738684797143
F3logistic_d50_kX1e2_s3_fr-r,L,fixed_qmc_foc_newton,0.00846647159611234,1.8846727219957897e-13,8.849181663078886e-23,0.0021841194302911187,0.005530738684797143
F3logistic_d50_kX1e2_s3_laplace,L,fixed_qmc_foc_newton,0.00846647159611234,1.8846727219957897e-13,8.849181663078886e-23,0.0021841194302911187,0.005530738684797143
F3logistic_d50_kX1e2_s4_fb-gvi,L,fixed_qmc_foc_newton,0.009097774367218259,6.745763260250727e-13,1.465811088649687e-21,0.0019528350255834494,0.003683422529775271
F3logistic_d50_kX1e2_s4_fr-kl,L,fixed_qmc_foc_newton,0.009097774367218259,6.745763260250727e-13,1.465811088649687e-21,0.0019528350255834494,0.003683422529775271
F3logistic_d50_kX1e2_s4_fr-r,L,fixed_qmc_foc_newton,0.009097774367218259,6.745763260250727e-13,1.465811088649687e-21,0.0019528350255834494,0.003683422529775271
F3logistic_d50_kX1e2_s4_laplace,L,fixed_qmc_foc_newton,0.009097774367218259,6.745763260250727e-13,1.465811088649687e-21,0.0019528350255834494,0.003683422529775271
F3logistic_d50_kX1e4_s0_fb-gvi,L,fixed_qmc_foc_newton,0.008804996110054194,4.022854228525716e-13,4.2322868333090796e-22,0.001012771320380299,0.002697230204432799
F3logistic_d50_kX1e4_s0_fr-kl,L,fixed_qmc_foc_newton,0.008804996110054194,4.022854228525716e-13,4.2322868333090796e-22,0.001012771320380299,0.002697230204432799
F3logistic_d50_kX1e4_s0_fr-r,L,fixed_qmc_foc_newton,0.008804996110054194,4.022854228525716e-13,4.2322868333090796e-22,0.001012771320380299,0.002697230204432799
F3logistic_d50_kX1e4_s0_laplace,L,fixed_qmc_foc_newton,0.008804996110054194,4.022854228525716e-13,4.2322868333090796e-22,0.001012771320380299,0.002697230204432799
F3logistic_d50_kX1e4_s1_fb-gvi,L,fixed_qmc_foc_newton,0.008872676868039232,7.738956373328368e-13,1.9639811727960477e-21,0.0008659064585093469,0.004628263549136591
F3logistic_d50_kX1e4_s1_fr-kl,L,fixed_qmc_foc_newton,0.008872676868039232,7.738956373328368e-13,1.9639811727960477e-21,0.0008659064585093469,0.004628263549136591
F3logistic_d50_kX1e4_s1_fr-r,L,fixed_qmc_foc_newton,0.008872676868039232,7.738956373328368e-13,1.9639811727960477e-21,0.0008659064585093469,0.004628263549136591
F3logistic_d50_kX1e4_s1_laplace,L,fixed_qmc_foc_newton,0.008872676868039232,7.738956373328368e-13,1.9639811727960477e-21,0.0008659064585093469,0.004628263549136591
F3logistic_d50_kX1e4_s2_fb-gvi,L,fixed_qmc_foc_newton,0.008952878817945474,2.648006474529528e-13,1.8817088841389673e-22,0.0009815263996935367,0.004276163056488258
F3logistic_d50_kX1e4_s2_fr-kl,L,fixed_qmc_foc_newton,0.008952878817945474,2.648006474529528e-13,1.8817088841389673e-22,0.0009815263996935367,0.004276163056488258
F3logistic_d50_kX1e4_s2_fr-r,L,fixed_qmc_foc_newton,0.008952878817945474,2.648006474529528e-13,1.8817088841389673e-22,0.0009815263996935367,0.004276163056488258
F3logistic_d50_kX1e4_s2_laplace,L,fixed_qmc_foc_newton,0.008952878817945474,2.648006474529528e-13,1.8817088841389673e-22,0.0009815263996935367,0.004276163056488258
F3logistic_d50_kX1e4_s3_fb-gvi,L,fixed_qmc_foc_newton,0.009009661225196945,1.3647224822735014e-13,4.5845451493923274e-23,0.0008739958049175704,0.0014822882150156147
F3logistic_d50_kX1e4_s3_fr-kl,L,fixed_qmc_foc_newton,0.009009661225196945,1.3647224822735014e-13,4.5845451493923274e-23,0.0008739958049175704,0.0014822882150156147
F3logistic_d50_kX1e4_s3_fr-r,L,fixed_qmc_foc_newton,0.009009661225196945,1.3647224822735014e-13,4.5845451493923274e-23,0.0008739958049175704,0.0014822882150156147
F3logistic_d50_kX1e4_s3_laplace,L,fixed_qmc_foc_newton,0.009009661225196945,1.3647224822735014e-13,4.5845451493923274e-23,0.0008739958049175704,0.0014822882150156147
F3logistic_d50_kX1e4_s4_fb-gvi,L,fixed_qmc_foc_newton,0.008398985252714975,7.398480209036155e-13,1.693854204923912e-21,0.0008999923689141999,-0.002113757867903132
F3logistic_d50_kX1e4_s4_fr-kl,L,fixed_qmc_foc_newton,0.008398985252714975,7.398480209036155e-13,1.693854204923912e-21,0.0008999923689141999,-0.002113757867903132
F3logistic_d50_kX1e4_s4_fr-r,L,fixed_qmc_foc_newton,0.008398985252714975,7.398480209036155e-13,1.693854204923912e-21,0.0008999923689141999,-0.002113757867903132
F3logistic_d50_kX1e4_s4_laplace,L,fixed_qmc_foc_newton,0.008398985252714975,7.398480209036155e-13,1.693854204923912e-21,0.0008999923689141999,-0.002113757867903132
