method,gradient_calls_per_iteration,hessian_calls_per_iteration,matrix_exponentials_per_iteration,factorizations_per_iteration,oracle_ms_per_iteration,algebra_ms_per_iteration,total_ms_per_iteration,covariance_words,projection_activations,algebra
FR--R,1.0,1.0,1.0,2.0,7.703166032636848,0.9511052991535203,8.462821922536628,d^2,0,symmetric root and matrix exponential
FR--KL,1.0,1.0,0.0,2.0,7.396542698164314,1.261901739363869,8.192867324900968,d^2,0,one precision inverse and one resolvent solve
FB--GVI,1.0,1.0,0.0,1.0,7.615118378501696,0.7870274322340265,8.101791712552465,d^2,0,one eigendecomposition for the JKO entropy map
Sq--NGVI,1.0,1.0,0.0,1.0,7.109243254410103,0.5340869009378367,7.537825037084986,d^2,0,forward Euler on the Cholesky factor
FR--R--STL,16.0,16.0,1.0,4.0,0.31684421963291237,1.3436381573750016,1.6972796335661162,d^2,0,sampled
FR--KL--STL,16.0,16.0,0.0,4.0,0.33372442709514866,1.5387245735425192,1.8495239419086527,d^2,0,sampled
S--FB--GVI,16.0,16.0,0.0,2.0,0.3220502872330447,0.7958925713901408,1.1173328091778483,d^2,0,sampled
Price--BBVI,16.0,16.0,0.0,1.0,0.34724930208176374,0.43669308128301054,0.7715700956371924,d^2,0,triangular energy step and closed-form entropy prox
BBVI--STL,16.0,0.0,0.0,1.0,0.2264982207561843,0.6869346413489742,0.8936787805093142,d^2,0,gradient only; one triangular solve
