job_id,backend,fisher_rao_residual_squared,bures_wasserstein_residual_squared,quadrature_resolution_floor,independent_design_residual_squared
A_burnin_d20_k1000_lam1e-10,exact,0.0,0.0,,
A_burnin_d20_k1000_lam1e-12,exact,0.0,0.0,,
A_burnin_d20_k1000_lam1e-2,exact,0.0,0.0,,
A_burnin_d20_k1000_lam1e-4,exact,0.0,0.0,,
A_burnin_d20_k1000_lam1e-6,exact,0.0,0.0,,
A_burnin_d20_k1000_lam1e-8,exact,0.0,0.0,,
A_burnin_d20_k100_lam1e-10,exact,0.0,0.0,,
A_burnin_d20_k100_lam1e-12,exact,0.0,0.0,,
A_burnin_d20_k100_lam1e-2,exact,0.0,0.0,,
A_burnin_d20_k100_lam1e-4,exact,0.0,0.0,,
A_burnin_d20_k100_lam1e-6,exact,0.0,0.0,,
A_burnin_d20_k100_lam1e-8,exact,0.0,0.0,,
A_burnin_d20_k10_lam1e-10,exact,0.0,0.0,,
A_burnin_d20_k10_lam1e-12,exact,0.0,0.0,,
A_burnin_d20_k10_lam1e-2,exact,0.0,0.0,,
A_burnin_d20_k10_lam1e-4,exact,0.0,0.0,,
A_burnin_d20_k10_lam1e-6,exact,0.0,0.0,,
A_burnin_d20_k10_lam1e-8,exact,0.0,0.0,,
A_burnin_d20_k1e3_lam1e12_core,exact,0.0,0.0,,
A_burnin_d20_k1e3_lam1e8_core,exact,0.0,0.0,,
A_covariance_burnin_smoke,exact,0.0,0.0,,
B_affine_K1e0,exact,0.0,0.0,,
B_affine_K1e2,exact,0.0,0.0,,
B_affine_K1e4,exact,0.0,0.0,,
B_affine_K1e4_core,exact,0.0,0.0,,
B_affine_K1e6,exact,0.0,0.0,,
B_affine_K1e8,exact,0.0,0.0,,
B_affine_equivariance_smoke,exact,0.0,0.0,,
C_diao_gaussian_core,exact,0.0,0.0,,
C_diao_gaussian_d10,exact,0.0,0.0,,
C_diao_gaussian_d10,exact,0.0,0.0,,
C_diao_gaussian_d10,exact,0.0,0.0,,
C_diao_gaussian_d10,exact,0.0,0.0,,
C_diao_gaussian_d10,exact,0.0,0.0,,
C_diao_gaussian_d10,exact,0.0,0.0,,
C_diao_gaussian_d10,exact,0.0,0.0,,
C_diao_gaussian_d10,exact,0.0,0.0,,
C_diao_gaussian_d10,exact,0.0,0.0,,
C_diao_gaussian_d10,exact,0.0,0.0,,
C_diao_gaussian_smoke,exact,0.0,0.0,,
D_logcosh_d10_k100_core,gauss_hermite_foc,5.77496520706002e-15,1.1785346445982895e-15,,
D_logcosh_d10_k100_rho0.1,gauss_hermite_foc,0.0007736990087063576,5.465529712686055e-06,,
D_logcosh_d10_k100_rho0.1,gauss_hermite_foc,0.0007736990087064598,1.155640394868106e-05,,
D_logcosh_d10_k100_rho0.1,gauss_hermite_foc,0.0007736990087070662,6.34978286523935e-06,,
D_logcosh_d10_k100_rho0.1,gauss_hermite_foc,0.0007736990087063143,8.901953000834675e-06,,
D_logcosh_d10_k100_rho0.1,gauss_hermite_foc,0.0007736990087063587,1.2516834819008672e-05,,
D_logcosh_d10_k100_rho1,gauss_hermite_foc,1.0521943822098168e-17,1.952623354001327e-18,,
D_logcosh_d10_k100_rho1,gauss_hermite_foc,1.0521959197160742e-17,1.2018313189596839e-18,,
D_logcosh_d10_k100_rho1,gauss_hermite_foc,1.0521946915766025e-17,2.5798165754018167e-18,,
D_logcosh_d10_k100_rho1,gauss_hermite_foc,1.0521926671595748e-17,3.513729717238735e-18,,
D_logcosh_d10_k100_rho1,gauss_hermite_foc,1.0521963422536e-17,3.07215447344125e-18,,
D_logcosh_d10_k100_rho5,gauss_hermite_foc,3.475689976317634e-27,6.2349675152469426e-27,,
D_logcosh_d10_k100_rho5,gauss_hermite_foc,3.6212332747328345e-27,4.1010503905117404e-27,,
D_logcosh_d10_k100_rho5,gauss_hermite_foc,3.807167328229478e-27,9.046727403750274e-27,,
D_logcosh_d10_k100_rho5,gauss_hermite_foc,3.489128616371677e-27,4.861434874951022e-27,,
D_logcosh_d10_k100_rho5,gauss_hermite_foc,3.558031444607828e-27,7.647895743493704e-27,,
D_logcosh_d10_k10_rho0.1,gauss_hermite_foc,7.6528907243859e-10,8.309970163472987e-11,,
D_logcosh_d10_k10_rho0.1,gauss_hermite_foc,7.652890724991166e-10,2.3832534052686015e-11,,
D_logcosh_d10_k10_rho0.1,gauss_hermite_foc,7.652890722200043e-10,2.7246600862898825e-11,,
D_logcosh_d10_k10_rho0.1,gauss_hermite_foc,7.652890723556793e-10,5.43613957323034e-11,,
D_logcosh_d10_k10_rho0.1,gauss_hermite_foc,7.652890725013638e-10,5.429437220622361e-11,,
D_logcosh_d10_k10_rho1,gauss_hermite_foc,7.751181170656203e-22,2.625121203523706e-22,,
D_logcosh_d10_k10_rho1,gauss_hermite_foc,7.7545967187787235e-22,3.3980650072324847e-22,,
D_logcosh_d10_k10_rho1,gauss_hermite_foc,7.752484061050088e-22,5.077073517864475e-22,,
D_logcosh_d10_k10_rho1,gauss_hermite_foc,7.754272000724506e-22,1.1909835876854893e-22,,
D_logcosh_d10_k10_rho1,gauss_hermite_foc,7.754717703506844e-22,2.2730216663194986e-22,,
D_logcosh_d10_k10_rho5,gauss_hermite_foc,5.814303932501434e-28,1.4595325579506851e-27,,
D_logcosh_d10_k10_rho5,gauss_hermite_foc,4.520340155781585e-28,1.4260679888222052e-27,,
D_logcosh_d10_k10_rho5,gauss_hermite_foc,6.017204792956567e-28,1.5492297901329896e-27,,
D_logcosh_d10_k10_rho5,gauss_hermite_foc,6.374424210208369e-28,1.1515460992954334e-27,,
D_logcosh_d10_k10_rho5,gauss_hermite_foc,5.951537976360646e-28,3.335268707286301e-28,,
D_logcosh_d10_k1_rho0.1,gauss_hermite_foc,3.1102899232163354e-27,1.4538452783809631e-27,,
D_logcosh_d10_k1_rho0.1,gauss_hermite_foc,3.1695084638606718e-27,1.33566866848643e-27,,
D_logcosh_d10_k1_rho0.1,gauss_hermite_foc,3.233631429744865e-27,1.3957803472892753e-27,,
D_logcosh_d10_k1_rho0.1,gauss_hermite_foc,2.789315823741322e-27,1.6895529045201825e-27,,
D_logcosh_d10_k1_rho0.1,gauss_hermite_foc,3.0998658554544798e-27,1.4626893316497789e-27,,
D_logcosh_d10_k1_rho1,gauss_hermite_foc,7.836835251620417e-29,2.084238314868882e-29,,
D_logcosh_d10_k1_rho1,gauss_hermite_foc,1.7439989618636014e-28,2.5006235107949505e-29,,
D_logcosh_d10_k1_rho1,gauss_hermite_foc,6.885344750610273e-29,1.099130728135632e-29,,
D_logcosh_d10_k1_rho1,gauss_hermite_foc,1.8176820305644591e-28,6.02811674596266e-30,,
D_logcosh_d10_k1_rho1,gauss_hermite_foc,5.979067970177287e-29,7.668369012138237e-30,,
D_logcosh_d10_k1_rho5,gauss_hermite_foc,5.079111066018574e-28,2.1127631340318065e-28,,
D_logcosh_d10_k1_rho5,gauss_hermite_foc,1.9286368717787437e-28,4.235960303601898e-28,,
D_logcosh_d10_k1_rho5,gauss_hermite_foc,2.693484734789767e-28,3.224218292040183e-28,,
D_logcosh_d10_k1_rho5,gauss_hermite_foc,1.7240355154108103e-28,2.3224178662503053e-28,,
D_logcosh_d10_k1_rho5,gauss_hermite_foc,2.4210403577323102e-28,3.8338739397165793e-28,,
D_logcosh_d2_k100_rho0.1,gauss_hermite_foc,0.0006781967365519613,6.806415172897217e-07,,
D_logcosh_d2_k100_rho0.1,gauss_hermite_foc,0.0006781967365529927,1.809753644459413e-05,,
D_logcosh_d2_k100_rho0.1,gauss_hermite_foc,0.000678196736553005,2.6788408085410975e-05,,
D_logcosh_d2_k100_rho0.1,gauss_hermite_foc,0.0006781967365502741,8.678806408253926e-06,,
D_logcosh_d2_k100_rho0.1,gauss_hermite_foc,0.0006781967365501229,3.5648664117518584e-06,,
D_logcosh_d2_k100_rho1,gauss_hermite_foc,5.455892229724704e-18,5.285676978011643e-18,,
D_logcosh_d2_k100_rho1,gauss_hermite_foc,5.45589150872271e-18,5.110664587672221e-18,,
D_logcosh_d2_k100_rho1,gauss_hermite_foc,5.455892465874404e-18,3.4525987811489146e-18,,
D_logcosh_d2_k100_rho1,gauss_hermite_foc,5.455894716104725e-18,5.3240350650514245e-20,,
D_logcosh_d2_k100_rho1,gauss_hermite_foc,5.455894809938359e-18,5.252721298497574e-18,,
D_logcosh_d2_k100_rho5,gauss_hermite_foc,1.4195357827850603e-30,5.505759091186694e-30,,
D_logcosh_d2_k100_rho5,gauss_hermite_foc,2.9640438189266247e-30,4.242226755900537e-29,,
D_logcosh_d2_k100_rho5,gauss_hermite_foc,7.075017522899342e-30,2.642155012071993e-29,,
D_logcosh_d2_k100_rho5,gauss_hermite_foc,4.8747621413177925e-31,1.6139683211539308e-31,,
D_logcosh_d2_k100_rho5,gauss_hermite_foc,1.077901695713705e-31,5.6343792241276335e-31,,
D_logcosh_d2_k10_rho0.1,gauss_hermite_foc,7.310067272772452e-10,1.6962614074415004e-10,,
D_logcosh_d2_k10_rho0.1,gauss_hermite_foc,7.310067273306905e-10,2.4696523618801136e-11,,
D_logcosh_d2_k10_rho0.1,gauss_hermite_foc,7.31006726943458e-10,4.500726144990553e-11,,
D_logcosh_d2_k10_rho0.1,gauss_hermite_foc,7.310067270885289e-10,1.3643784255335576e-10,,
D_logcosh_d2_k10_rho0.1,gauss_hermite_foc,7.310067272699626e-10,1.8466024983053413e-10,,
D_logcosh_d2_k10_rho1,gauss_hermite_foc,5.802203530258237e-22,5.953591418480443e-22,,
D_logcosh_d2_k10_rho1,gauss_hermite_foc,5.805439465447211e-22,9.98653442063068e-23,,
D_logcosh_d2_k10_rho1,gauss_hermite_foc,5.802794298388285e-22,8.542622287837883e-23,,
D_logcosh_d2_k10_rho1,gauss_hermite_foc,5.802267806274683e-22,6.815913512929981e-22,,
D_logcosh_d2_k10_rho1,gauss_hermite_foc,5.80223314440398e-22,7.657107685838189e-24,,
D_logcosh_d2_k10_rho5,gauss_hermite_foc,1.7365823937098745e-29,2.2312176467726045e-29,,
D_logcosh_d2_k10_rho5,gauss_hermite_foc,1.32633368526565e-31,2.803020068992123e-31,,
D_logcosh_d2_k10_rho5,gauss_hermite_foc,1.2386209861922667e-30,5.048433433278837e-30,,
D_logcosh_d2_k10_rho5,gauss_hermite_foc,3.685213488182213e-30,2.112069792427968e-29,,
D_logcosh_d2_k10_rho5,gauss_hermite_foc,1.962374828389508e-30,4.764588813912259e-30,,
D_logcosh_d2_k1_rho0.1,gauss_hermite_foc,8.073884743527796e-28,7.549458023638364e-28,,
D_logcosh_d2_k1_rho0.1,gauss_hermite_foc,1.1737446429486276e-27,1.3068279361651051e-27,,
D_logcosh_d2_k1_rho0.1,gauss_hermite_foc,1.2658732139788244e-27,1.5596058211885748e-27,,
D_logcosh_d2_k1_rho0.1,gauss_hermite_foc,1.2029712700065125e-27,1.2593691351850169e-27,,
D_logcosh_d2_k1_rho0.1,gauss_hermite_foc,1.103230858506785e-27,1.4049665988106059e-27,,
D_logcosh_d2_k1_rho1,gauss_hermite_foc,6.286603001151158e-30,1.240933830559086e-29,,
D_logcosh_d2_k1_rho1,gauss_hermite_foc,1.370062822765785e-31,2.058842147052492e-31,,
D_logcosh_d2_k1_rho1,gauss_hermite_foc,1.4743025636306828e-29,3.3435652751822725e-31,,
D_logcosh_d2_k1_rho1,gauss_hermite_foc,7.13490180811987e-32,2.682348290948115e-31,,
D_logcosh_d2_k1_rho1,gauss_hermite_foc,5.941786835718478e-32,4.168699539247048e-31,,
D_logcosh_d2_k1_rho5,gauss_hermite_foc,9.106446776688972e-32,4.020884885125449e-31,,
D_logcosh_d2_k1_rho5,gauss_hermite_foc,4.22750116067419e-31,9.498571564918929e-31,,
D_logcosh_d2_k1_rho5,gauss_hermite_foc,4.537245033943915e-29,5.404880008837661e-28,,
D_logcosh_d2_k1_rho5,gauss_hermite_foc,3.605302267944603e-30,1.4059766526062434e-28,,
D_logcosh_d2_k1_rho5,gauss_hermite_foc,2.5546599287550882e-30,1.8243480255119092e-29,,
D_logcosh_d50_k100_rho0.1,gauss_hermite_foc,0.0021728211976004674,2.321292380228092e-05,,
D_logcosh_d50_k100_rho0.1,gauss_hermite_foc,0.002172821197600679,2.8038990359257677e-05,,
D_logcosh_d50_k100_rho0.1,gauss_hermite_foc,0.002172821197600412,2.0994673988956486e-05,,
D_logcosh_d50_k100_rho0.1,gauss_hermite_foc,0.0021728211975999114,2.345901110317786e-05,,
D_logcosh_d50_k100_rho0.1,gauss_hermite_foc,0.002172821197600224,2.0592356046361358e-05,,
D_logcosh_d50_k100_rho1,gauss_hermite_foc,4.418765297224168e-17,9.957776603393507e-18,,
D_logcosh_d50_k100_rho1,gauss_hermite_foc,4.418770222931612e-17,9.627955928992986e-18,,
D_logcosh_d50_k100_rho1,gauss_hermite_foc,4.418766013597486e-17,1.0821998966687397e-17,,
D_logcosh_d50_k100_rho1,gauss_hermite_foc,4.4187686683509895e-17,8.868815033186391e-18,,
D_logcosh_d50_k100_rho1,gauss_hermite_foc,4.4187662158868865e-17,9.219755972653507e-18,,
D_logcosh_d50_k100_rho5,gauss_hermite_foc,1.537794289638112e-26,3.5787641586662866e-26,,
D_logcosh_d50_k100_rho5,gauss_hermite_foc,1.4860571116317226e-26,2.0811437365721916e-26,,
D_logcosh_d50_k100_rho5,gauss_hermite_foc,1.4728585923111332e-26,3.340981526069087e-26,,
D_logcosh_d50_k100_rho5,gauss_hermite_foc,1.5246513080180645e-26,2.660021187101672e-26,,
D_logcosh_d50_k100_rho5,gauss_hermite_foc,1.4218394639334106e-26,2.5314520620875744e-26,,
D_logcosh_d50_k10_rho0.1,gauss_hermite_foc,1.7381888695498827e-09,9.56182103951577e-11,,
D_logcosh_d50_k10_rho0.1,gauss_hermite_foc,1.7381888694787882e-09,8.525482677754991e-11,,
D_logcosh_d50_k10_rho0.1,gauss_hermite_foc,1.7381888696409245e-09,1.092990214181346e-10,,
D_logcosh_d50_k10_rho0.1,gauss_hermite_foc,1.7381888694268787e-09,1.1970342340684473e-10,,
D_logcosh_d50_k10_rho0.1,gauss_hermite_foc,1.738188869362874e-09,8.858554569102468e-11,,
D_logcosh_d50_k10_rho1,gauss_hermite_foc,2.5497736665391596e-21,7.278301498783021e-22,,
D_logcosh_d50_k10_rho1,gauss_hermite_foc,2.5499566496231176e-21,7.060779480796954e-22,,
D_logcosh_d50_k10_rho1,gauss_hermite_foc,2.5497643728439127e-21,7.260556875886778e-22,,
D_logcosh_d50_k10_rho1,gauss_hermite_foc,2.5501050206156812e-21,6.606813390893956e-22,,
D_logcosh_d50_k10_rho1,gauss_hermite_foc,2.549693051634792e-21,7.215325102601407e-22,,
D_logcosh_d50_k10_rho5,gauss_hermite_foc,7.470811108764662e-27,1.7520859541867606e-26,,
D_logcosh_d50_k10_rho5,gauss_hermite_foc,7.23459711419336e-27,1.1720142241442394e-26,,
D_logcosh_d50_k10_rho5,gauss_hermite_foc,7.116979805087578e-27,1.096491872967646e-26,,
D_logcosh_d50_k10_rho5,gauss_hermite_foc,7.266556660563905e-27,1.474599923786283e-26,,
D_logcosh_d50_k10_rho5,gauss_hermite_foc,7.438999344623155e-27,1.5440051672666532e-26,,
D_logcosh_d50_k1_rho0.1,gauss_hermite_foc,1.5488579408142892e-26,7.194673367411578e-27,,
D_logcosh_d50_k1_rho0.1,gauss_hermite_foc,1.690666397977099e-26,7.0019428970582e-27,,
D_logcosh_d50_k1_rho0.1,gauss_hermite_foc,1.6072247629343727e-26,6.638121563793136e-27,,
D_logcosh_d50_k1_rho0.1,gauss_hermite_foc,1.4143323784469675e-26,6.962502494840878e-27,,
D_logcosh_d50_k1_rho0.1,gauss_hermite_foc,1.678713028191659e-26,6.865002254979107e-27,,
D_logcosh_d50_k1_rho1,gauss_hermite_foc,1.1309675558807973e-27,3.0374052335824075e-28,,
D_logcosh_d50_k1_rho1,gauss_hermite_foc,1.2131884812491101e-27,2.902688707562982e-28,,
D_logcosh_d50_k1_rho1,gauss_hermite_foc,1.362123816343584e-27,2.5013126252899764e-28,,
D_logcosh_d50_k1_rho1,gauss_hermite_foc,1.4321730452418886e-27,3.636458286865636e-28,,
D_logcosh_d50_k1_rho1,gauss_hermite_foc,1.478047944283439e-27,3.036469759503167e-28,,
D_logcosh_d50_k1_rho5,gauss_hermite_foc,8.665139702838231e-27,1.954662983098079e-26,,
D_logcosh_d50_k1_rho5,gauss_hermite_foc,8.358953867113928e-27,1.5795057486752068e-26,,
D_logcosh_d50_k1_rho5,gauss_hermite_foc,8.184581980186977e-27,1.8067243349668785e-26,,
D_logcosh_d50_k1_rho5,gauss_hermite_foc,9.246289375643239e-27,1.8787656190375856e-26,,
D_logcosh_d50_k1_rho5,gauss_hermite_foc,8.185116853110127e-27,1.7959164020909696e-26,,
D_logcosh_global_smoke,gauss_hermite_foc,5.802495528167319e-22,5.284256359645966e-22,,
E_bump_train_core_blocked,exact,0.0,0.0,,
E_bump_train_smoke_blocked,exact,0.0,0.0,,
F_gaussian_local_d100_rate0.25,exact,0.0,0.0,,
F_gaussian_local_d100_rate0.5,exact,0.0,0.0,,
F_gaussian_local_d100_rate1.5,exact,0.0,0.0,,
F_gaussian_local_d100_rate1,exact,0.0,0.0,,
F_gaussian_local_d10_core,exact,0.0,0.0,,
F_gaussian_local_d10_rate0.25,exact,0.0,0.0,,
F_gaussian_local_d10_rate0.5,exact,0.0,0.0,,
F_gaussian_local_d10_rate1.5,exact,0.0,0.0,,
F_gaussian_local_d10_rate1,exact,0.0,0.0,,
F_gaussian_local_d2_rate0.25,exact,0.0,0.0,,
F_gaussian_local_d2_rate0.5,exact,0.0,0.0,,
F_gaussian_local_d2_rate1.5,exact,0.0,0.0,,
F_gaussian_local_d2_rate1,exact,0.0,0.0,,
F_gaussian_local_smoke,exact,0.0,0.0,,
G_local_spectral_d2_rho0.001,gauss_hermite_foc,2.664042838557334e-29,5.323660202039711e-29,,
G_local_spectral_d2_rho0.01,gauss_hermite_foc,7.5491692515772855e-31,1.682271111733004e-30,,
G_local_spectral_d2_rho0.05,gauss_hermite_foc,4.402415733905541e-30,8.181783069553272e-30,,
G_local_spectral_d2_rho0.1,gauss_hermite_foc,1.2339564040718687e-27,2.572851179718062e-27,,
G_local_spectral_d2_rho0.5,gauss_hermite_foc,1.6398014881427728e-31,1.0071841634484823e-30,,
G_local_spectral_d2_rho1,gauss_hermite_foc,6.403667290187521e-32,6.058851306737777e-31,,
G_local_spectral_d2_rho2,gauss_hermite_foc,9.509691305143587e-32,4.298159002485816e-31,,
G_local_spectral_d3_core,gauss_hermite_foc,1.4286387234635497e-26,2.8633498624957086e-26,,
G_local_spectral_d3_rho0.001,gauss_hermite_foc,3.5893195543146575e-29,5.946296635828918e-29,,
G_local_spectral_d3_rho0.01,gauss_hermite_foc,7.466801791670146e-31,1.6799829046471742e-30,,
G_local_spectral_d3_rho0.05,gauss_hermite_foc,1.4478980372933892e-29,2.2024794774543312e-29,,
G_local_spectral_d3_rho0.1,gauss_hermite_foc,1.441272606901165e-27,3.117099986223363e-27,,
G_local_spectral_d3_rho0.5,gauss_hermite_foc,6.0279122217981415e-31,1.0222988057340933e-30,,
G_local_spectral_d3_rho1,gauss_hermite_foc,1.028596001230901e-30,4.3341553937640315e-31,,
G_local_spectral_d3_rho2,gauss_hermite_foc,3.8969063031842964e-31,3.5937591458534657e-31,,
G_local_spectral_d5_rho0.001,gauss_hermite_foc,3.4994598326105006e-29,7.663029515492853e-29,,
G_local_spectral_d5_rho0.01,gauss_hermite_foc,4.263990881407683e-30,3.992896466200095e-30,,
G_local_spectral_d5_rho0.05,gauss_hermite_foc,2.77834787172421e-29,2.8256360930557255e-29,,
G_local_spectral_d5_rho0.1,gauss_hermite_foc,2.075952095999107e-27,4.095420082595598e-27,,
G_local_spectral_d5_rho0.5,gauss_hermite_foc,2.167516409664736e-30,8.75963442361982e-31,,
G_local_spectral_d5_rho1,gauss_hermite_foc,1.3899185824298092e-30,1.2974093824278868e-30,,
G_local_spectral_d5_rho2,gauss_hermite_foc,3.46188853529086e-30,9.09275347881988e-31,,
G_local_spectral_smoke,gauss_hermite_foc,3.255679402328403e-30,6.2800548813966456e-30,,
H_stl_cancellation_d10,exact,0.0,0.0,,
H_stl_cancellation_d10_core,exact,0.0,0.0,,
H_stl_cancellation_d2,exact,0.0,0.0,,
H_stl_cancellation_d50,exact,0.0,0.0,,
H_stl_cancellation_smoke,exact,0.0,0.0,,
I_variance_ablation_smoke,exact,0.0,0.0,,
I_variance_gaussian_d8_B1,exact,0.0,0.0,,
I_variance_gaussian_d8_B16,exact,0.0,0.0,,
I_variance_gaussian_d8_B4,exact,0.0,0.0,,
I_variance_logcosh_d8_B1,gauss_hermite_foc,1.4558473878614567e-25,1.3620280337631013e-25,,
I_variance_logcosh_d8_B16,gauss_hermite_foc,1.4596710963108025e-25,1.3616524228959906e-25,,
I_variance_logcosh_d8_B4,gauss_hermite_foc,1.4598096460722855e-25,1.3619712546998326e-25,,
I_variance_logcosh_d8_core,gauss_hermite_foc,2.99434316612329e-18,3.7087148103314144e-18,,
J_floor_d32_k100_rho0.5_B1,gauss_hermite_foc,2.8541396315913694e-09,9.586313243865929e-10,,
J_floor_d32_k100_rho0.5_B16,gauss_hermite_foc,2.8541396315913694e-09,9.586313243865929e-10,,
J_floor_d32_k100_rho0.5_B2,gauss_hermite_foc,2.8541396315913694e-09,9.586313243865929e-10,,
J_floor_d32_k100_rho0.5_B32,gauss_hermite_foc,2.8541396315913694e-09,9.586313243865929e-10,,
J_floor_d32_k100_rho0.5_B4,gauss_hermite_foc,2.8541396315913694e-09,9.586313243865929e-10,,
J_floor_d32_k100_rho0.5_B64,gauss_hermite_foc,2.8541396315913694e-09,9.586313243865929e-10,,
J_floor_d32_k100_rho0.5_B8,gauss_hermite_foc,2.8541396315913694e-09,9.586313243865929e-10,,
J_floor_d32_k100_rho1_B1,gauss_hermite_foc,2.898972368860585e-17,2.878936758314307e-17,,
J_floor_d32_k100_rho1_B16,gauss_hermite_foc,2.898972368860585e-17,2.878936758314307e-17,,
J_floor_d32_k100_rho1_B2,gauss_hermite_foc,2.898972368860585e-17,2.878936758314307e-17,,
J_floor_d32_k100_rho1_B32,gauss_hermite_foc,2.898972368860585e-17,2.878936758314307e-17,,
J_floor_d32_k100_rho1_B4,gauss_hermite_foc,2.898972368860585e-17,2.878936758314307e-17,,
J_floor_d32_k100_rho1_B64,gauss_hermite_foc,2.898972368860585e-17,2.878936758314307e-17,,
J_floor_d32_k100_rho1_B8,gauss_hermite_foc,2.898972368860585e-17,2.878936758314307e-17,,
J_floor_d32_k10_rho0.5_B1,gauss_hermite_foc,1.5953364300601548e-14,9.543648427610098e-15,,
J_floor_d32_k10_rho0.5_B16,gauss_hermite_foc,1.5953364300601548e-14,9.543648427610098e-15,,
J_floor_d32_k10_rho0.5_B2,gauss_hermite_foc,1.5953364300601548e-14,9.543648427610098e-15,,
J_floor_d32_k10_rho0.5_B32,gauss_hermite_foc,1.5953364300601548e-14,9.543648427610098e-15,,
J_floor_d32_k10_rho0.5_B4,gauss_hermite_foc,1.5953364300601548e-14,9.543648427610098e-15,,
J_floor_d32_k10_rho0.5_B64,gauss_hermite_foc,1.5953364300601548e-14,9.543648427610098e-15,,
J_floor_d32_k10_rho0.5_B8,gauss_hermite_foc,1.5953364300601548e-14,9.543648427610098e-15,,
J_floor_d32_k10_rho1_B1,gauss_hermite_foc,1.7330103629164786e-21,2.141427531293599e-21,,
J_floor_d32_k10_rho1_B16,gauss_hermite_foc,1.7330103629164786e-21,2.141427531293599e-21,,
J_floor_d32_k10_rho1_B2,gauss_hermite_foc,1.7330103629164786e-21,2.141427531293599e-21,,
J_floor_d32_k10_rho1_B32,gauss_hermite_foc,1.7330103629164786e-21,2.141427531293599e-21,,
J_floor_d32_k10_rho1_B4,gauss_hermite_foc,1.7330103629164786e-21,2.141427531293599e-21,,
J_floor_d32_k10_rho1_B64,gauss_hermite_foc,1.7330103629164786e-21,2.141427531293599e-21,,
J_floor_d32_k10_rho1_B8,gauss_hermite_foc,1.7330103629164786e-21,2.141427531293599e-21,,
J_floor_d8_B16_core,gauss_hermite_foc,1.3603521069453133e-13,7.119573327182528e-14,,
J_floor_d8_B1_core,gauss_hermite_foc,1.3603521069453133e-13,7.119573327182528e-14,,
J_floor_d8_B4_core,gauss_hermite_foc,1.3603521069453133e-13,7.119573327182528e-14,,
J_floor_d8_B64_core,gauss_hermite_foc,1.3603521069453133e-13,7.119573327182528e-14,,
J_floor_d8_k100_rho0.5_B1,gauss_hermite_foc,1.0154840181114933e-09,3.340969266691086e-10,,
J_floor_d8_k100_rho0.5_B16,gauss_hermite_foc,1.0154840181114933e-09,3.340969266691086e-10,,
J_floor_d8_k100_rho0.5_B2,gauss_hermite_foc,1.0154840181114933e-09,3.340969266691086e-10,,
J_floor_d8_k100_rho0.5_B32,gauss_hermite_foc,1.0154840181114933e-09,3.340969266691086e-10,,
J_floor_d8_k100_rho0.5_B4,gauss_hermite_foc,1.0154840181114933e-09,3.340969266691086e-10,,
J_floor_d8_k100_rho0.5_B64,gauss_hermite_foc,1.0154840181114933e-09,3.340969266691086e-10,,
J_floor_d8_k100_rho0.5_B8,gauss_hermite_foc,1.0154840181114933e-09,3.340969266691086e-10,,
J_floor_d8_k100_rho1_B1,gauss_hermite_foc,8.884574145416068e-18,8.757344963113023e-18,,
J_floor_d8_k100_rho1_B16,gauss_hermite_foc,8.884574145416068e-18,8.757344963113023e-18,,
J_floor_d8_k100_rho1_B2,gauss_hermite_foc,8.884574145416068e-18,8.757344963113023e-18,,
J_floor_d8_k100_rho1_B32,gauss_hermite_foc,8.884574145416068e-18,8.757344963113023e-18,,
J_floor_d8_k100_rho1_B4,gauss_hermite_foc,8.884574145416068e-18,8.757344963113023e-18,,
J_floor_d8_k100_rho1_B64,gauss_hermite_foc,8.884574145416068e-18,8.757344963113023e-18,,
J_floor_d8_k100_rho1_B8,gauss_hermite_foc,8.884574145416068e-18,8.757344963113023e-18,,
J_floor_d8_k10_rho0.5_B1,gauss_hermite_foc,9.031762873182297e-15,5.283756583899286e-15,,
J_floor_d8_k10_rho0.5_B16,gauss_hermite_foc,9.031762873182297e-15,5.283756583899286e-15,,
J_floor_d8_k10_rho0.5_B2,gauss_hermite_foc,9.031762873182297e-15,5.283756583899286e-15,,
J_floor_d8_k10_rho0.5_B32,gauss_hermite_foc,9.031762873182297e-15,5.283756583899286e-15,,
J_floor_d8_k10_rho0.5_B4,gauss_hermite_foc,9.031762873182297e-15,5.283756583899286e-15,,
J_floor_d8_k10_rho0.5_B64,gauss_hermite_foc,9.031762873182297e-15,5.283756583899286e-15,,
J_floor_d8_k10_rho0.5_B8,gauss_hermite_foc,9.031762873182297e-15,5.283756583899286e-15,,
J_floor_d8_k10_rho1_B1,gauss_hermite_foc,7.016928861378276e-22,8.450693899168627e-22,,
J_floor_d8_k10_rho1_B16,gauss_hermite_foc,7.016928861378276e-22,8.450693899168627e-22,,
J_floor_d8_k10_rho1_B2,gauss_hermite_foc,7.016928861378276e-22,8.450693899168627e-22,,
J_floor_d8_k10_rho1_B32,gauss_hermite_foc,7.016928861378276e-22,8.450693899168627e-22,,
J_floor_d8_k10_rho1_B4,gauss_hermite_foc,7.016928861378276e-22,8.450693899168627e-22,,
J_floor_d8_k10_rho1_B64,gauss_hermite_foc,7.016928861378276e-22,8.450693899168627e-22,,
J_floor_d8_k10_rho1_B8,gauss_hermite_foc,7.016928861378276e-22,8.450693899168627e-22,,
J_minibatch_floor_B1_smoke,gauss_hermite_foc,8.885174882512757e-15,5.18461908670262e-15,,
J_minibatch_floor_B8_smoke,gauss_hermite_foc,8.885174882512757e-15,5.18461908670262e-15,,
K_decreasing_d4_rho0.3_B1,gauss_hermite_foc,4.898269835211439e-30,1.5916969838461655e-29,,
K_decreasing_d4_rho0.3_B8,gauss_hermite_foc,9.932706172082173e-30,1.1634752312999851e-29,,
K_decreasing_d4_rho1_B1,gauss_hermite_foc,3.228902192706031e-30,4.727574467285886e-31,,
K_decreasing_d4_rho1_B8,gauss_hermite_foc,2.7984933785932182e-30,4.459695445133772e-31,,
K_decreasing_d8_core,gauss_hermite_foc,1.4839062793638525e-25,3.4906270620555315e-25,,
K_decreasing_d8_rho0.3_B1,gauss_hermite_foc,1.3604245127331668e-29,2.104060977366166e-29,,
K_decreasing_d8_rho0.3_B8,gauss_hermite_foc,1.1007646448149426e-29,1.9302288705152077e-29,,
K_decreasing_d8_rho1_B1,gauss_hermite_foc,7.996942379180165e-30,1.8225396462054774e-30,,
K_decreasing_d8_rho1_B8,gauss_hermite_foc,9.891133016907142e-30,1.767053017581759e-30,,
K_decreasing_steps_smoke,gauss_hermite_foc,2.9942064950456864e-30,6.779410171863512e-30,,
L_logistic_d100_lam0.1_fc1e0,fixed_qmc_foc_newton,11037124.626287913,1104216.9393713993,3863828.5023656925,11037087.340062307
L_logistic_d100_lam0.1_fc1e2,fixed_qmc_foc_newton,4.399319604825463e-27,4.328360009090898e-26,0.08732643167934384,4.646762796719774e-05
L_logistic_d100_lam0.1_fc1e4,fixed_qmc_foc_newton,1.936075251245112e-25,2.9580936864195128e-24,0.10489955801597262,2.615995645328448e-05
L_logistic_d100_lam1_fc1e0,fixed_qmc_foc_newton,1073405.2471638676,1074458.8295044976,362368.30443753424,1073412.9755469442
L_logistic_d100_lam1_fc1e2,fixed_qmc_foc_newton,3.4462388353318324e-27,9.716868627869777e-26,0.12094589249124965,3.0143411878049112e-05
L_logistic_d100_lam1_fc1e4,fixed_qmc_foc_newton,1.899252231162642e-26,1.175357896555759e-25,0.10904778071619603,9.785625638205577e-06
L_logistic_d10_lam0.1_fc1e0,fixed_qmc_foc_newton,7.123446788219389e-29,1.3218161439545047e-27,2.5658335971456836e-06,8.226615644414975e-08
L_logistic_d10_lam0.1_fc1e2,fixed_qmc_foc_newton,1.5744651003038068e-28,1.162004109538926e-28,9.196293362379038e-06,1.8235008346102116e-07
L_logistic_d10_lam0.1_fc1e4,fixed_qmc_foc_newton,8.596101595309548e-28,6.240096510144911e-28,5.751658889607825e-06,1.829757052371498e-08
L_logistic_d10_lam1_fc1e0,fixed_qmc_foc_newton,2.5977824351631757e-28,4.5118636439748324e-27,3.274644257089676e-06,1.092416521371886e-07
L_logistic_d10_lam1_fc1e2,fixed_qmc_foc_newton,5.065315069617851e-29,3.7637969453473266e-28,1.1403652820263233e-05,4.0662031743346205e-08
L_logistic_d10_lam1_fc1e4,fixed_qmc_foc_newton,6.752575802930077e-29,5.964658814892236e-29,2.8635053581638203e-06,1.3960384377962175e-08
L_logistic_d10_n100_core,fixed_qmc_lbfgs,2.341427754495974e-05,0.0002994199396213586,,
L_logistic_d50_lam0.1_fc1e0,fixed_qmc_foc_newton,2776901.148156962,277808.27340563945,939383.0951129252,2776870.9851683155
L_logistic_d50_lam0.1_fc1e2,fixed_qmc_foc_newton,1.2848608122402575e-27,1.1436952793347477e-26,0.0063004087123204044,5.874793594743903e-06
L_logistic_d50_lam0.1_fc1e4,fixed_qmc_foc_newton,3.1640162153090867e-26,1.4885381214770724e-25,0.003389007245971243,2.847817612607629e-06
L_logistic_d50_lam1_fc1e0,fixed_qmc_foc_newton,264256.0591126148,264729.51315200824,88367.9689919359,264250.5112072131
L_logistic_d50_lam1_fc1e2,fixed_qmc_foc_newton,9.756899057942336e-28,3.1631558308379196e-27,0.005547525331337511,5.2831477209601235e-06
L_logistic_d50_lam1_fc1e4,fixed_qmc_foc_newton,2.122760221975971e-27,6.49572842734992e-27,0.0022824965496965888,6.95398286742619e-07
L_logistic_smoke,fixed_qmc_foc_newton,1.0788125089480163e-29,8.845993709702565e-29,2.7967207747892076e-05,8.51051083797138e-06
M_affine_metric_d10_h0.005,exact,0.0,0.0,,
M_affine_metric_d10_h0.01,exact,0.0,0.0,,
M_affine_metric_d10_h0.02,exact,0.0,0.0,,
M_affine_metric_d10_h0.04,exact,0.0,0.0,,
M_affine_metric_d2_h0.005,exact,0.0,0.0,,
M_affine_metric_d2_h0.01,exact,0.0,0.0,,
M_affine_metric_d2_h0.02,exact,0.0,0.0,,
M_affine_metric_d2_h0.04,exact,0.0,0.0,,
M_affine_metric_d5,exact,0.0,0.0,,
M_affine_metric_d5_h0.005,exact,0.0,0.0,,
M_affine_metric_d5_h0.01,exact,0.0,0.0,,
M_affine_metric_d5_h0.02,exact,0.0,0.0,,
M_affine_metric_d5_h0.04,exact,0.0,0.0,,
