experiment,job_id,method,kappa_star,certified_step,largest_stable_multiple,best_multiple,best_terminal_gap,oracle_pairs,wall_time_seconds
C,C_diao_gaussian_d10,FB--GVI,1.0,1.0000000000000004,1.0,1.0,21.310081388691025,500.0,0.2492029819986783
C,C_diao_gaussian_d10,FR--KL,1.0,1.0,2.0,1.0,5.7620582649737474e-18,500.0,0.2842168309725821
C,C_diao_gaussian_d10,FR--R,1.0,0.5,4.0,2.0,9.39498826430547e-18,500.0,0.2802043710253201
D,D_logcosh_d10_k100_rho0.1,FB--GVI,11.0,2.3393250373047323,2.0,1.0,0.0074995523790999,400.0,1.5346039140131325
D,D_logcosh_d10_k100_rho0.1,FR--KL,11.0,0.0909090909090908,16.0,0.5,0.0081738642641013,400.0,1.7733464479679242
D,D_logcosh_d10_k100_rho0.1,FR--R,11.0,0.0454545454545454,32.0,1.0,0.0083272234456401,400.0,1.699847168987617
D,D_logcosh_d10_k100_rho1,FB--GVI,101.0,0.851955272943059,4.0,1.0,0.0001057468712026,400.0,1.5262367239920422
D,D_logcosh_d10_k100_rho1,FR--KL,101.0,0.0099009900990099,128.0,8.0,1.234568003383174e-13,400.0,1.5714273530174978
D,D_logcosh_d10_k100_rho1,FR--R,101.0,0.00495049504950495,1024.0,16.0,1.5987211554602254e-13,400.0,1.6800745599903166
D,D_logcosh_d10_k100_rho5,FB--GVI,501.0,0.1914809902398001,2.0,1.0,2.713370705009765e-06,400.0,1.5180674250004813
D,D_logcosh_d10_k100_rho5,FR--KL,501.0,0.001996007984031936,512.0,256.0,-2.664535259100376e-15,400.0,1.569300053990446
D,D_logcosh_d10_k100_rho5,FR--R,501.0,0.000998003992015968,1024.0,512.0,-2.664535259100376e-15,400.0,1.67121528001735
D,D_logcosh_d10_k10_rho0.1,FB--GVI,2.0,1.340560936267826,2.0,1.0,0.00012430252902,400.0,1.637609361030627
D,D_logcosh_d10_k10_rho0.1,FR--KL,2.0,0.5,4.0,2.0,3.296769079952355e-08,400.0,1.6613389300182462
D,D_logcosh_d10_k10_rho0.1,FR--R,2.0,0.25,8.0,2.0,3.2967685470453034e-08,400.0,1.6569065499934368
D,D_logcosh_d10_k10_rho1,FB--GVI,11.0,0.8140076002573173,4.0,1.0,2.766889437388897e-05,400.0,1.545109114027582
D,D_logcosh_d10_k10_rho1,FR--KL,11.0,0.09090909090909091,16.0,8.0,-3.552713678800501e-15,400.0,1.7019953290000558
D,D_logcosh_d10_k10_rho1,FR--R,11.0,0.04545454545454545,32.0,4.0,-4.440892098500626e-15,400.0,1.6772784200147726
D,D_logcosh_d10_k10_rho5,FB--GVI,51.0,0.1898367277362146,2.0,1.0,7.916889401826666e-07,400.0,1.5193672149907798
D,D_logcosh_d10_k10_rho5,FR--KL,51.0,0.019607843137254905,64.0,16.0,-3.996802888650564e-15,400.0,1.6113811219693162
D,D_logcosh_d10_k10_rho5,FR--R,51.0,0.00980392156862745,2048.0,8.0,-4.884981308350689e-15,400.0,1.6616366499802098
D,D_logcosh_d10_k1_rho0.1,FB--GVI,1.1042932735676307,0.9090909090909096,2.0,1.0,7.758750708575236e-08,400.0,1.6680508099962026
D,D_logcosh_d10_k1_rho0.1,FR--KL,1.1042932735676307,0.9055565436610128,2.0,0.5,-3.552713678800501e-15,400.0,1.6943677199888043
D,D_logcosh_d10_k1_rho0.1,FR--R,1.1042932735676307,0.4527782718305064,4.0,0.5,-3.552713678800501e-15,400.0,1.7629709470202215
D,D_logcosh_d10_k1_rho1,FB--GVI,2.0320229749103684,0.5000000000000001,2.0,1.0,1.0647118573459124e-06,400.0,1.5404160040197894
D,D_logcosh_d10_k1_rho1,FR--KL,2.0320229749103684,0.4921204200676464,4.0,0.125,-2.664535259100376e-15,400.0,1.6407769909710623
D,D_logcosh_d10_k1_rho1,FR--R,2.0320229749103684,0.2460602100338234,256.0,2.0,-6.217248937900877e-15,400.0,1.665515750006307
D,D_logcosh_d10_k1_rho5,FB--GVI,6.03181678827307,0.1666666666666667,2.0,1.0,8.006655476533453e-05,400.0,1.522716503997799
D,D_logcosh_d10_k1_rho5,FR--KL,6.03181678827307,0.1657875288825381,8.0,1.0,-3.1086244689504387e-15,400.0,1.699703179998323
D,D_logcosh_d10_k1_rho5,FR--R,6.03181678827307,0.082893764441269,16.0,1.0,-3.1086244689504387e-15,400.0,1.68973168899538
D,D_logcosh_d2_k100_rho0.1,FB--GVI,11.000000000000002,0.921425687064808,32.0,1.0,0.0018978300056629,400.0,1.3873452590196391
D,D_logcosh_d2_k100_rho0.1,FR--KL,11.000000000000002,0.0909090909090908,16.0,0.25,-0.0004380052563863,400.0,1.529441824008245
D,D_logcosh_d2_k100_rho0.1,FR--R,11.000000000000002,0.0454545454545454,32.0,0.5,-0.000503711106035,400.0,1.516646585019771
D,D_logcosh_d2_k100_rho1,FB--GVI,101.0,0.9900945443593996,16.0,2.0,1.2012613126444194e-13,400.0,1.3575772200128997
D,D_logcosh_d2_k100_rho1,FR--KL,101.0,0.0099009900990099,128.0,8.0,3.8413716652030416e-14,400.0,1.475062255980447
D,D_logcosh_d2_k100_rho1,FR--R,101.0,0.00495049504950495,256.0,16.0,6.905587213168475e-14,400.0,1.4981412960332818
D,D_logcosh_d2_k100_rho5,FB--GVI,501.0,0.1949748458502196,2.0,1.0,4.231966099776941e-07,400.0,1.385488378989976
D,D_logcosh_d2_k100_rho5,FR--KL,501.0,0.0019960079840319364,512.0,256.0,-1.2212453270876722e-15,400.0,1.3973735389881767
D,D_logcosh_d2_k100_rho5,FR--R,501.0,0.0009980039920159682,2048.0,512.0,-1.7763568394002505e-15,400.0,1.4717034560162574
D,D_logcosh_d2_k10_rho0.1,FB--GVI,2.0,3.5730031175349377,4.0,2.0,3.120866631789454e-08,400.0,1.4706981069757603
D,D_logcosh_d2_k10_rho0.1,FR--KL,2.0,0.5,4.0,2.0,3.120866365335928e-08,400.0,1.4985571350553073
D,D_logcosh_d2_k10_rho0.1,FR--R,2.0,0.25,8.0,1.0,3.120866365335928e-08,400.0,1.4509919870179149
D,D_logcosh_d2_k10_rho1,FB--GVI,11.0,0.8217439058368616,8.0,1.0,3.011005755837459e-07,400.0,1.353660469991155
D,D_logcosh_d2_k10_rho1,FR--KL,11.0,0.0909090909090909,16.0,16.0,-9.992007221626407e-15,400.0,1.5210379950003698
D,D_logcosh_d2_k10_rho1,FR--R,11.0,0.04545454545454545,32.0,8.0,-1.6875389974302383e-14,400.0,1.4987885460141115
D,D_logcosh_d2_k10_rho5,FB--GVI,50.99999999999999,0.1670421763757469,4.0,1.0,0.0001870430176443,400.0,1.35980928898789
D,D_logcosh_d2_k10_rho5,FR--KL,50.99999999999999,0.0196078431372549,64.0,4.0,-4.6629367034256575e-15,400.0,1.4632330359891057
D,D_logcosh_d2_k10_rho5,FR--R,50.99999999999999,0.009803921568627453,256.0,64.0,-4.551914400963142e-15,400.0,1.4565130670089277
D,D_logcosh_d2_k1_rho0.1,FB--GVI,1.1000000000000003,0.9090909090909094,1.0,1.0,9.121230926112389e-08,400.0,1.490275965014007
D,D_logcosh_d2_k1_rho0.1,FR--KL,1.1000000000000003,0.9090909090908992,2.0,0.125,-2.220446049250313e-16,400.0,1.561331433011219
D,D_logcosh_d2_k1_rho0.1,FR--R,1.1000000000000003,0.4545454545454496,4.0,2.0,-6.661338147750939e-16,400.0,1.4780792260426097
D,D_logcosh_d2_k1_rho1,FB--GVI,2.0000000000000004,0.4999999999999995,2.0,1.0,2.7788952559726358e-05,400.0,1.4813373050419614
D,D_logcosh_d2_k1_rho1,FR--KL,2.0000000000000004,0.4999999999999984,2.0,0.25,-2.664535259100376e-15,400.0,1.5141446350025944
D,D_logcosh_d2_k1_rho1,FR--R,2.0000000000000004,0.2499999999999992,8.0,1.0,-1.7763568394002505e-15,400.0,1.4870570260100069
D,D_logcosh_d2_k1_rho5,FB--GVI,6.0,0.1666666666666666,2.0,1.0,2.7918566838480707e-05,400.0,1.363721609057393
D,D_logcosh_d2_k1_rho5,FR--KL,6.0,0.1666666666666666,8.0,2.0,-3.552713678800501e-15,400.0,1.500540574954357
D,D_logcosh_d2_k1_rho5,FR--R,6.0,0.0833333333333333,512.0,2.0,-4.773959005888173e-15,400.0,1.488973815983627
D,D_logcosh_d50_k100_rho0.1,FB--GVI,11.0,2.360753605114286,2.0,1.0,0.1042028733487541,400.0,2.1263482259819284
D,D_logcosh_d50_k100_rho0.1,FR--KL,11.0,0.0909090909090908,16.0,0.5,0.0240149578481236,400.0,2.268414761987515
D,D_logcosh_d50_k100_rho0.1,FR--R,11.0,0.0454545454545454,32.0,1.0,0.0243419427756634,400.0,2.500435486028437
D,D_logcosh_d50_k100_rho1,FB--GVI,101.0,0.7376103421685934,4.0,1.0,0.0008476949338955,400.0,2.196130184980575
D,D_logcosh_d50_k100_rho1,FR--KL,101.0,0.0099009900990099,128.0,8.0,5.613287612504791e-13,400.0,2.290043351997156
D,D_logcosh_d50_k100_rho1,FR--R,101.0,0.00495049504950495,256.0,16.0,6.963318810448982e-13,400.0,2.3980990779818967
D,D_logcosh_d50_k100_rho5,FB--GVI,500.9999999999999,0.1892993293300896,2.0,1.0,0.0003134104040256,400.0,2.1020990569959395
D,D_logcosh_d50_k100_rho5,FR--KL,500.9999999999999,0.0019960079840319342,512.0,32.0,-1.4210854715202004e-14,400.0,2.247900942980777
D,D_logcosh_d50_k100_rho5,FR--R,500.9999999999999,0.000998003992015968,32768.0,1024.0,-1.7763568394002505e-14,400.0,2.26068257301813
D,D_logcosh_d50_k10_rho0.1,FB--GVI,2.0,1.7439303861832829,2.0,1.0,0.0002788816548076,400.0,2.108703827019781
D,D_logcosh_d50_k10_rho0.1,FR--KL,2.0,0.5,4.0,1.0,7.831179971162784e-08,400.0,2.431679837987758
D,D_logcosh_d50_k10_rho0.1,FR--R,2.0,0.25,8.0,1.0,7.831179971162784e-08,400.0,2.4623788759927265
D,D_logcosh_d50_k10_rho1,FB--GVI,11.0,0.7384887862185707,2.0,1.0,0.0001150031531658,400.0,2.106350307003595
D,D_logcosh_d50_k10_rho1,FR--KL,11.0,0.0909090909090909,16.0,2.0,-2.8421709430404014e-14,400.0,2.2460734029882587
D,D_logcosh_d50_k10_rho1,FR--R,11.0,0.045454545454545456,32.0,32.0,-1.7763568394002505e-14,400.0,2.5114831249811687
D,D_logcosh_d50_k10_rho5,FB--GVI,50.99999999999999,0.1851960884350753,2.0,1.0,0.000155603614548,400.0,2.115215187019203
D,D_logcosh_d50_k10_rho5,FR--KL,50.99999999999999,0.0196078431372549,64.0,16.0,-2.131628207280301e-14,400.0,2.2325586730148643
D,D_logcosh_d50_k10_rho5,FR--R,50.99999999999999,0.00980392156862745,2048.0,32.0,-1.7763568394002505e-14,400.0,2.4547087069950067
D,D_logcosh_d50_k1_rho0.1,FB--GVI,1.10434707713966,0.9090909090909072,2.0,1.0,2.419791265140248e-07,400.0,2.093518658017274
D,D_logcosh_d50_k1_rho0.1,FR--KL,1.10434707713966,0.9055124251246124,2.0,1.0,-1.0658141036401504e-14,400.0,2.432527077035047
D,D_logcosh_d50_k1_rho0.1,FR--R,1.10434707713966,0.4527562125623062,4.0,4.0,-2.131628207280301e-14,400.0,2.456439236004371
D,D_logcosh_d50_k1_rho1,FB--GVI,2.032416666911569,0.5000000000000003,2.0,1.0,4.97504622032352e-06,400.0,2.110998436983209
D,D_logcosh_d50_k1_rho1,FR--KL,2.032416666911569,0.4920250932204701,4.0,1.0,-1.4210854715202004e-14,400.0,2.348254220036324
D,D_logcosh_d50_k1_rho1,FR--R,2.032416666911569,0.2460125466102348,32.0,0.25,-1.7763568394002505e-14,400.0,2.4649613660294563
D,D_logcosh_d50_k1_rho5,FB--GVI,6.0322014718711445,0.1666666666666665,2.0,1.0,2.7350926750102644e-05,400.0,2.120713596988935
D,D_logcosh_d50_k1_rho5,FR--KL,6.0322014718711445,0.1657769563339546,8.0,0.5,-7.105427357601002e-15,400.0,2.3364962200284936
D,D_logcosh_d50_k1_rho5,FR--R,6.0322014718711445,0.0828884781669773,256.0,1.0,-8.881784197001252e-15,400.0,2.505087655037641
L,L_logistic_d100_lam0.1_fc1e0,FR--KL,49382.58913863104,1.7557391237807618e-05,512.0,512.0,-3863809.914091181,120.0,55.45777649700176
L,L_logistic_d100_lam0.1_fc1e0,FR--R,49382.58913863104,8.778695618903885e-06,65536.0,32768.0,-3863828.471760117,120.0,56.32099168200512
L,L_logistic_d100_lam0.1_fc1e2,FB--GVI,3798.332120462982,0.003723354833424,0.0625,0.0625,193.5779533569446,120.0,55.636131791980006
L,L_logistic_d100_lam0.1_fc1e2,FR--KL,3798.332120462982,0.00026329101811522267,2048.0,512.0,-1.6038029571063817e-08,120.0,57.60472977400059
L,L_logistic_d100_lam0.1_fc1e2,FR--R,3798.332120462982,0.00013164550905761134,4096.0,4096.0,0.0,120.0,56.17164658597903
L,L_logistic_d100_lam0.1_fc1e4,FR--KL,3131.7480445939614,0.0003193198950028082,512.0,512.0,-7.935341272968799e-11,120.0,56.910992334014736
L,L_logistic_d100_lam0.1_fc1e4,FR--R,3131.7480445939614,0.00015965994750140414,4096.0,4096.0,2.273736754432321e-13,120.0,55.469005646998994
L,L_logistic_d100_lam1_fc1e0,FB--GVI,2849.6935724714003,0.002265884318504,0.0625,0.0625,-361750.6948924736,120.0,54.64285025204299
L,L_logistic_d100_lam1_fc1e0,FR--KL,2849.6935724714003,0.0003537483809683131,2048.0,1024.0,-362368.2040243138,120.0,56.80288863700116
L,L_logistic_d100_lam1_fc1e0,FR--R,2849.6935724714003,0.00017687419048415657,4096.0,4096.0,-362368.20402431366,120.0,53.696863549004775
L,L_logistic_d100_lam1_fc1e2,FB--GVI,336.1886811695965,0.0037374800582924,4.0,1.0,0.5554845864626259,120.0,56.666995341016445
L,L_logistic_d100_lam1_fc1e2,FR--KL,336.1886811695965,0.002973963335795994,256.0,32.0,-8.801321200735401e-07,120.0,56.908296353998594
L,L_logistic_d100_lam1_fc1e2,FR--R,336.1886811695965,0.001486981667897997,512.0,128.0,-1.3478165783453733e-07,120.0,55.33311673102435
L,L_logistic_d100_lam1_fc1e4,FB--GVI,295.4213573510247,0.00372264376126,4.0,1.0,2.4054123793840745,120.0,56.53917287499644
L,L_logistic_d100_lam1_fc1e4,FR--KL,295.4213573510247,0.0033847824958143907,128.0,32.0,-8.86315092429868e-08,120.0,56.712586210051086
L,L_logistic_d100_lam1_fc1e4,FR--R,295.4213573510247,0.0016923912479071962,512.0,128.0,-3.7451914067787584e-06,120.0,54.7341694990173
L,L_logistic_d10_lam0.1_fc1e0,FB--GVI,683.9478107317375,0.024980515831498,8.0,0.25,-7.134204338399286e-09,200.0,16.8378776779864
L,L_logistic_d10_lam0.1_fc1e0,FR--KL,683.9478107317375,0.0014622348275583046,512.0,512.0,-1.4210854715202004e-14,200.0,16.650373113981914
L,L_logistic_d10_lam0.1_fc1e0,FR--KL--STL,683.9478107317375,0.0001827793534447875,64.0,64.0,0.0676659821670426,3200.0,9.026546610984951
L,L_logistic_d10_lam0.1_fc1e0,FR--R,683.9478107317375,0.0007311174137791523,1024.0,1024.0,0.0,200.0,16.4160188609967
L,L_logistic_d10_lam0.1_fc1e0,FR--R--STL,683.9478107317375,0.001462234827558303,64.0,64.0,0.0003915162139236,3200.0,8.723040901008062
L,L_logistic_d10_lam0.1_fc1e0,S--FB--GVI,683.9478107317375,0.024980515831498375,,10.00779974626347,83.83650327454723,3200.0,7.996818151033949
L,L_logistic_d10_lam0.1_fc1e2,FB--GVI,357.0092055019168,0.0374211919235889,4.0,1.0,0.0208019711029621,200.0,16.84534227801487
L,L_logistic_d10_lam0.1_fc1e2,FR--KL,357.0092055019168,0.0028009455603888248,256.0,256.0,0.0,200.0,16.487058667989913
L,L_logistic_d10_lam0.1_fc1e2,FR--KL--STL,357.0092055019168,0.0003501181950486016,64.0,64.0,0.0068285546983588,3200.0,8.80762020801194
L,L_logistic_d10_lam0.1_fc1e2,FR--R,357.0092055019168,0.0014004727801944122,512.0,256.0,0.0,200.0,16.768424590991344
L,L_logistic_d10_lam0.1_fc1e2,FR--R--STL,357.0092055019168,0.0028009455603888234,64.0,64.0,0.0003637478913844,3200.0,8.51397883601021
L,L_logistic_d10_lam0.1_fc1e2,S--FB--GVI,357.0092055019168,0.037421191923588906,6.68070649674869,6.68070649674869,13.12033974825144,3200.0,8.186914485995658
L,L_logistic_d10_lam0.1_fc1e4,FB--GVI,268.6304886466881,0.0406198764423424,4.0,1.0,0.0764793241013279,200.0,17.4553615989862
L,L_logistic_d10_lam0.1_fc1e4,FR--KL,268.6304886466881,0.003722615169619625,128.0,16.0,-1.0274874284732505e-08,200.0,17.779767200001515
L,L_logistic_d10_lam0.1_fc1e4,FR--KL--STL,268.6304886466881,0.00046532689620245313,64.0,64.0,0.0006835312494786,3200.0,8.949017413018737
L,L_logistic_d10_lam0.1_fc1e4,FR--R,268.6304886466881,0.0018613075848098125,256.0,32.0,-6.114703410275979e-09,200.0,17.714181212009862
L,L_logistic_d10_lam0.1_fc1e4,FR--R--STL,268.6304886466881,0.0037226151696196264,64.0,64.0,0.0001725877465901,3200.0,9.034885010973085
L,L_logistic_d10_lam0.1_fc1e4,S--FB--GVI,268.6304886466881,0.040619876442342405,6.154622364616513,6.154622364616513,11.302953144337607,3200.0,8.551789625023957
L,L_logistic_d10_lam1_fc1e0,FB--GVI,65.25998444418482,0.0250812277871544,4.0,1.0,0.0,200.0,17.02458668302279
L,L_logistic_d10_lam1_fc1e0,FR--KL,65.25998444418482,0.0153235402505068,64.0,4.0,-3.616993637933774e-08,200.0,17.248779725050554
L,L_logistic_d10_lam1_fc1e0,FR--KL--STL,65.25998444418482,0.00191544253131335,64.0,64.0,0.0001578830618882,3200.0,8.861928095982876
L,L_logistic_d10_lam1_fc1e0,FR--R,65.25998444418482,0.0076617701252534,128.0,8.0,-2.432484791370371e-08,200.0,18.54494891699869
L,L_logistic_d10_lam1_fc1e0,FR--R--STL,65.25998444418482,0.01532354025050681,16.314767730761925,16.314767730761925,0.0005037171152793,3200.0,8.734096258995123
L,L_logistic_d10_lam1_fc1e0,S--FB--GVI,65.25998444418482,0.025081227787154485,,9.967614110503758,142.076584900071,3200.0,7.728934390004724
L,L_logistic_d10_lam1_fc1e2,FB--GVI,31.77119869257238,0.047515979617789,4.0,1.0,-1.1218048712180462e-10,200.0,17.97958840400679
L,L_logistic_d10_lam1_fc1e2,FR--KL,31.77119869257238,0.03147643755276611,32.0,16.0,0.0,200.0,17.288348364993
L,L_logistic_d10_lam1_fc1e2,FR--KL--STL,31.77119869257238,0.003934554694095764,63.53959200901508,63.53959200901508,0.0001602344978977,3200.0,8.442680068023037
L,L_logistic_d10_lam1_fc1e2,FR--R,31.77119869257238,0.01573821877638305,64.0,16.0,-1.4210854715202004e-14,200.0,18.063596781983502
L,L_logistic_d10_lam1_fc1e2,FR--R--STL,31.77119869257238,0.031476437552766114,7.942449001126885,7.942449001126885,0.0001911971804986,3200.0,8.381421021011192
L,L_logistic_d10_lam1_fc1e2,S--FB--GVI,31.77119869257238,0.04751597961778906,,5.261387895418762,44.121608575429946,3200.0,7.893905244010966
L,L_logistic_d10_lam1_fc1e4,FB--GVI,27.66913684967041,0.037062507477253,2.0,1.0,1.545933514535136e-08,200.0,17.329035394010134
L,L_logistic_d10_lam1_fc1e4,FR--KL,27.66913684967041,0.03614156535334775,16.0,2.0,-1.041826180880889e-09,200.0,16.998537392995786
L,L_logistic_d10_lam1_fc1e4,FR--KL--STL,27.66913684967041,0.004517695669168473,55.33794622469889,55.33794622469889,1.15640773543646e-05,3200.0,8.642887772002723
L,L_logistic_d10_lam1_fc1e4,FR--R,27.66913684967041,0.018070782676673874,32.0,4.0,-3.927453917640378e-10,200.0,18.695220533001702
L,L_logistic_d10_lam1_fc1e4,FR--R--STL,27.66913684967041,0.03614156535334778,6.917243278087361,6.917243278087361,1.3735607652165529e-05,3200.0,8.62706851301482
L,L_logistic_d10_lam1_fc1e4,S--FB--GVI,27.66913684967041,0.03706250747725304,,6.745361202380505,39.05704693814698,3200.0,7.965276031987742
L,L_logistic_d50_lam0.1_fc1e0,FR--KL,29335.707476313703,0.0002952013684436,1.0,1.0,-939060.2775707562,200.0,86.81113741203444
L,L_logistic_d50_lam0.1_fc1e0,FR--R,29335.707476313703,0.00014760068422180273,4096.0,512.0,-939383.1521388524,200.0,90.52041184302652
L,L_logistic_d50_lam0.1_fc1e2,FR--KL,1676.7906415473544,0.0005962510808616,2.0,2.0,37.01581809804094,200.0,90.70368121704088
L,L_logistic_d50_lam0.1_fc1e2,FR--R,1676.7906415473544,0.00029812554043080584,2048.0,256.0,-1.5681450804549968e-08,200.0,95.07379444601249
L,L_logistic_d50_lam0.1_fc1e4,FR--KL,1435.9230406534969,0.00069638644834775,2.0,2.0,25.44250929625713,200.0,91.84185117302697
L,L_logistic_d50_lam0.1_fc1e4,FR--R,1435.9230406534969,0.0003481932241738801,1024.0,1024.0,-1.1368683772161605e-13,200.0,89.2507574299816
L,L_logistic_d50_lam1_fc1e0,FR--KL,949.1804440245542,0.0009696507042639,2.0,2.0,-88317.0589006284,200.0,88.16342578304466
L,L_logistic_d50_lam1_fc1e0,FR--R,949.1804440245542,0.0004848253521319691,1024.0,1024.0,-88367.95866103604,200.0,89.89336554100737
L,L_logistic_d50_lam1_fc1e2,FR--KL,176.62525669367656,0.005662425378540168,16.0,16.0,-6.71775524097029e-10,200.0,92.50798844301607
L,L_logistic_d50_lam1_fc1e2,FR--R,176.62525669367656,0.002831212689270084,256.0,32.0,-5.496190169651527e-10,200.0,93.04016015701929
L,L_logistic_d50_lam1_fc1e4,FR--KL,132.56801051844494,0.007543520403222156,16.0,16.0,6.821210263296962e-13,200.0,90.20864517200972
L,L_logistic_d50_lam1_fc1e4,FR--R,132.56801051844494,0.003771760201611078,256.0,32.0,-2.387423592153937e-12,200.0,90.80116284399992
