method,iteration,dispersion,median_distance,seeds
BBVI--STL,0,2.2584051416334807e-16,1.3300109052715507,30
BBVI--STL,1,0.004998160148289872,1.2794255167091177,30
BBVI--STL,2,0.013719311913433153,1.2349919327444643,30
BBVI--STL,3,0.020243058266322587,1.1890153655719087,30
BBVI--STL,4,0.02677353277467996,1.1524402814135106,30
BBVI--STL,5,0.03201626750491708,1.1155035686988026,30
BBVI--STL,6,0.033763679896906935,1.0860152278911404,30
BBVI--STL,7,0.03849497879396502,1.0575317233054218,30
BBVI--STL,8,0.0415335104941603,1.030638995602884,30
BBVI--STL,9,0.043409900608579716,1.0018071772376171,30
BBVI--STL,10,0.049663685519497944,0.9753002260771011,30
BBVI--STL,11,0.053241680785404664,0.950607167728226,30
BBVI--STL,12,0.05317715441512012,0.9240754958025736,30
BBVI--STL,13,0.05725574374520362,0.8909230453368029,30
BBVI--STL,14,0.05405387326182301,0.8797334204540228,30
BBVI--STL,15,0.053242413674191094,0.8507401643716551,30
BBVI--STL,16,0.04398958623443956,0.8407008910029918,30
BBVI--STL,17,0.040435684412306924,0.8239263176351732,30
BBVI--STL,18,0.0410374255564027,0.8065416161871476,30
BBVI--STL,19,0.042026046722963055,0.7922264565768571,30
BBVI--STL,20,0.0415316595329509,0.7716427689995825,30
BBVI--STL,21,0.04140941555194672,0.7483576933580718,30
BBVI--STL,22,0.03408175049057382,0.733654571955053,30
BBVI--STL,23,0.0309403418719419,0.7201522278528341,30
BBVI--STL,24,0.02957219989084745,0.7087960163732714,30
BBVI--STL,25,0.03220273521858557,0.6994931427564168,30
BBVI--STL,26,0.03327573406352603,0.6870676966239011,30
BBVI--STL,27,0.03252240050349166,0.6712868222311483,30
BBVI--STL,28,0.03060944504220065,0.6619298913615239,30
BBVI--STL,29,0.029993010713230572,0.6531182386707682,30
BBVI--STL,30,0.026833312559538695,0.6404091872395279,30
BBVI--STL,31,0.02765804384531805,0.6284216859635625,30
BBVI--STL,32,0.02702887310743963,0.6156748576871217,30
BBVI--STL,33,0.027502659991774633,0.6022828265363354,30
BBVI--STL,34,0.024004470106299712,0.5919573495325552,30
BBVI--STL,35,0.022605153621310266,0.5812539299875137,30
BBVI--STL,36,0.023118544114641985,0.571708909409911,30
BBVI--STL,37,0.022578906670086992,0.561119525446913,30
BBVI--STL,38,0.022657249450089234,0.5488088627214678,30
BBVI--STL,39,0.02322018046869135,0.5418919908024081,30
BBVI--STL,40,0.023250162686365573,0.5340329432203613,30
BBVI--STL,41,0.021214956186299556,0.5274588917802094,30
BBVI--STL,42,0.020773225472451945,0.5224872310761215,30
BBVI--STL,43,0.020391278606039388,0.5125165929923791,30
BBVI--STL,44,0.01858439001743176,0.5044472881818787,30
BBVI--STL,45,0.016070593131728608,0.497672019431169,30
BBVI--STL,46,0.01495906404093423,0.4919163629333464,30
BBVI--STL,47,0.014796100783559469,0.4816926463945381,30
BBVI--STL,48,0.015410714820381869,0.47692849469121057,30
BBVI--STL,49,0.014480882862052246,0.4707711493488708,30
BBVI--STL,50,0.013332936206546993,0.46360881008886534,30
BBVI--STL,51,0.012800886536273927,0.4564751404389017,30
BBVI--STL,52,0.01206772626267628,0.4517250465351583,30
BBVI--STL,53,0.011480205362081428,0.4452957515476481,30
BBVI--STL,54,0.011707812799682119,0.4389109314295786,30
BBVI--STL,55,0.011254100394754132,0.43485964973796015,30
BBVI--STL,56,0.011391612128769487,0.42949773674214897,30
BBVI--STL,57,0.010738813086694115,0.42546312695175514,30
BBVI--STL,58,0.010684222115168696,0.4197048366604388,30
BBVI--STL,59,0.010294935263943513,0.41499349490067394,30
BBVI--STL,60,0.009672820331356125,0.40875270329859226,30
BBVI--STL,61,0.009860949964251828,0.40398856877238004,30
BBVI--STL,62,0.009865152420455594,0.3998398818474689,30
BBVI--STL,63,0.009684953024684145,0.3956569505375155,30
BBVI--STL,64,0.009091557299674336,0.39138606728787817,30
BBVI--STL,65,0.008657705201681683,0.3847284866714611,30
BBVI--STL,66,0.008378704419890427,0.3831938938672518,30
BBVI--STL,67,0.007788006557393755,0.3781319940430363,30
BBVI--STL,68,0.007996655273240423,0.3738871817734391,30
BBVI--STL,69,0.007710680693077027,0.3704580982926515,30
BBVI--STL,70,0.008111944172277593,0.36724730329904687,30
BBVI--STL,71,0.008261494292969625,0.36361379904775876,30
BBVI--STL,72,0.008563311314749683,0.36033383107701633,30
BBVI--STL,73,0.008117404321321721,0.3543332845614245,30
BBVI--STL,74,0.007826368652628996,0.3524403900794886,30
BBVI--STL,75,0.007688798632366919,0.3478315956729171,30
BBVI--STL,76,0.007679217400499295,0.3442285140934135,30
BBVI--STL,77,0.007455703437363133,0.33895634171928685,30
BBVI--STL,78,0.007530288446409124,0.33524632223873274,30
BBVI--STL,79,0.007545760411735916,0.33107480852108406,30
BBVI--STL,80,0.0073912051396580565,0.329032692686696,30
BBVI--STL,81,0.0073833423793128235,0.32567696169313076,30
BBVI--STL,82,0.007393447079886076,0.3225333459723822,30
BBVI--STL,83,0.0070558808494719455,0.3193696777510303,30
BBVI--STL,84,0.007171843195157136,0.31596307224676373,30
BBVI--STL,85,0.006909069502141111,0.3136078634704621,30
BBVI--STL,86,0.006919381618701532,0.311080790139462,30
BBVI--STL,87,0.0066333068885997305,0.3077815338097255,30
BBVI--STL,88,0.006658248009039994,0.30497570758586046,30
BBVI--STL,89,0.006442504050699892,0.3025170346727268,30
BBVI--STL,90,0.0064181871082956065,0.29978674563478347,30
BBVI--STL,91,0.006172515340620008,0.29747956290551175,30
BBVI--STL,92,0.006309755018605794,0.2944362878377119,30
BBVI--STL,93,0.006011327740063612,0.29226083510037393,30
BBVI--STL,94,0.005977170056638491,0.29011908727467,30
BBVI--STL,95,0.006136824900014881,0.28746759811794476,30
BBVI--STL,96,0.006061035906508471,0.28386626542554316,30
BBVI--STL,97,0.005450869871482029,0.28110723249702396,30
BBVI--STL,98,0.005260082719516298,0.2786943955992196,30
BBVI--STL,99,0.005413107466834094,0.2762453073895612,30
BBVI--STL,100,0.005226692914364242,0.27362518141411146,30
BBVI--STL,101,0.005318697467559671,0.2706392527813834,30
BBVI--STL,102,0.005189189958682813,0.2686623770914265,30
BBVI--STL,103,0.005262234151076759,0.26613839423011715,30
BBVI--STL,104,0.0048045860363166385,0.26376934158533955,30
BBVI--STL,105,0.004603612368725945,0.26178832936542473,30
BBVI--STL,106,0.004584354017062509,0.2600398774671435,30
BBVI--STL,107,0.004602492826335056,0.25811495405118645,30
BBVI--STL,108,0.004567810737947162,0.2555215160632991,30
BBVI--STL,109,0.004617624222547702,0.2533370688657678,30
BBVI--STL,110,0.004752510420225737,0.2516167562646442,30
BBVI--STL,111,0.004867283157133482,0.24951208174259248,30
BBVI--STL,112,0.004880705413607233,0.24776383732383986,30
BBVI--STL,113,0.0050202981372071305,0.245081457987581,30
BBVI--STL,114,0.004941598100217712,0.2437045118675024,30
BBVI--STL,115,0.005097920268102145,0.2421132614730364,30
BBVI--STL,116,0.0051297646599227364,0.24054670583592197,30
BBVI--STL,117,0.005173640586632138,0.2387064445337958,30
BBVI--STL,118,0.005075246984693906,0.23758151047972897,30
BBVI--STL,119,0.004960188925905677,0.2356733804457406,30
BBVI--STL,120,0.00490595600561787,0.23363320123174097,30
BBVI--STL,121,0.004711140435269202,0.23241677343429268,30
BBVI--STL,122,0.004483129726912367,0.2303894146850139,30
BBVI--STL,123,0.004341583575434895,0.22905649217872304,30
BBVI--STL,124,0.004433451678345163,0.22732141411450435,30
BBVI--STL,125,0.004499460804785806,0.22580063430670774,30
BBVI--STL,126,0.004257776013064796,0.22464160141753664,30
BBVI--STL,127,0.004136780692688168,0.22264768494607073,30
BBVI--STL,128,0.00412821163412771,0.22123329663442357,30
BBVI--STL,129,0.004052695800009042,0.21940907212439562,30
BBVI--STL,130,0.004010392474933623,0.2179413913685596,30
BBVI--STL,131,0.0039272124555507675,0.21636003005562404,30
BBVI--STL,132,0.003830443585097494,0.21521650468601486,30
BBVI--STL,133,0.003965380643415543,0.21343070697894398,30
BBVI--STL,134,0.003730889009666986,0.21205156121841506,30
BBVI--STL,135,0.0037223863097866033,0.21071714014657167,30
BBVI--STL,136,0.003788671361662089,0.2091268308149009,30
BBVI--STL,137,0.0035309913798377258,0.2077599797411986,30
BBVI--STL,138,0.0035650392561412283,0.20648300915234874,30
BBVI--STL,139,0.0035762734828453926,0.20479208871877153,30
BBVI--STL,140,0.0033986979092746777,0.20350629517619317,30
BBVI--STL,141,0.003398511657792065,0.20259741943161266,30
BBVI--STL,142,0.0033779656239532603,0.20137017054843914,30
BBVI--STL,143,0.003355393133551925,0.20019995651845002,30
BBVI--STL,144,0.0031773636536098775,0.19921867516123487,30
BBVI--STL,145,0.003070966754372368,0.19819264781898574,30
BBVI--STL,146,0.0028777374686760346,0.19713755756728613,30
BBVI--STL,147,0.002887235335778515,0.19613280193512372,30
BBVI--STL,148,0.002916400723083509,0.1949705285421608,30
BBVI--STL,149,0.00286876995988317,0.19394036792227418,30
BBVI--STL,150,0.0028379511520006655,0.1926920474021509,30
BBVI--STL,151,0.002867032596464438,0.19162924519081198,30
BBVI--STL,152,0.002910720859407343,0.19063521254452404,30
BBVI--STL,153,0.002905198497171872,0.18982652680329964,30
BBVI--STL,154,0.0028260174825478464,0.18875483299513804,30
BBVI--STL,155,0.0028553133429870883,0.18779314727704924,30
BBVI--STL,156,0.0029228396431485687,0.18682294650225229,30
BBVI--STL,157,0.002939286267883472,0.18586073802231734,30
BBVI--STL,158,0.0029696773043275536,0.18458059696104845,30
BBVI--STL,159,0.0027397379526356773,0.18353904570729185,30
BBVI--STL,160,0.002740704659212293,0.1827774551762712,30
BBVI--STL,161,0.002765650038045881,0.18190756218855975,30
BBVI--STL,162,0.002701246800713124,0.18115319763667914,30
BBVI--STL,163,0.002736841926217634,0.18018201771758816,30
BBVI--STL,164,0.002769911804582968,0.179241525625999,30
BBVI--STL,165,0.0028601109250024816,0.178452782100031,30
BBVI--STL,166,0.0027928870828760584,0.17772068027090654,30
BBVI--STL,167,0.0027709507231423788,0.1764184448396203,30
BBVI--STL,168,0.002840087648045826,0.17565991369443956,30
BBVI--STL,169,0.0027198943268642276,0.1747949692724849,30
BBVI--STL,170,0.002541661994061256,0.17414167932538407,30
BBVI--STL,171,0.0025384903919195927,0.1733800898680955,30
BBVI--STL,172,0.0025714794452972403,0.17235169342686169,30
BBVI--STL,173,0.002606025011961625,0.17165676546169117,30
BBVI--STL,174,0.002530591045056238,0.17081006206985005,30
BBVI--STL,175,0.0025480483227165096,0.1702003804951853,30
BBVI--STL,176,0.002588501411253303,0.16933118334536515,30
BBVI--STL,177,0.0026185967402745296,0.16849007878354527,30
BBVI--STL,178,0.002605189605247605,0.1676871908269466,30
BBVI--STL,179,0.0026051898224164227,0.1671723439654273,30
BBVI--STL,180,0.0026271339757063315,0.1664240846178779,30
BBVI--STL,181,0.0024926408342372404,0.1657488816125055,30
BBVI--STL,182,0.002363143257596456,0.16487521373534886,30
BBVI--STL,183,0.002479171322186107,0.16426681134839155,30
BBVI--STL,184,0.0023467701479753995,0.16366322138014838,30
BBVI--STL,185,0.0022973731830414758,0.16267595183983155,30
BBVI--STL,186,0.0022786303877215734,0.1621456171933861,30
BBVI--STL,187,0.0022231703781262426,0.16145128516858023,30
BBVI--STL,188,0.0021618740845436055,0.16079552703595168,30
BBVI--STL,189,0.0021599773028705273,0.16020772043262282,30
BBVI--STL,190,0.002135363281559977,0.15946994353945282,30
BBVI--STL,191,0.0021451135644406,0.15869999579905283,30
BBVI--STL,192,0.0020811127393086486,0.15819746158869413,30
BBVI--STL,193,0.002019362184932865,0.15748166556119111,30
BBVI--STL,194,0.0019966946740208034,0.15683586196304952,30
BBVI--STL,195,0.0019364201144845099,0.1564255687449697,30
BBVI--STL,196,0.00196508782327613,0.15562537780519564,30
BBVI--STL,197,0.0019876026139973193,0.15518790241326308,30
BBVI--STL,198,0.0019584824020333937,0.15447690314852264,30
BBVI--STL,199,0.0019116878284330544,0.15383604973661205,30
BBVI--STL,200,0.001899474015947011,0.15319872841543625,30
BBVI--STL,201,0.0018650112399297327,0.1526553362154497,30
BBVI--STL,202,0.0018810364141945586,0.15210514677819284,30
BBVI--STL,203,0.0018644944522960062,0.151675345748451,30
BBVI--STL,204,0.0018752244031078004,0.1510949263784528,30
BBVI--STL,205,0.001833907052088614,0.1506256295277908,30
BBVI--STL,206,0.001796060052149999,0.15001134483008355,30
BBVI--STL,207,0.0017994978973741454,0.1494096643843556,30
BBVI--STL,208,0.0017746864644564157,0.14891563712963618,30
BBVI--STL,209,0.0017648840310310351,0.14830629937453918,30
BBVI--STL,210,0.0017596232919083838,0.1478545950047613,30
BBVI--STL,211,0.001751272875947711,0.14743231847365879,30
BBVI--STL,212,0.001692015190084716,0.1469025824585487,30
BBVI--STL,213,0.0016938844313427633,0.14655818552163563,30
BBVI--STL,214,0.0017014737466081384,0.14601604825138706,30
BBVI--STL,215,0.0016957423990187047,0.14543436434720716,30
BBVI--STL,216,0.0016934932325176828,0.14493492276172948,30
BBVI--STL,217,0.0016502716877338714,0.14444917229531407,30
BBVI--STL,218,0.0016597288400287547,0.14406394553249582,30
BBVI--STL,219,0.001545926680809501,0.14374359729299596,30
BBVI--STL,220,0.0015099430980857836,0.1433152991228931,30
BBVI--STL,221,0.0014740535773103507,0.14288242829818698,30
BBVI--STL,222,0.0014874195923627505,0.142383525398583,30
BBVI--STL,223,0.0014112268512320523,0.14195399904260989,30
BBVI--STL,224,0.0014277730367646155,0.14139389313195727,30
BBVI--STL,225,0.0014255679253131345,0.14098307372450064,30
BBVI--STL,226,0.00140632534012234,0.14054708375609792,30
BBVI--STL,227,0.0013638316634469287,0.14015518739390753,30
BBVI--STL,228,0.0013831881089588522,0.13969434631885208,30
BBVI--STL,229,0.0013731988606000183,0.13936959633069296,30
BBVI--STL,230,0.0013763499933370817,0.13900032990685696,30
BBVI--STL,231,0.001357037843454444,0.1385368685615844,30
BBVI--STL,232,0.0014062143144125,0.13804601716901926,30
BBVI--STL,233,0.0014156887680803639,0.13768171108379332,30
BBVI--STL,234,0.0013896392333817471,0.13730656250212936,30
BBVI--STL,235,0.0013703883503312507,0.13690246429089586,30
BBVI--STL,236,0.0013503421997144557,0.13644267934517207,30
BBVI--STL,237,0.0013470546150827318,0.1360747642981989,30
BBVI--STL,238,0.001305613791543467,0.13573439762319173,30
BBVI--STL,239,0.001311605378090949,0.1353503266687176,30
BBVI--STL,240,0.0012704320663712368,0.13494976885668403,30
BBVI--STL,241,0.0012680880761953086,0.1344794646732816,30
BBVI--STL,242,0.0012176103043000641,0.13409373553209708,30
BBVI--STL,243,0.0012394561910283547,0.13374379122186525,30
BBVI--STL,244,0.001207730326796942,0.13341410003352278,30
BBVI--STL,245,0.0011810041051633273,0.13313101242422576,30
BBVI--STL,246,0.0011602327254051973,0.13283198624246104,30
BBVI--STL,247,0.0011382980514631554,0.13249829964729604,30
BBVI--STL,248,0.0011423623081201586,0.13218862186191252,30
BBVI--STL,249,0.0011492710078404378,0.13185816980965695,30
BBVI--STL,250,0.0011736487218963316,0.13156251249487122,30
BBVI--STL,251,0.0011289699941680114,0.13121087734271586,30
BBVI--STL,252,0.0010919402309340013,0.13086925849485898,30
BBVI--STL,253,0.0010924474578586968,0.1304795237686327,30
BBVI--STL,254,0.001093464991723963,0.13009701024918913,30
BBVI--STL,255,0.0010753287494640856,0.12988766007629393,30
BBVI--STL,256,0.0010812208305976435,0.12956020411654218,30
BBVI--STL,257,0.0010368899011274353,0.12924758264169633,30
BBVI--STL,258,0.0010074034308958236,0.128999107090275,30
BBVI--STL,259,0.0010242420356111513,0.12871020260372976,30
BBVI--STL,260,0.0010152467967232098,0.12842004446194039,30
BBVI--STL,261,0.0010332496860468814,0.12804694830946942,30
BBVI--STL,262,0.0010207743941892126,0.12778845620662993,30
BBVI--STL,263,0.0009780331731072231,0.127518327843805,30
BBVI--STL,264,0.0009684524939563286,0.12721384695145713,30
BBVI--STL,265,0.0009724205181690686,0.12700143003928355,30
BBVI--STL,266,0.0009639999023880152,0.126679831790866,30
BBVI--STL,267,0.0009625292144479915,0.1264002564459923,30
BBVI--STL,268,0.0009548796078734293,0.1260621356670686,30
BBVI--STL,269,0.0009455430123872352,0.12578826755798664,30
BBVI--STL,270,0.000905739867167394,0.12553058239329706,30
BBVI--STL,271,0.0008918314355556491,0.12523217785338556,30
BBVI--STL,272,0.0008800592870129629,0.1250070849600728,30
BBVI--STL,273,0.0008915866309760487,0.12473692813209669,30
BBVI--STL,274,0.0008605761518413012,0.1243761584437584,30
BBVI--STL,275,0.0008587863126821506,0.12410755056760417,30
BBVI--STL,276,0.0008580540238573543,0.12380741514702309,30
BBVI--STL,277,0.0008449769096940858,0.12355258033952136,30
BBVI--STL,278,0.0008437821581204907,0.12328362125857695,30
BBVI--STL,279,0.0008166054738298303,0.12299360689455477,30
BBVI--STL,280,0.0008228308736456596,0.12274671494293034,30
BBVI--STL,281,0.0008387381867512203,0.12249007158330141,30
BBVI--STL,282,0.0008397620310017476,0.12216647155448106,30
BBVI--STL,283,0.0008406722089835743,0.12192401906088668,30
BBVI--STL,284,0.0008197735721821777,0.1216658610558577,30
BBVI--STL,285,0.0008049591816971737,0.12144700177939485,30
BBVI--STL,286,0.0008127311507019677,0.12118062567138449,30
BBVI--STL,287,0.0007902732241493716,0.12094901076813053,30
BBVI--STL,288,0.0007748350615174068,0.12070569913165785,30
BBVI--STL,289,0.0007641169419001345,0.12043467536319549,30
BBVI--STL,290,0.0007507824537028678,0.12022446893011597,30
BBVI--STL,291,0.0007442325183820491,0.12000331723208586,30
BBVI--STL,292,0.0007349704355836608,0.11977577019755821,30
BBVI--STL,293,0.0007418087908524776,0.11951416266216794,30
BBVI--STL,294,0.0007379535744543723,0.11927438115774652,30
BBVI--STL,295,0.0007532636536623844,0.11906272684329605,30
BBVI--STL,296,0.0007416372732866315,0.11881371398276142,30
BBVI--STL,297,0.0007236773654789027,0.1185520230327497,30
BBVI--STL,298,0.0007093515381646712,0.11827782986076499,30
BBVI--STL,299,0.000728042970530927,0.11804802900566984,30
BBVI--STL,300,0.0007139435088546037,0.11780034988279084,30
FR--KL--STL,0,2.2584051416334807e-16,1.3300109052715507,30
FR--KL--STL,1,7.332574659497182e-16,0.6650054526357752,30
FR--KL--STL,2,6.16424640073596e-16,0.3325027263178876,30
FR--KL--STL,3,1.1492213798622165e-15,0.1662513631589437,30
FR--KL--STL,4,9.38460356197887e-16,0.08312568157947184,30
FR--KL--STL,5,1.2895950719269562e-15,0.0415628407897357,30
FR--KL--STL,6,1.2767055994520945e-15,0.02078142039486755,30
FR--KL--STL,7,1.3223953051852232e-15,0.010390710197433449,30
FR--KL--STL,8,8.939572683782433e-16,0.00519535509871695,30
FR--KL--STL,9,9.611470484088358e-16,0.0025976775493584,30
FR--KL--STL,10,1.365054225630932e-15,0.0012988387746791,30
FR--KL--STL,11,1.4817747059078765e-15,0.00064941938734045,30
FR--KL--STL,12,1.45572046432645e-15,0.00032470969367045003,30
FR--KL--STL,13,1.4370366267998443e-15,0.0001623548468352,30
FR--KL--STL,14,1.1651447491890859e-15,8.117742341725713e-05,30
FR--KL--STL,15,1.5940023591502558e-15,4.058871170913532e-05,30
FR--KL--STL,16,1.223546015876161e-15,2.0294355853911716e-05,30
FR--KL--STL,17,1.0232871411897482e-15,1.014717792690135e-05,30
FR--KL--STL,18,9.661098275924899e-16,5.07358896360344e-06,30
FR--KL--STL,19,1.0888138746040395e-15,2.5367944817503062e-06,30
FR--KL--STL,20,7.442093248516285e-16,1.268397240882658e-06,30
FR--KL--STL,21,1.1711061875134701e-15,6.34198620325918e-07,30
FR--KL--STL,22,1.2538536613012308e-15,3.170993102173837e-07,30
FR--KL--STL,23,1.2221433856642285e-15,1.5854965506384619e-07,30
FR--KL--STL,24,1.1723455706326071e-15,7.927482740275083e-08,30
FR--KL--STL,25,9.499807624378758e-16,3.963741408645131e-08,30
FR--KL--STL,26,1.0070596006088974e-15,1.981870707340174e-08,30
FR--KL--STL,27,1.2320833843244614e-15,9.90935409916063e-09,30
FR--KL--STL,28,1.2107363128177582e-15,4.954677257383703e-09,30
FR--KL--STL,29,9.954069786157107e-16,2.4773388711384087e-09,30
FR--KL--STL,30,8.989684529314519e-16,1.2386691550844836e-09,30
FR--KL--STL,31,9.768389230240073e-16,6.193343329902901e-10,30
FR--KL--STL,32,5.650596201519546e-16,3.096669779637474e-10,30
FR--KL--STL,33,6.165033747913788e-16,1.5483374762214171e-10,30
FR--KL--STL,34,5.602981823649459e-16,7.74171344944673e-11,30
FR--KL--STL,35,5.959958078693012e-16,3.87084543323058e-11,30
FR--KL--STL,36,6.305637617156897e-16,1.9354130678363643e-11,30
FR--KL--STL,37,7.338873211178918e-16,9.67684941207532e-12,30
FR--KL--STL,38,6.842531511675998e-16,4.838461935868382e-12,30
FR--KL--STL,39,6.795042698639452e-16,2.4192554840549815e-12,30
FR--KL--STL,40,8.704660449093162e-16,1.2097081651721907e-12,30
FR--KL--STL,41,6.989564374522663e-16,6.048540591990377e-13,30
FR--KL--STL,42,7.543886228989156e-16,3.02387555876298e-13,30
FR--KL--STL,43,1.0136264066749946e-15,1.5158862199364102e-13,30
FR--KL--STL,44,7.244228888296388e-16,7.593120575537169e-14,30
FR--KL--STL,45,1.0389979986212053e-15,3.8898302860705144e-14,30
FR--KL--STL,46,9.403686494347064e-16,2.1052098364170733e-14,30
FR--KL--STL,47,8.374374300835851e-16,1.3303273534780838e-14,30
FR--KL--STL,48,6.497809130813001e-16,9.994325776475411e-15,30
FR--KL--STL,49,8.300728785583412e-16,1.0802344524986102e-14,30
FR--KL--STL,50,8.828030956888058e-16,9.244611008473603e-15,30
FR--KL--STL,51,6.032287307988471e-16,9.162185709441532e-15,30
FR--KL--STL,52,4.881035320531419e-16,9.320572461889014e-15,30
FR--KL--STL,53,3.528269620197837e-16,9.02224459620602e-15,30
FR--KL--STL,54,3.730323698795632e-16,8.83375212832845e-15,30
FR--KL--STL,55,3.255407622532244e-16,8.586920347403375e-15,30
FR--KL--STL,56,5.562438763805039e-16,8.099761133923146e-15,30
FR--KL--STL,57,3.9451963562495914e-16,8.229239460542449e-15,30
FR--KL--STL,58,7.614981559324605e-16,8.616465030453555e-15,30
FR--KL--STL,59,6.263258988586327e-16,8.524560306672443e-15,30
FR--KL--STL,60,6.74468048955259e-16,9.08866674714571e-15,30
FR--KL--STL,61,9.267043260229917e-16,9.302429881434285e-15,30
FR--KL--STL,62,5.945758287002323e-16,8.487203360415492e-15,30
FR--KL--STL,63,9.301895233683037e-16,8.622224691623328e-15,30
FR--KL--STL,64,7.508728984524347e-16,7.967865988748572e-15,30
FR--KL--STL,65,4.087596404569796e-16,7.703641448480948e-15,30
FR--KL--STL,66,7.015960059075643e-16,7.874243819763381e-15,30
FR--KL--STL,67,5.813519208445031e-16,8.184814153324275e-15,30
FR--KL--STL,68,6.483426682394597e-16,8.01737402464769e-15,30
FR--KL--STL,69,4.988224600964569e-16,8.379096141428924e-15,30
FR--KL--STL,70,5.117845993637098e-16,8.366983226786577e-15,30
FR--KL--STL,71,3.6996375551866235e-16,8.655987872297165e-15,30
FR--KL--STL,72,4.30761830861481e-16,9.348120969902939e-15,30
FR--KL--STL,73,5.226002236326226e-16,9.411880019968687e-15,30
FR--KL--STL,74,4.704088038023475e-16,9.142312226017928e-15,30
FR--KL--STL,75,5.892119409619363e-16,9.320986197293179e-15,30
FR--KL--STL,76,5.68927658472123e-16,8.867718461293755e-15,30
FR--KL--STL,77,3.7180588825514526e-16,8.504410718756089e-15,30
FR--KL--STL,78,5.06153247177634e-16,8.388876200531815e-15,30
FR--KL--STL,79,4.459169020556891e-16,8.621980962519034e-15,30
FR--KL--STL,80,7.624351165266402e-16,9.368952325623721e-15,30
FR--KL--STL,81,6.82343976585795e-16,8.49759239561141e-15,30
FR--KL--STL,82,5.898420976874934e-16,7.841590562289144e-15,30
FR--KL--STL,83,4.0256253961083925e-16,7.9697769323457e-15,30
FR--KL--STL,84,8.935988822113836e-16,8.055602808362751e-15,30
FR--KL--STL,85,4.589441956870624e-16,7.880356491345034e-15,30
FR--KL--STL,86,3.2780728445669354e-16,8.198806568613546e-15,30
FR--KL--STL,87,4.687269701048319e-16,8.081966654391861e-15,30
FR--KL--STL,88,4.0558528706249987e-16,8.055064890169191e-15,30
FR--KL--STL,89,4.17674545438551e-16,7.97098414195031e-15,30
FR--KL--STL,90,3.5144576329946566e-16,7.795059096087185e-15,30
FR--KL--STL,91,3.715764751771482e-16,7.711079278212366e-15,30
FR--KL--STL,92,3.227696901849217e-16,8.045924536787881e-15,30
FR--KL--STL,93,4.506254782133948e-16,8.122556640461218e-15,30
FR--KL--STL,94,4.025110025384235e-16,8.435819905567315e-15,30
FR--KL--STL,95,3.779937835472258e-16,9.195160462908808e-15,30
FR--KL--STL,96,6.233453396670475e-16,8.297263013468526e-15,30
FR--KL--STL,97,6.251686581474019e-16,8.142344288629906e-15,30
FR--KL--STL,98,5.058450011092166e-16,9.267311124406934e-15,30
FR--KL--STL,99,6.277847470500036e-16,8.742159187085352e-15,30
FR--KL--STL,100,5.401805860766122e-16,8.535629282880802e-15,30
FR--KL--STL,101,5.012909456011875e-16,8.899493910378155e-15,30
FR--KL--STL,102,4.534272605499081e-16,8.626837355923785e-15,30
FR--KL--STL,103,3.9793039140534226e-16,8.484220956481831e-15,30
FR--KL--STL,104,5.229486580747292e-16,8.859394844013685e-15,30
FR--KL--STL,105,4.450219121907781e-16,8.738044029563305e-15,30
FR--KL--STL,106,4.11686816978085e-16,8.96635696158849e-15,30
FR--KL--STL,107,3.2558828876891343e-16,8.574943119273126e-15,30
FR--KL--STL,108,2.8236062671169524e-16,8.310209067712827e-15,30
FR--KL--STL,109,2.0009719807472035e-16,8.348090944690158e-15,30
FR--KL--STL,110,2.395823815091584e-16,8.257533026392506e-15,30
FR--KL--STL,111,3.67885367925341e-16,8.54921322392757e-15,30
FR--KL--STL,112,2.562540501946799e-16,8.572183711205895e-15,30
FR--KL--STL,113,3.842923426950215e-16,8.153107353444242e-15,30
FR--KL--STL,114,4.639989727900016e-16,8.31567166483085e-15,30
FR--KL--STL,115,4.0767581979361586e-16,8.000234750440392e-15,30
FR--KL--STL,116,4.058709923341097e-16,8.397973336857913e-15,30
FR--KL--STL,117,6.485732748906009e-16,8.074184259070174e-15,30
FR--KL--STL,118,7.589052012676082e-16,8.14098685660274e-15,30
FR--KL--STL,119,3.425893300885161e-16,8.678965260643309e-15,30
FR--KL--STL,120,5.469225363933919e-16,8.773187097565882e-15,30
FR--KL--STL,121,4.226982026429579e-16,9.21094917180865e-15,30
FR--KL--STL,122,9.520600353428884e-16,9.00122999301785e-15,30
FR--KL--STL,123,1.0157152408574874e-15,9.224191126607455e-15,30
FR--KL--STL,124,6.984097722569977e-16,8.493469709062182e-15,30
FR--KL--STL,125,2.5418546272503704e-16,9.000438787875427e-15,30
FR--KL--STL,126,3.88745547338248e-16,9.304548216282967e-15,30
FR--KL--STL,127,4.842193739671848e-16,9.225557814418036e-15,30
FR--KL--STL,128,8.364435403974973e-16,1.0485222559692294e-14,30
FR--KL--STL,129,7.519441399043157e-16,9.84840311969651e-15,30
FR--KL--STL,130,8.16255020115815e-16,1.0544102007761228e-14,30
FR--KL--STL,131,1.1137357156276933e-15,1.0163631819086753e-14,30
FR--KL--STL,132,8.154530304653531e-16,9.553156306056769e-15,30
FR--KL--STL,133,4.863411311267523e-16,8.534558857150706e-15,30
FR--KL--STL,134,4.491455331333455e-16,8.267132245516953e-15,30
FR--KL--STL,135,5.767340593246123e-16,8.862278378062687e-15,30
FR--KL--STL,136,7.290792856635166e-16,9.594914896526666e-15,30
FR--KL--STL,137,8.179266930255342e-16,8.778588193885457e-15,30
FR--KL--STL,138,8.021705788767517e-16,8.44545874967449e-15,30
FR--KL--STL,139,5.372889160865538e-16,8.084917629823997e-15,30
FR--KL--STL,140,5.15225079152349e-16,8.10319383924702e-15,30
FR--KL--STL,141,5.972079791344307e-16,7.92289591463695e-15,30
FR--KL--STL,142,5.599026642079558e-16,8.105874859275707e-15,30
FR--KL--STL,143,3.3175747052511296e-16,8.50353702397524e-15,30
FR--KL--STL,144,7.714085026552205e-16,8.392522029932428e-15,30
FR--KL--STL,145,6.371106888752828e-16,8.32292107751471e-15,30
FR--KL--STL,146,6.230994183471285e-16,8.559581764064446e-15,30
FR--KL--STL,147,6.787177004348475e-16,8.404606826894267e-15,30
FR--KL--STL,148,7.111135064608157e-16,8.960043902708632e-15,30
FR--KL--STL,149,1.2457979218033467e-15,8.117735546622167e-15,30
FR--KL--STL,150,1.0861550538592361e-15,7.685876127453812e-15,30
FR--KL--STL,151,3.574260076251726e-16,7.72462904371125e-15,30
FR--KL--STL,152,2.229502980944385e-16,7.882078284824618e-15,30
FR--KL--STL,153,3.8381334687807326e-16,8.241396081449396e-15,30
FR--KL--STL,154,3.5481187540761947e-16,7.665062567130666e-15,30
FR--KL--STL,155,4.342423236009579e-16,7.503839345821338e-15,30
FR--KL--STL,156,6.34973849544596e-16,8.374285137996096e-15,30
FR--KL--STL,157,3.9586318077887684e-16,8.248993017012096e-15,30
FR--KL--STL,158,4.240139457603931e-16,8.175067706387165e-15,30
FR--KL--STL,159,6.390782133106594e-16,8.364072702430083e-15,30
FR--KL--STL,160,3.127567076161221e-16,8.558714052347989e-15,30
FR--KL--STL,161,4.3289972955039957e-16,8.375324498364883e-15,30
FR--KL--STL,162,5.305325537851234e-16,8.503756096851177e-15,30
FR--KL--STL,163,1.1168788105209968e-15,7.938369437805688e-15,30
FR--KL--STL,164,6.491465361516403e-16,8.804009087313001e-15,30
FR--KL--STL,165,7.80750411409127e-16,9.273266552368181e-15,30
FR--KL--STL,166,1.0305814904823622e-15,9.07582323640142e-15,30
FR--KL--STL,167,3.584497621119292e-16,9.989010965453063e-15,30
FR--KL--STL,168,4.469166372965328e-16,9.0160611258784e-15,30
FR--KL--STL,169,4.1952815118963323e-16,8.417498846749998e-15,30
FR--KL--STL,170,3.9029617706828453e-16,8.151544500544375e-15,30
FR--KL--STL,171,3.6230399857302025e-16,7.873008306773207e-15,30
FR--KL--STL,172,2.6466543836227536e-16,8.25340724887015e-15,30
FR--KL--STL,173,3.922616651408095e-16,8.411195741549805e-15,30
FR--KL--STL,174,3.747979144970192e-16,8.43984273627475e-15,30
FR--KL--STL,175,4.1250893045358237e-16,8.566343293086231e-15,30
FR--KL--STL,176,2.583376556575004e-16,7.908334387758574e-15,30
FR--KL--STL,177,3.749502443955638e-16,8.309697292330223e-15,30
FR--KL--STL,178,5.684263754520362e-16,8.027969273002407e-15,30
FR--KL--STL,179,5.283581882564086e-16,7.97089196587739e-15,30
FR--KL--STL,180,5.095772197582434e-16,8.310019576954207e-15,30
FR--KL--STL,181,3.482276118445905e-16,7.70476191753285e-15,30
FR--KL--STL,182,4.489298586232322e-16,8.57904403740725e-15,30
FR--KL--STL,183,5.293497246275378e-16,7.735650667705881e-15,30
FR--KL--STL,184,8.00296659026004e-16,7.20606809763383e-15,30
FR--KL--STL,185,4.0110134455047117e-16,8.364451753258892e-15,30
FR--KL--STL,186,9.208689150423428e-16,7.845856969367837e-15,30
FR--KL--STL,187,5.324794494514267e-16,7.660938282531774e-15,30
FR--KL--STL,188,6.786415682333015e-16,8.382434170637933e-15,30
FR--KL--STL,189,4.3685742364885056e-16,8.276824837026617e-15,30
FR--KL--STL,190,3.523923590751575e-16,8.677873963134667e-15,30
FR--KL--STL,191,3.610706364322567e-16,8.93957979046348e-15,30
FR--KL--STL,192,5.250909441056463e-16,8.947944474157895e-15,30
FR--KL--STL,193,8.035721477769557e-16,8.10679291441879e-15,30
FR--KL--STL,194,4.966344128418169e-16,8.070485549476493e-15,30
FR--KL--STL,195,3.283584947511538e-16,8.251196889015663e-15,30
FR--KL--STL,196,4.3789359173851794e-16,7.653276006806142e-15,30
FR--KL--STL,197,5.912792494248403e-16,7.683241954167499e-15,30
FR--KL--STL,198,5.083229759265255e-16,7.072562668020844e-15,30
FR--KL--STL,199,3.1846405852325264e-16,7.773746590559661e-15,30
FR--KL--STL,200,5.059292466986353e-16,8.328924103658509e-15,30
FR--KL--STL,201,5.899129140271919e-16,7.675196049882448e-15,30
FR--KL--STL,202,4.3088916737980377e-16,8.24453728829507e-15,30
FR--KL--STL,203,6.198622980284926e-16,8.332290440308721e-15,30
FR--KL--STL,204,4.1723224582222244e-16,8.389790683255975e-15,30
FR--KL--STL,205,5.148808291725096e-16,7.914858204136415e-15,30
FR--KL--STL,206,4.639698699195256e-16,8.116632561991992e-15,30
FR--KL--STL,207,4.976772977025018e-16,7.990129934278705e-15,30
FR--KL--STL,208,2.472662310341417e-16,8.126091436561553e-15,30
FR--KL--STL,209,3.982041169643712e-16,8.25219121095526e-15,30
FR--KL--STL,210,3.3004856546032116e-16,8.321767254337585e-15,30
FR--KL--STL,211,5.14169277141113e-16,8.36418275755003e-15,30
FR--KL--STL,212,5.257114395830113e-16,8.364620926659327e-15,30
FR--KL--STL,213,6.712032512863016e-16,8.7152866473601e-15,30
FR--KL--STL,214,6.905829718924909e-16,8.243595510079513e-15,30
FR--KL--STL,215,7.059192395399473e-16,8.51051420867154e-15,30
FR--KL--STL,216,8.619605541941585e-16,8.403653850862829e-15,30
FR--KL--STL,217,6.299183281896559e-16,8.401640671952166e-15,30
FR--KL--STL,218,4.79155276206997e-16,8.470879337403962e-15,30
FR--KL--STL,219,3.5644109783620254e-16,8.12103566077416e-15,30
FR--KL--STL,220,9.870664310375918e-16,9.101035689639622e-15,30
FR--KL--STL,221,5.977671029653462e-16,8.943290024515e-15,30
FR--KL--STL,222,3.732274105830503e-16,8.380600469636924e-15,30
FR--KL--STL,223,4.980003641987853e-16,8.105429360278063e-15,30
FR--KL--STL,224,3.3897450471161724e-16,7.965144241591861e-15,30
FR--KL--STL,225,2.964931124915575e-16,8.308159190373379e-15,30
FR--KL--STL,226,3.5547797322658145e-16,8.871241395145072e-15,30
FR--KL--STL,227,3.46074849726112e-16,8.417347314094518e-15,30
FR--KL--STL,228,4.886031126075815e-16,8.058433476917403e-15,30
FR--KL--STL,229,3.497049622051134e-16,7.670234434759839e-15,30
FR--KL--STL,230,4.801594123938468e-16,8.628869757095192e-15,30
FR--KL--STL,231,3.5480028532182775e-16,8.221312235845526e-15,30
FR--KL--STL,232,5.526065532621654e-16,8.293282955664999e-15,30
FR--KL--STL,233,4.68061654086907e-16,8.740368221486308e-15,30
FR--KL--STL,234,5.050047230731757e-16,8.260188597973618e-15,30
FR--KL--STL,235,2.7429524946680956e-16,7.845215909533623e-15,30
FR--KL--STL,236,4.008760218769561e-16,8.202100926566793e-15,30
FR--KL--STL,237,6.093986572705916e-16,8.645308261173616e-15,30
FR--KL--STL,238,5.60222686199894e-16,7.585743084975046e-15,30
FR--KL--STL,239,5.327371976542189e-16,7.91689241902763e-15,30
FR--KL--STL,240,2.8389772088455713e-16,8.047291021114666e-15,30
FR--KL--STL,241,3.9092339013734993e-16,8.72735910037971e-15,30
FR--KL--STL,242,5.689220554282653e-16,8.820557692815365e-15,30
FR--KL--STL,243,5.99923089206268e-16,8.47413966114254e-15,30
FR--KL--STL,244,6.636488436714954e-16,8.10793597334201e-15,30
FR--KL--STL,245,6.756982665944426e-16,7.758750334718848e-15,30
FR--KL--STL,246,3.766589273304651e-16,7.930414768201606e-15,30
FR--KL--STL,247,3.9646981992271963e-16,7.999458283398561e-15,30
FR--KL--STL,248,6.152349765454809e-16,8.659221472255275e-15,30
FR--KL--STL,249,3.8801019559258293e-16,8.89504648862668e-15,30
FR--KL--STL,250,6.975292164652705e-16,8.874230802641876e-15,30
FR--KL--STL,251,5.011796967397473e-16,8.338224423337333e-15,30
FR--KL--STL,252,7.71677773053534e-16,8.271064461075596e-15,30
FR--KL--STL,253,6.633544682074145e-16,8.244089779166949e-15,30
FR--KL--STL,254,3.625234009689272e-16,8.150701087051156e-15,30
FR--KL--STL,255,3.951955061436462e-16,8.65420800306633e-15,30
FR--KL--STL,256,4.598806610801417e-16,8.136211523349549e-15,30
FR--KL--STL,257,4.084095994805436e-16,8.360306348545831e-15,30
FR--KL--STL,258,5.444244846111433e-16,8.715392909761866e-15,30
FR--KL--STL,259,5.263535580356472e-16,9.377270973309411e-15,30
FR--KL--STL,260,6.742473568338453e-16,9.520913363439706e-15,30
FR--KL--STL,261,7.42525940007867e-16,9.019286163096284e-15,30
FR--KL--STL,262,4.1841987650615056e-16,8.232820942065165e-15,30
FR--KL--STL,263,6.933648196470091e-16,8.399254489877216e-15,30
FR--KL--STL,264,7.343528167452127e-16,7.87281405309822e-15,30
FR--KL--STL,265,1.11129489281246e-15,8.406022002058784e-15,30
FR--KL--STL,266,4.887636679962612e-16,8.406520313368639e-15,30
FR--KL--STL,267,5.3486004387720675e-16,8.307884089701981e-15,30
FR--KL--STL,268,6.601762407085151e-16,8.521646968261435e-15,30
FR--KL--STL,269,4.934455989176508e-16,8.480577144080537e-15,30
FR--KL--STL,270,5.042594810281156e-16,8.490956557516871e-15,30
FR--KL--STL,271,8.517037794196768e-16,8.848278935208022e-15,30
FR--KL--STL,272,1.2401206556755535e-15,8.766567667114925e-15,30
FR--KL--STL,273,5.567241532872665e-16,7.811595894226526e-15,30
FR--KL--STL,274,2.989627680928933e-16,8.379873623894919e-15,30
FR--KL--STL,275,4.1848723917926924e-16,9.109138081184452e-15,30
FR--KL--STL,276,4.3833990592020615e-16,8.986161813263498e-15,30
FR--KL--STL,277,4.597897657020754e-16,8.435795201681359e-15,30
FR--KL--STL,278,3.373838888290124e-16,8.212381636251507e-15,30
FR--KL--STL,279,3.500004745419066e-16,8.794134985565007e-15,30
FR--KL--STL,280,5.170413041977481e-16,8.247337793700044e-15,30
FR--KL--STL,281,4.0133172456111693e-16,8.227735376652028e-15,30
FR--KL--STL,282,2.4234659226428536e-16,9.517670456855411e-15,30
FR--KL--STL,283,2.94794866299765e-16,8.600494817896255e-15,30
FR--KL--STL,284,3.3912289173511913e-16,9.044235632761693e-15,30
FR--KL--STL,285,8.752643024400058e-16,8.512667301069718e-15,30
FR--KL--STL,286,6.788573943993642e-16,8.172484857967325e-15,30
FR--KL--STL,287,4.799740251599469e-16,8.63059954351531e-15,30
FR--KL--STL,288,3.408086222883361e-16,8.529379289867896e-15,30
FR--KL--STL,289,5.831445919236305e-16,7.528089478839381e-15,30
FR--KL--STL,290,4.2148835725540255e-16,8.246497174932265e-15,30
FR--KL--STL,291,7.938444319526463e-16,7.96005191532103e-15,30
FR--KL--STL,292,6.228953950652189e-16,8.593112534171745e-15,30
FR--KL--STL,293,2.622936105065315e-16,8.640244015181933e-15,30
FR--KL--STL,294,4.544497689237249e-16,8.100747909171628e-15,30
FR--KL--STL,295,4.263080296175407e-16,8.359362034695055e-15,30
FR--KL--STL,296,3.6861144093819107e-16,9.726588629583021e-15,30
FR--KL--STL,297,1.2436618094512923e-15,9.596584096263804e-15,30
FR--KL--STL,298,8.694638042908716e-16,9.470845243038488e-15,30
FR--KL--STL,299,8.077269006016541e-16,8.218101826379934e-15,30
FR--KL--STL,300,2.792145885237074e-16,8.579875271030529e-15,30
FR--R--STL,0,2.2584051416334807e-16,1.3300109052715507,30
FR--R--STL,1,7.332574659497182e-16,0.6650054526357752,30
FR--R--STL,2,6.855508993009926e-16,0.3325027263178873,30
FR--R--STL,3,1.4001751408957302e-15,0.16625136315894384,30
FR--R--STL,4,1.5779612709389053e-15,0.0831256815794717,30
FR--R--STL,5,9.954942674782737e-16,0.04156284078973595,30
FR--R--STL,6,1.1148634325817468e-15,0.020781420394868,30
FR--R--STL,7,1.5345359594806296e-15,0.01039071019743425,30
FR--R--STL,8,1.2778244767059414e-15,0.0051953550987176005,30
FR--R--STL,9,1.524026578306345e-15,0.0025976775493584,30
FR--R--STL,10,1.2249995280252256e-15,0.00129883877467895,30
FR--R--STL,11,1.2158914616535351e-15,0.0006494193873397499,30
FR--R--STL,12,1.2425451932901309e-15,0.0003247096936694,30
FR--R--STL,13,1.75277550906167e-15,0.00016235484683495,30
FR--R--STL,14,1.8489390342786417e-15,8.117742341742012e-05,30
FR--R--STL,15,2.1404997710277497e-15,4.0588711709538036e-05,30
FR--R--STL,16,1.925871581530188e-15,2.0294355854446783e-05,30
FR--R--STL,17,1.9637240366510945e-15,1.0147177927230986e-05,30
FR--R--STL,18,1.5336789101610502e-15,5.0735889643284305e-06,30
FR--R--STL,19,9.421266139701303e-16,2.5367944818939202e-06,30
FR--R--STL,20,1.0297933320717541e-15,1.2683972412557811e-06,30
FR--R--STL,21,1.7743904320514943e-15,6.341986211583487e-07,30
FR--R--STL,22,1.7552126539004633e-15,3.170993102805008e-07,30
FR--R--STL,23,1.5185258943444637e-15,1.5854965494134624e-07,30
FR--R--STL,24,1.6044138396554457e-15,7.927482784270921e-08,30
FR--R--STL,25,1.3182716526248569e-15,3.963741407183216e-08,30
FR--R--STL,26,1.4255885479171045e-15,1.9818707718626398e-08,30
FR--R--STL,27,1.7519279677951663e-15,9.909353179994021e-09,30
FR--R--STL,28,9.821564050290098e-16,4.954676518943584e-09,30
FR--R--STL,29,1.170726782873826e-15,2.4773379989149254e-09,30
FR--R--STL,30,1.7073666268080183e-15,1.238668855626626e-09,30
FR--R--STL,31,1.864848565573387e-15,6.193348244406884e-10,30
FR--R--STL,32,1.80031420114387e-15,3.0966695210906095e-10,30
FR--R--STL,33,1.4062966424795194e-15,1.5483322328869286e-10,30
FR--R--STL,34,1.8803562073111238e-15,7.741716811881283e-11,30
FR--R--STL,35,1.4455852912238234e-15,3.870891179869877e-11,30
FR--R--STL,36,1.354268436388865e-15,1.9353962425259623e-11,30
FR--R--STL,37,2.131204195495013e-15,9.677175369608115e-12,30
FR--R--STL,38,2.324763565471383e-15,4.838251898175046e-12,30
FR--R--STL,39,1.4949708155622176e-15,2.4191336553434956e-12,30
FR--R--STL,40,1.4662251213970238e-15,1.2096680543912094e-12,30
FR--R--STL,41,1.4850049714028853e-15,6.049450490997677e-13,30
FR--R--STL,42,1.6242774360494403e-15,3.035713458243678e-13,30
FR--R--STL,43,1.7217209529998892e-15,1.514836811931443e-13,30
FR--R--STL,44,1.549978153775918e-15,7.584112946902063e-14,30
FR--R--STL,45,1.5480512949731323e-15,3.8371752813709195e-14,30
FR--R--STL,46,1.3467060506547477e-15,2.0864758017750917e-14,30
FR--R--STL,47,9.329940927842326e-16,1.3383890201097844e-14,30
FR--R--STL,48,1.1475755248345698e-15,1.0983123448232534e-14,30
FR--R--STL,49,9.639219481564975e-16,1.0787025964616404e-14,30
FR--R--STL,50,7.139551956045675e-16,1.0623016213581101e-14,30
FR--R--STL,51,8.962937029549445e-16,1.0336512904424579e-14,30
FR--R--STL,52,5.097197683205753e-16,1.1539602557551072e-14,30
FR--R--STL,53,1.6697148863185058e-15,1.2390212279233539e-14,30
FR--R--STL,54,1.984371471272002e-15,9.696985490277222e-15,30
FR--R--STL,55,6.340698490728358e-16,1.379104677305044e-14,30
FR--R--STL,56,2.4585573526504866e-15,1.4001023915025559e-14,30
FR--R--STL,57,2.3631225135242708e-15,1.244069075480344e-14,30
FR--R--STL,58,1.4988543663951097e-15,1.1018147660065427e-14,30
FR--R--STL,59,1.4369850593357255e-15,9.99873484586547e-15,30
FR--R--STL,60,6.343021022882172e-16,9.926108515303072e-15,30
FR--R--STL,61,7.606275115948824e-16,9.13888908321986e-15,30
FR--R--STL,62,4.788441083476067e-16,1.0406473087311659e-14,30
FR--R--STL,63,1.171072834142356e-15,9.437884960745536e-15,30
FR--R--STL,64,4.583111543554458e-16,9.322528741554464e-15,30
FR--R--STL,65,8.204477421847629e-16,9.73407433568461e-15,30
FR--R--STL,66,7.762519002383767e-16,9.90494688949147e-15,30
FR--R--STL,67,6.924829306021966e-16,1.0331146982410308e-14,30
FR--R--STL,68,8.924865806970928e-16,9.299912236239745e-15,30
FR--R--STL,69,8.311722982921805e-16,1.0033545793054132e-14,30
FR--R--STL,70,7.883450638274039e-16,1.0325781666122286e-14,30
FR--R--STL,71,7.0479811969206625e-16,1.0323453540662785e-14,30
FR--R--STL,72,1.3020036398034446e-15,9.142052252294895e-15,30
FR--R--STL,73,1.0614633335591693e-15,1.0590917412927898e-14,30
FR--R--STL,74,1.2079672280999385e-15,9.463899742153328e-15,30
FR--R--STL,75,9.86837919471184e-16,9.192199596835145e-15,30
FR--R--STL,76,8.652491103312436e-16,9.870855719383581e-15,30
FR--R--STL,77,8.840117270546963e-16,1.0402276152794865e-14,30
FR--R--STL,78,1.2063226259688284e-15,1.0240314242407595e-14,30
FR--R--STL,79,1.1496623443267733e-15,1.09708070032366e-14,30
FR--R--STL,80,1.1674115507301013e-15,1.0791130039458112e-14,30
FR--R--STL,81,9.640068781123498e-16,1.0000167827028397e-14,30
FR--R--STL,82,7.147280748482173e-16,9.890614458838635e-15,30
FR--R--STL,83,7.749601069109502e-16,1.0951086075202886e-14,30
FR--R--STL,84,7.798945592438561e-16,1.1574787595846378e-14,30
FR--R--STL,85,1.6879618895284365e-15,1.5771969271367546e-14,30
FR--R--STL,86,1.6419643106876774e-15,1.4853471648900242e-14,30
FR--R--STL,87,1.82071985795837e-15,1.304350195970747e-14,30
FR--R--STL,88,2.004215203265269e-15,1.2210074391767621e-14,30
FR--R--STL,89,1.6013512240339687e-15,1.5959229795502457e-14,30
FR--R--STL,90,3.0614766709728347e-15,1.7584328343764784e-14,30
FR--R--STL,91,3.8132448147321355e-15,1.2490358450669957e-14,30
FR--R--STL,92,1.2932330375201126e-15,1.1653055665025823e-14,30
FR--R--STL,93,2.141252373160958e-15,1.1939360237324167e-14,30
FR--R--STL,94,2.2169426639651794e-15,9.976786820724966e-15,30
FR--R--STL,95,1.4554947742033996e-15,8.965369568948263e-15,30
FR--R--STL,96,7.641232474903952e-16,8.544490524219966e-15,30
FR--R--STL,97,6.089587189800657e-16,9.11491573125211e-15,30
FR--R--STL,98,7.085309019839503e-16,9.034017183225147e-15,30
FR--R--STL,99,6.495688896653093e-16,1.0226602034652333e-14,30
FR--R--STL,100,6.763032700367392e-16,8.435155699171718e-15,30
FR--R--STL,101,6.038494298486431e-16,1.0021840429679952e-14,30
FR--R--STL,102,3.977619016532968e-16,1.1945305657313605e-14,30
FR--R--STL,103,1.1710443061541228e-15,1.174684477645124e-14,30
FR--R--STL,104,6.857258614681792e-16,1.2198830743390935e-14,30
FR--R--STL,105,1.2825177303607707e-15,1.1989647062503379e-14,30
FR--R--STL,106,1.063413752617498e-15,1.1261217587641894e-14,30
FR--R--STL,107,5.814211146108942e-16,1.0588821232225878e-14,30
FR--R--STL,108,7.789212265140503e-16,1.064064468957572e-14,30
FR--R--STL,109,5.70441113867984e-16,1.2206622320658732e-14,30
FR--R--STL,110,1.2387194490082112e-15,1.4031251698282763e-14,30
FR--R--STL,111,2.5264036275200145e-15,1.1073256335180578e-14,30
FR--R--STL,112,1.1111659853441873e-15,1.0359139628373638e-14,30
FR--R--STL,113,1.0521192844419154e-15,1.0579157266295062e-14,30
FR--R--STL,114,9.097095831097465e-16,1.0413873137038108e-14,30
FR--R--STL,115,5.138439785905761e-16,9.75851591412403e-15,30
FR--R--STL,116,1.4554445184600428e-15,9.732795209006176e-15,30
FR--R--STL,117,9.636597785570645e-16,1.0946753852530146e-14,30
FR--R--STL,118,2.2111620234609094e-15,1.1492719670363133e-14,30
FR--R--STL,119,1.3111167424471922e-15,1.248381162484976e-14,30
FR--R--STL,120,1.4313342652305006e-15,1.067945261575236e-14,30
FR--R--STL,121,7.082751785059959e-16,1.0843757133608456e-14,30
FR--R--STL,122,5.475967605593485e-16,1.0373163120999095e-14,30
FR--R--STL,123,6.330523121927347e-16,1.2490252089600504e-14,30
FR--R--STL,124,1.1375882746106026e-15,1.1010712163603206e-14,30
FR--R--STL,125,1.6265836000523865e-15,9.300399720482555e-15,30
FR--R--STL,126,6.237150526235873e-16,8.867862165284782e-15,30
FR--R--STL,127,2.742753642008029e-16,1.0893508716145787e-14,30
FR--R--STL,128,5.455245211792559e-16,1.2456388509436914e-14,30
FR--R--STL,129,2.0607129433452347e-15,1.0156775491549874e-14,30
FR--R--STL,130,5.972164211749091e-16,9.791562314726285e-15,30
FR--R--STL,131,1.0429597066930173e-15,1.0694648102184582e-14,30
FR--R--STL,132,1.0320466744851169e-15,9.743729756958037e-15,30
FR--R--STL,133,8.065409719823208e-16,1.0448796858133518e-14,30
FR--R--STL,134,7.620234611042356e-16,1.0136871745839492e-14,30
FR--R--STL,135,5.012817519258899e-16,1.2334828815294648e-14,30
FR--R--STL,136,1.6472206137804126e-15,1.242045372599367e-14,30
FR--R--STL,137,1.3098786620713485e-15,1.0468019527455267e-14,30
FR--R--STL,138,5.971286449619979e-16,1.2560571080892057e-14,30
FR--R--STL,139,7.767314496656979e-16,1.1631570842702809e-14,30
FR--R--STL,140,1.693493069613938e-15,1.0572625783820068e-14,30
FR--R--STL,141,6.243350040588393e-16,1.2433764161960541e-14,30
FR--R--STL,142,1.5976152142822577e-15,1.1258075504164066e-14,30
FR--R--STL,143,1.4269588499983582e-15,1.071156394152404e-14,30
FR--R--STL,144,1.1089723850071758e-15,1.229248231511718e-14,30
FR--R--STL,145,7.015092928565026e-16,1.2855135729354893e-14,30
FR--R--STL,146,1.0947763547174567e-15,1.4081050241014635e-14,30
FR--R--STL,147,1.646457386407924e-15,1.348208682222824e-14,30
FR--R--STL,148,1.3294204266564193e-15,1.198714404805071e-14,30
FR--R--STL,149,1.1812037232921249e-15,1.0168602285974334e-14,30
FR--R--STL,150,7.888352303820084e-16,1.2650114964322552e-14,30
FR--R--STL,151,2.0013566105908182e-15,1.0702408393127674e-14,30
FR--R--STL,152,9.481194939070147e-16,9.483320098704815e-15,30
FR--R--STL,153,5.738657913329138e-16,8.593981149135281e-15,30
FR--R--STL,154,9.048518083503309e-16,1.0449546466682884e-14,30
FR--R--STL,155,2.4473047633041483e-15,1.010947495659095e-14,30
FR--R--STL,156,1.1053777604931055e-15,9.261396022303465e-15,30
FR--R--STL,157,6.253896439223358e-16,9.531741986408397e-15,30
FR--R--STL,158,1.1094822664470768e-15,1.0435038909065461e-14,30
FR--R--STL,159,1.13794966679796e-15,1.1006497121946391e-14,30
FR--R--STL,160,1.1499752937061274e-15,1.3512295540211662e-14,30
FR--R--STL,161,1.6583967137282628e-15,1.2382310130066651e-14,30
FR--R--STL,162,1.3148555518111322e-15,1.1731168948435105e-14,30
FR--R--STL,163,1.0246828967838555e-15,1.0266535855581075e-14,30
FR--R--STL,164,7.271235716346469e-16,9.75807768018147e-15,30
FR--R--STL,165,1.066192032449997e-15,9.91090496276132e-15,30
FR--R--STL,166,7.731548107962308e-16,1.1162493776831687e-14,30
FR--R--STL,167,8.672872422304795e-16,1.0726848416303185e-14,30
FR--R--STL,168,8.710317690719049e-16,8.664273684458023e-15,30
FR--R--STL,169,5.624413838061723e-16,1.0491138567707504e-14,30
FR--R--STL,170,1.3103590024239073e-15,9.419489515601554e-15,30
FR--R--STL,171,4.124221783324999e-16,1.0613584253491655e-14,30
FR--R--STL,172,8.308282376695098e-16,1.013478971303369e-14,30
FR--R--STL,173,3.1766897401243374e-16,1.1511315322078646e-14,30
FR--R--STL,174,8.416180545503879e-16,1.2004124889751338e-14,30
FR--R--STL,175,1.031675870823818e-15,1.3509613672367065e-14,30
FR--R--STL,176,1.364422820048036e-15,9.873017546465756e-15,30
FR--R--STL,177,9.513790811502723e-16,9.675393719335855e-15,30
FR--R--STL,178,6.226662220272103e-16,1.3233171055803305e-14,30
FR--R--STL,179,1.030205323320183e-15,1.1745858105395619e-14,30
FR--R--STL,180,9.53228327020607e-16,1.2051709290261911e-14,30
FR--R--STL,181,8.386529587441046e-16,1.0460566080282394e-14,30
FR--R--STL,182,6.995448123721255e-16,1.100147716146681e-14,30
FR--R--STL,183,7.264912870314784e-16,1.1926045646350775e-14,30
FR--R--STL,184,1.1278038912403394e-15,1.1326064950111142e-14,30
FR--R--STL,185,7.49006457865687e-16,1.0632708165702951e-14,30
FR--R--STL,186,3.9129042981471917e-16,1.0544001035675241e-14,30
FR--R--STL,187,6.921165953832498e-16,9.824030603934065e-15,30
FR--R--STL,188,6.173214176043162e-16,1.0217610433434288e-14,30
FR--R--STL,189,5.703096498031225e-16,9.834892057983893e-15,30
FR--R--STL,190,6.451680023088682e-16,9.455916053232203e-15,30
FR--R--STL,191,6.096182381537281e-16,8.987453763170491e-15,30
FR--R--STL,192,6.198333362852047e-16,8.917078321904883e-15,30
FR--R--STL,193,4.0606945004985873e-16,9.426764390381136e-15,30
FR--R--STL,194,7.925794652490674e-16,1.0812398062796345e-14,30
FR--R--STL,195,7.50985288539026e-16,1.2105284145716416e-14,30
FR--R--STL,196,7.982407191039668e-16,1.1002510827615704e-14,30
FR--R--STL,197,1.016729653191329e-15,1.0873339238728527e-14,30
FR--R--STL,198,9.251554465925392e-16,1.181602070710682e-14,30
FR--R--STL,199,1.736797112391786e-15,1.1441405286914409e-14,30
FR--R--STL,200,8.515947433081001e-16,1.2337698885346313e-14,30
FR--R--STL,201,1.6147966309183261e-15,1.1612658035774033e-14,30
FR--R--STL,202,1.2479154937688745e-15,1.0237541409654594e-14,30
FR--R--STL,203,8.244499451570775e-16,9.743864040621677e-15,30
FR--R--STL,204,5.515659111457271e-16,1.139424920165038e-14,30
FR--R--STL,205,7.068421433293785e-16,9.68119340675478e-15,30
FR--R--STL,206,1.0517563603970177e-15,9.898358369999998e-15,30
FR--R--STL,207,9.59067842683497e-16,1.1429383909164527e-14,30
FR--R--STL,208,7.602705906641124e-16,9.690952954976805e-15,30
FR--R--STL,209,1.0203720072632158e-15,1.0900009629444799e-14,30
FR--R--STL,210,7.975495170921873e-16,9.94150051704372e-15,30
FR--R--STL,211,8.872097706683368e-16,1.0005143791818933e-14,30
FR--R--STL,212,1.423038893944121e-15,8.462861508332342e-15,30
FR--R--STL,213,1.0955225068815355e-15,7.70127365386533e-15,30
FR--R--STL,214,8.164837600541749e-16,9.885025144183413e-15,30
FR--R--STL,215,5.566003388970514e-16,1.1195769005753485e-14,30
FR--R--STL,216,1.7923167966148398e-15,1.1856990954051225e-14,30
FR--R--STL,217,1.7116145179588402e-15,1.1364371770007111e-14,30
FR--R--STL,218,1.4874953275976908e-15,1.1021148759521308e-14,30
FR--R--STL,219,8.370315424676866e-16,1.1635674530082208e-14,30
FR--R--STL,220,1.6283377998282829e-15,1.2606022948705082e-14,30
FR--R--STL,221,1.521258625962478e-15,1.1466666477251212e-14,30
FR--R--STL,222,1.2328141744419831e-15,1.0628043223403318e-14,30
FR--R--STL,223,6.750276515040364e-16,9.662604605675002e-15,30
FR--R--STL,224,8.759106975495202e-16,1.2376174166132618e-14,30
FR--R--STL,225,1.5989607830017655e-15,1.0469276215364091e-14,30
FR--R--STL,226,7.561408710126571e-16,1.0056131578652666e-14,30
FR--R--STL,227,8.58958052138242e-16,8.672836035039062e-15,30
FR--R--STL,228,1.2339002593770633e-15,9.889679899241422e-15,30
FR--R--STL,229,1.144163061146672e-15,9.040440751035334e-15,30
FR--R--STL,230,6.344559575411564e-16,9.342376715899838e-15,30
FR--R--STL,231,9.511583518797531e-16,8.656354730880748e-15,30
FR--R--STL,232,5.514455853876623e-16,8.967673833926977e-15,30
FR--R--STL,233,7.055027778402577e-16,9.999769143951659e-15,30
FR--R--STL,234,7.231857698035558e-16,9.378454731162405e-15,30
FR--R--STL,235,4.109333079246761e-16,8.808394381400283e-15,30
FR--R--STL,236,6.444144906248926e-16,7.673511911282805e-15,30
FR--R--STL,237,6.818883504840745e-16,8.739494692787432e-15,30
FR--R--STL,238,6.694747077369144e-16,1.0406882301570211e-14,30
FR--R--STL,239,1.2457609204735863e-15,1.0076530698153005e-14,30
FR--R--STL,240,1.197402692664732e-15,9.961016231750449e-15,30
FR--R--STL,241,6.684631210548899e-16,1.039184860413553e-14,30
FR--R--STL,242,5.958607432107477e-16,1.0586521338759059e-14,30
FR--R--STL,243,8.563809365030135e-16,1.1695543479577959e-14,30
FR--R--STL,244,1.0780131699951136e-15,1.3128638739949807e-14,30
FR--R--STL,245,1.4769272807303192e-15,1.2992516130061714e-14,30
FR--R--STL,246,1.4194430049249317e-15,1.0949725041462301e-14,30
FR--R--STL,247,5.375991871235851e-16,1.0466283882328407e-14,30
FR--R--STL,248,4.648615744413528e-16,9.738743014194855e-15,30
FR--R--STL,249,7.889002736983243e-16,1.0218030045013452e-14,30
FR--R--STL,250,4.746938233481548e-16,9.530974465870797e-15,30
FR--R--STL,251,6.648413927561465e-16,1.1051853631905288e-14,30
FR--R--STL,252,1.7556653292011293e-15,9.792696494290173e-15,30
FR--R--STL,253,8.819380431793714e-16,9.710114983979196e-15,30
FR--R--STL,254,1.4650426331966835e-15,9.227309751819595e-15,30
FR--R--STL,255,7.562170086556425e-16,8.63456410986996e-15,30
FR--R--STL,256,6.143635297980475e-16,9.68269386542247e-15,30
FR--R--STL,257,7.760271567978604e-16,9.52176111338988e-15,30
FR--R--STL,258,5.567745063967538e-16,1.0949209528872204e-14,30
FR--R--STL,259,6.726037839781946e-16,1.0567283021230561e-14,30
FR--R--STL,260,1.0655246184559467e-15,1.037701610477649e-14,30
FR--R--STL,261,1.1211228510159018e-15,1.1117933171496689e-14,30
FR--R--STL,262,8.416350964341993e-16,1.4928906242758578e-14,30
FR--R--STL,263,2.4020139591295072e-15,1.131542045543162e-14,30
FR--R--STL,264,1.3240934989468884e-15,1.1896014211058913e-14,30
FR--R--STL,265,7.980642163298809e-16,1.1669645359671742e-14,30
FR--R--STL,266,9.023355354007966e-16,9.004103741679178e-15,30
FR--R--STL,267,7.509164549119459e-16,1.0854133832278167e-14,30
FR--R--STL,268,1.0586874457963714e-15,9.58702264077073e-15,30
FR--R--STL,269,1.0549428269181323e-15,8.919648741783641e-15,30
FR--R--STL,270,9.375550944701589e-16,9.48127049473789e-15,30
FR--R--STL,271,7.72681060343855e-16,8.78404748584289e-15,30
FR--R--STL,272,1.1285913927321008e-15,8.472295056143285e-15,30
FR--R--STL,273,8.694341178989788e-16,9.640126015273248e-15,30
FR--R--STL,274,1.1338305416420077e-15,1.0183205620308972e-14,30
FR--R--STL,275,7.816350369303243e-16,1.117115320687682e-14,30
FR--R--STL,276,6.652388858616189e-16,1.007607812390657e-14,30
FR--R--STL,277,8.875719733387199e-16,1.0028991712465067e-14,30
FR--R--STL,278,7.429144115245741e-16,1.1279682850629947e-14,30
FR--R--STL,279,1.7445792013087382e-15,1.2382986035053718e-14,30
FR--R--STL,280,2.0308915823281635e-15,1.1117204658998913e-14,30
FR--R--STL,281,8.423376359354388e-16,1.2241627765975347e-14,30
FR--R--STL,282,1.6791365881547097e-15,1.1232955626205465e-14,30
FR--R--STL,283,8.127194189051618e-16,1.1920643264143788e-14,30
FR--R--STL,284,7.374523311979642e-16,1.2347451896784231e-14,30
FR--R--STL,285,8.661898468600433e-16,1.0407351868889978e-14,30
FR--R--STL,286,8.298036726734981e-16,1.2144872445824803e-14,30
FR--R--STL,287,1.0513825481968283e-15,1.0730449991433701e-14,30
FR--R--STL,288,6.485187885752053e-16,9.827165600093108e-15,30
FR--R--STL,289,6.636832250281339e-16,9.576276092234357e-15,30
FR--R--STL,290,5.700467894908182e-16,1.0760762435864043e-14,30
FR--R--STL,291,1.3302590301792434e-15,1.1255468022904598e-14,30
FR--R--STL,292,2.1721554992964574e-15,9.182903145792257e-15,30
FR--R--STL,293,1.1260429969255897e-15,9.487123430899645e-15,30
FR--R--STL,294,1.2050270957965903e-15,8.604174363826509e-15,30
FR--R--STL,295,5.210262454916724e-16,1.0242258497415955e-14,30
FR--R--STL,296,6.180440581926579e-16,9.327020388727704e-15,30
FR--R--STL,297,6.296271130057606e-16,1.141181638735848e-14,30
FR--R--STL,298,9.026827678781927e-16,1.0836352570918224e-14,30
FR--R--STL,299,1.4607749948002105e-15,1.0193077121116636e-14,30
FR--R--STL,300,8.701463399791243e-16,1.2953273840261837e-14,30
Price--BBVI,0,2.2584051416334807e-16,1.3300109052715507,30
Price--BBVI,1,0.0617951794380118,1.2732181300700507,30
Price--BBVI,2,0.08165749460576156,1.2040476987242004,30
Price--BBVI,3,0.08568287255181553,1.1851425465781533,30
Price--BBVI,4,0.09057867652139784,1.1500606125043942,30
Price--BBVI,5,0.08382171582569355,1.118658754830044,30
Price--BBVI,6,0.09721957443798364,1.099017008649228,30
Price--BBVI,7,0.10418963780441763,1.073532236396732,30
Price--BBVI,8,0.10616096393799389,1.032483506419085,30
Price--BBVI,9,0.1203338702323199,0.9894660796603815,30
Price--BBVI,10,0.11899443740433001,0.9809001155815856,30
Price--BBVI,11,0.10935726872398402,0.9458973729359118,30
Price--BBVI,12,0.10700511862430113,0.897417953257263,30
Price--BBVI,13,0.10099792281470021,0.8646805503959523,30
Price--BBVI,14,0.10436214972193068,0.8797948005100318,30
Price--BBVI,15,0.08928954374804966,0.8486625938632686,30
Price--BBVI,16,0.09387878694131352,0.8498620780089021,30
Price--BBVI,17,0.10747277854586634,0.830353317855546,30
Price--BBVI,18,0.10358845993305782,0.8113013977669082,30
Price--BBVI,19,0.10587908530832976,0.807419027131457,30
Price--BBVI,20,0.10353833114775207,0.7968196276876665,30
Price--BBVI,21,0.08912405403755293,0.7959644101940996,30
Price--BBVI,22,0.09527372238022591,0.7662141824443607,30
Price--BBVI,23,0.11053649178012241,0.751092971145788,30
Price--BBVI,24,0.10987350963594063,0.7504332491103447,30
Price--BBVI,25,0.10940148547879851,0.7450106983885858,30
Price--BBVI,26,0.10086486338393558,0.7631137323858336,30
Price--BBVI,27,0.10683698526734317,0.7232301146036373,30
Price--BBVI,28,0.09538299088051055,0.7061974275094826,30
Price--BBVI,29,0.09173080424348212,0.7075078231269671,30
Price--BBVI,30,0.09217132001000732,0.6871839324790308,30
Price--BBVI,31,0.08218188266111646,0.6806419550388205,30
Price--BBVI,32,0.0853271897845303,0.6830766539252044,30
Price--BBVI,33,0.07977125785265284,0.6591390173744465,30
Price--BBVI,34,0.0992135095580801,0.6379176878475568,30
Price--BBVI,35,0.09251822510238641,0.6351376338516936,30
Price--BBVI,36,0.0796166567328016,0.6219707770964384,30
Price--BBVI,37,0.08198245001638556,0.6342580339725848,30
Price--BBVI,38,0.0947333444424323,0.6262224773215584,30
Price--BBVI,39,0.10432211587934939,0.6499383354762132,30
Price--BBVI,40,0.10495375923861393,0.6359259840394202,30
Price--BBVI,41,0.0980414963875519,0.6006117302366355,30
Price--BBVI,42,0.09938819449169906,0.6325989690715703,30
Price--BBVI,43,0.10181383912230302,0.6381508690012941,30
Price--BBVI,44,0.09161787265011692,0.6180045266604359,30
Price--BBVI,45,0.10663352108163007,0.6131525034562146,30
Price--BBVI,46,0.11528246769250612,0.6070689877948384,30
Price--BBVI,47,0.10097527863987031,0.6151573010958964,30
Price--BBVI,48,0.11769678578044938,0.5881864922109112,30
Price--BBVI,49,0.16214549801865769,0.5688044624333222,30
Price--BBVI,50,0.14530092135003547,0.5781902196824831,30
Price--BBVI,51,0.15144846763631797,0.5659541491041775,30
Price--BBVI,52,0.14674537616764874,0.5463631601611894,30
Price--BBVI,53,0.11392572879912308,0.5271088511745599,30
Price--BBVI,54,0.1134913015676067,0.5587671128593272,30
Price--BBVI,55,0.10139542830037397,0.5735980673667835,30
Price--BBVI,56,0.10684890500455894,0.5692348877582991,30
Price--BBVI,57,0.13355041507382673,0.5387039525444834,30
Price--BBVI,58,0.10722109980868791,0.5135732349504707,30
Price--BBVI,59,0.11989348017051761,0.5054814961463479,30
Price--BBVI,60,0.12439955181200534,0.5183954370169304,30
Price--BBVI,61,0.1172742672975549,0.5193594061558424,30
Price--BBVI,62,0.0978501192946547,0.5201780828624466,30
Price--BBVI,63,0.09723431009650402,0.5330695238682803,30
Price--BBVI,64,0.1204723150865451,0.5198612361893926,30
Price--BBVI,65,0.1094282676084941,0.5307931131222368,30
Price--BBVI,66,0.1305302784989993,0.5283839710929648,30
Price--BBVI,67,0.11934345667972537,0.5117684707596459,30
Price--BBVI,68,0.09452518860682844,0.5219822049930185,30
Price--BBVI,69,0.08911524453310847,0.5310184793283026,30
Price--BBVI,70,0.10281465419492666,0.5356871889449473,30
Price--BBVI,71,0.09822266945642866,0.5289047010492751,30
Price--BBVI,72,0.10275283866332462,0.49374159458994404,30
Price--BBVI,73,0.10312473793301119,0.486471557828834,30
Price--BBVI,74,0.09080703977928876,0.5369043374330591,30
Price--BBVI,75,0.10419668651971227,0.5126644472118203,30
Price--BBVI,76,0.12682702904057008,0.5126669191260904,30
Price--BBVI,77,0.12168071444074267,0.4979864612588062,30
Price--BBVI,78,0.10482659125266343,0.5062352679940589,30
Price--BBVI,79,0.11438107280322499,0.5051753507767569,30
Price--BBVI,80,0.11343584998245546,0.4907169852032068,30
Price--BBVI,81,0.1229185246275307,0.48681458595640226,30
Price--BBVI,82,0.12818925590659902,0.5331557919424861,30
Price--BBVI,83,0.12084662790487995,0.5146737512403619,30
Price--BBVI,84,0.1429553486061912,0.5032410594304939,30
Price--BBVI,85,0.14167781602261828,0.46603268844675316,30
Price--BBVI,86,0.14049525469246948,0.4650015248841112,30
Price--BBVI,87,0.1283655208467714,0.4899157662911987,30
Price--BBVI,88,0.11980948509261159,0.4654871460441102,30
Price--BBVI,89,0.1117688697574788,0.5107235189166027,30
Price--BBVI,90,0.1106939024752094,0.4793124129486529,30
Price--BBVI,91,0.12494051419468297,0.48325914201631015,30
Price--BBVI,92,0.1294401682544033,0.43686706046720714,30
Price--BBVI,93,0.10870268563578478,0.495529205172605,30
Price--BBVI,94,0.1264431152129803,0.4780236680719049,30
Price--BBVI,95,0.13940750025501225,0.4719251252229345,30
Price--BBVI,96,0.12492905898916956,0.44660614979639846,30
Price--BBVI,97,0.1146766252747613,0.47433884296553364,30
Price--BBVI,98,0.1073851032407232,0.4477574012533383,30
Price--BBVI,99,0.10831377149660867,0.4622414373120053,30
Price--BBVI,100,0.11671199165807461,0.4408632135237893,30
Price--BBVI,101,0.12030574078197842,0.4334545308632871,30
Price--BBVI,102,0.11876601200308953,0.41499925753797473,30
Price--BBVI,103,0.12187523521219844,0.4106938065629306,30
Price--BBVI,104,0.13373431248440534,0.39397132169587656,30
Price--BBVI,105,0.13449594888914906,0.425837782243773,30
Price--BBVI,106,0.12353903965442467,0.4171271610818874,30
Price--BBVI,107,0.10677249236023262,0.4021354621385336,30
Price--BBVI,108,0.11848376179673974,0.3911200137545793,30
Price--BBVI,109,0.12547868422010738,0.4031144443003581,30
Price--BBVI,110,0.1386473751633087,0.4248797558502925,30
Price--BBVI,111,0.1412866733914984,0.4193236146707763,30
Price--BBVI,112,0.12420773167922454,0.41695293745360784,30
Price--BBVI,113,0.11899825956585357,0.4107282553244683,30
Price--BBVI,114,0.13122208569006474,0.40154247093405104,30
Price--BBVI,115,0.12621891903066879,0.3998827782266967,30
Price--BBVI,116,0.12319238494244712,0.4393630239106025,30
Price--BBVI,117,0.1088338388228559,0.39013354929203337,30
Price--BBVI,118,0.09595533506613244,0.3715967892167036,30
Price--BBVI,119,0.10134190563970644,0.38763125322798253,30
Price--BBVI,120,0.10834164967505061,0.3913428641288632,30
Price--BBVI,121,0.10896329725859541,0.3924201354767829,30
Price--BBVI,122,0.09568862244225103,0.3939808220732638,30
Price--BBVI,123,0.1046783283736844,0.42035305713774695,30
Price--BBVI,124,0.12199562766763916,0.43095950239896663,30
Price--BBVI,125,0.1251974395437265,0.4117581407889473,30
Price--BBVI,126,0.13118475736714927,0.4420147194952758,30
Price--BBVI,127,0.12230165793263395,0.41470833050383604,30
Price--BBVI,128,0.14167548841621871,0.4185734394351637,30
Price--BBVI,129,0.14314840762551972,0.43920611880853444,30
Price--BBVI,130,0.16080499140526025,0.4489624260579357,30
Price--BBVI,131,0.15897874491494998,0.4393683942401952,30
Price--BBVI,132,0.12869772581294578,0.42903743453863497,30
Price--BBVI,133,0.11802936979409903,0.41894989769556246,30
Price--BBVI,134,0.10217256980544177,0.4152035941922366,30
Price--BBVI,135,0.11461300978049604,0.4319206500018771,30
Price--BBVI,136,0.12134065147050169,0.4023192515848226,30
Price--BBVI,137,0.11280906453744818,0.41575908938701917,30
Price--BBVI,138,0.10659212125796214,0.42024496282988877,30
Price--BBVI,139,0.10960715997897742,0.4151399299823295,30
Price--BBVI,140,0.10925943963446416,0.3747029833927919,30
Price--BBVI,141,0.11634071343844406,0.39246497974393224,30
Price--BBVI,142,0.1212018330334207,0.3936821192202149,30
Price--BBVI,143,0.11927590886622921,0.3854905444937918,30
Price--BBVI,144,0.12194175193677073,0.433945633421687,30
Price--BBVI,145,0.11576268443831945,0.45699672289920934,30
Price--BBVI,146,0.11126969233354989,0.4487042969560374,30
Price--BBVI,147,0.10998739665059704,0.45077598010619024,30
Price--BBVI,148,0.13656826976060296,0.45533242867660584,30
Price--BBVI,149,0.12169430560678703,0.46930767374522625,30
Price--BBVI,150,0.12851148360530287,0.44747857667071333,30
Price--BBVI,151,0.12132506516290663,0.45913451866936505,30
Price--BBVI,152,0.13812410866138158,0.4386312248831862,30
Price--BBVI,153,0.12354879801649786,0.4239994807618137,30
Price--BBVI,154,0.12626296856654928,0.4359154095453463,30
Price--BBVI,155,0.1020146920083621,0.4093487090097141,30
Price--BBVI,156,0.11854235526085359,0.42837452943853027,30
Price--BBVI,157,0.099677096089028,0.4179133095370626,30
Price--BBVI,158,0.10367028516289362,0.40569610965759806,30
Price--BBVI,159,0.11591940630246264,0.4638233048606525,30
Price--BBVI,160,0.11641193235244597,0.422359898802561,30
Price--BBVI,161,0.1503481719369355,0.39190794867811296,30
Price--BBVI,162,0.1511117440928721,0.38664067575834626,30
Price--BBVI,163,0.1399034533623676,0.4044852916811801,30
Price--BBVI,164,0.11821323167558452,0.4420481797336579,30
Price--BBVI,165,0.1279703642669684,0.4180834059470685,30
Price--BBVI,166,0.12558167316334584,0.40686064338235495,30
Price--BBVI,167,0.12235928545520774,0.40497520639203877,30
Price--BBVI,168,0.11023355145903539,0.38544487089321694,30
Price--BBVI,169,0.1117675748063081,0.39786147442852815,30
Price--BBVI,170,0.13598961445923602,0.4328860758464327,30
Price--BBVI,171,0.12639924501340472,0.393285679458966,30
Price--BBVI,172,0.11864700194736874,0.3775409392767247,30
Price--BBVI,173,0.1282272199670717,0.39623890718177174,30
Price--BBVI,174,0.14745728201029806,0.32093955749862546,30
Price--BBVI,175,0.11726897294919286,0.40538527503406907,30
Price--BBVI,176,0.12344097197644341,0.4003999586560295,30
Price--BBVI,177,0.1108796779530714,0.43187451189590315,30
Price--BBVI,178,0.10055168332478,0.41158227186330604,30
Price--BBVI,179,0.10024226442351164,0.4079302361731011,30
Price--BBVI,180,0.10209947201103782,0.4163190188914003,30
Price--BBVI,181,0.10108924114830571,0.430910176974459,30
Price--BBVI,182,0.09700042181551,0.3958770744863503,30
Price--BBVI,183,0.10716897514716718,0.3800106466073798,30
Price--BBVI,184,0.10011590836460083,0.3800030183550355,30
Price--BBVI,185,0.10854899272362882,0.362698874113749,30
Price--BBVI,186,0.11820631429464504,0.3848671165640132,30
Price--BBVI,187,0.11239133783496619,0.38858847322289636,30
Price--BBVI,188,0.12190284962047794,0.4061977845368378,30
Price--BBVI,189,0.10248194957550391,0.4356376821952218,30
Price--BBVI,190,0.10587955464253741,0.4218678117119642,30
Price--BBVI,191,0.11852380733819587,0.41073100041246613,30
Price--BBVI,192,0.14202606293447517,0.4400508560140032,30
Price--BBVI,193,0.13587579156214083,0.43433231536206546,30
Price--BBVI,194,0.1282474382485113,0.4338123867252412,30
Price--BBVI,195,0.10683497232146458,0.3947368451899087,30
Price--BBVI,196,0.10870745876917103,0.38854604306197194,30
Price--BBVI,197,0.12270040792600805,0.39291148914211493,30
Price--BBVI,198,0.12488593561658203,0.3924290647806429,30
Price--BBVI,199,0.1272703493843837,0.4136833478629964,30
Price--BBVI,200,0.13140926787372903,0.4210970606210272,30
Price--BBVI,201,0.12314367602139831,0.40690400595839693,30
Price--BBVI,202,0.1471492679474773,0.3967421428488652,30
Price--BBVI,203,0.12628497334613967,0.4140011973683788,30
Price--BBVI,204,0.11524512500782784,0.4185777549931284,30
Price--BBVI,205,0.11578655514691233,0.399929886661227,30
Price--BBVI,206,0.1354569074056411,0.396652445038026,30
Price--BBVI,207,0.11566909224342854,0.40230869073315234,30
Price--BBVI,208,0.1477229530575208,0.3945206790811645,30
Price--BBVI,209,0.16623334911191667,0.3731703755721141,30
Price--BBVI,210,0.1266865548926787,0.38048200615016425,30
Price--BBVI,211,0.11968752056003132,0.39090895444567353,30
Price--BBVI,212,0.12284767639257181,0.3426615466279612,30
Price--BBVI,213,0.11952991053435764,0.36732832566409257,30
Price--BBVI,214,0.11177289527700313,0.3921145153988256,30
Price--BBVI,215,0.119702078033639,0.35238200056671176,30
Price--BBVI,216,0.10489246635375249,0.34971240060362213,30
Price--BBVI,217,0.07930575002652421,0.3919865976713608,30
Price--BBVI,218,0.09859659161925534,0.4003249282024963,30
Price--BBVI,219,0.10471290033755117,0.4027750372242581,30
Price--BBVI,220,0.1041253751420932,0.40430372102269174,30
Price--BBVI,221,0.10798386358016174,0.4315820744539376,30
Price--BBVI,222,0.13902839981120502,0.40797299781040824,30
Price--BBVI,223,0.13789038878439708,0.36061603586622265,30
Price--BBVI,224,0.14341668544746,0.3683209005660196,30
Price--BBVI,225,0.14684721861319813,0.371694451039829,30
Price--BBVI,226,0.14814145597608178,0.3760003248617775,30
Price--BBVI,227,0.11665219120151768,0.40759524362158955,30
Price--BBVI,228,0.1427409060255911,0.3988371955974259,30
Price--BBVI,229,0.09918296796539766,0.40227782964617276,30
Price--BBVI,230,0.10755992618619367,0.4061649523862627,30
Price--BBVI,231,0.12042292500394543,0.3891061458169271,30
Price--BBVI,232,0.08989311140705786,0.38769782064466535,30
Price--BBVI,233,0.10989456304425609,0.3894445009720128,30
Price--BBVI,234,0.10365034519969625,0.3929258866483393,30
Price--BBVI,235,0.12033897554268512,0.3922710249064931,30
Price--BBVI,236,0.1293799106247897,0.3944939330546432,30
Price--BBVI,237,0.1226885823011237,0.40197588551946206,30
Price--BBVI,238,0.13137472826437105,0.4076266483757866,30
Price--BBVI,239,0.12419627991039822,0.38572268398948595,30
Price--BBVI,240,0.12508239154574996,0.36926943819200864,30
Price--BBVI,241,0.1027437876518559,0.3819796607674847,30
Price--BBVI,242,0.15079223754431734,0.3661282710992726,30
Price--BBVI,243,0.15313015271968872,0.3419940866486006,30
Price--BBVI,244,0.14372564584864303,0.3728802359419977,30
Price--BBVI,245,0.1375658579718834,0.39306135294717337,30
Price--BBVI,246,0.1391741848011312,0.39242796676885683,30
Price--BBVI,247,0.11170270950171235,0.41923807462397256,30
Price--BBVI,248,0.11688347530115868,0.459243360092653,30
Price--BBVI,249,0.1307604497457562,0.3934997107015158,30
Price--BBVI,250,0.1369122852471482,0.39327508771591757,30
Price--BBVI,251,0.12449767436525803,0.43956460574878187,30
Price--BBVI,252,0.13837837206363893,0.42311158403961446,30
Price--BBVI,253,0.11757567111152233,0.40977652494047373,30
Price--BBVI,254,0.11965338462456564,0.3979275353218735,30
Price--BBVI,255,0.09410363144241798,0.4149985146553766,30
Price--BBVI,256,0.1043497781999485,0.40844292161142204,30
Price--BBVI,257,0.10132048683487661,0.38672998438833545,30
Price--BBVI,258,0.11241204429511989,0.3991120838216675,30
Price--BBVI,259,0.12532599038667958,0.40194473478483794,30
Price--BBVI,260,0.1510507645473713,0.3911877475939536,30
Price--BBVI,261,0.14292454791422196,0.4103680991762815,30
Price--BBVI,262,0.13925791795725345,0.4069739023575716,30
Price--BBVI,263,0.13741372118113007,0.4001974032439256,30
Price--BBVI,264,0.14376134973607732,0.4279161011143852,30
Price--BBVI,265,0.1392736116618019,0.37825221578794355,30
Price--BBVI,266,0.12101772226351226,0.3716834205923303,30
Price--BBVI,267,0.10664582364735316,0.3779362355696837,30
Price--BBVI,268,0.12213618021461038,0.37716981416180895,30
Price--BBVI,269,0.11636725024875375,0.4374389930262836,30
Price--BBVI,270,0.12718792729147946,0.37377427173366845,30
Price--BBVI,271,0.13070792671201048,0.39988844820319946,30
Price--BBVI,272,0.14555825900397024,0.41880672693943644,30
Price--BBVI,273,0.11139862209569457,0.37078505938272266,30
Price--BBVI,274,0.11091428016044763,0.40034625732750895,30
Price--BBVI,275,0.10781113047672161,0.37921194847856154,30
Price--BBVI,276,0.10346887435850986,0.40991900808882975,30
Price--BBVI,277,0.12680164217409504,0.40113370537804904,30
Price--BBVI,278,0.12063976938478592,0.3958686799270331,30
Price--BBVI,279,0.13480111855675975,0.39494989137675196,30
Price--BBVI,280,0.15116319515058987,0.4414009917324765,30
Price--BBVI,281,0.15118811333348042,0.4083073182383553,30
Price--BBVI,282,0.15703840598639418,0.40750430187565867,30
Price--BBVI,283,0.14183526466317084,0.3923744212716044,30
Price--BBVI,284,0.1270195125365012,0.39821106928058203,30
Price--BBVI,285,0.12686008095454132,0.40489866520594,30
Price--BBVI,286,0.11074302366322422,0.38820521015723886,30
Price--BBVI,287,0.12055425896800309,0.3732346127217461,30
Price--BBVI,288,0.12516497607194804,0.37485511263572485,30
Price--BBVI,289,0.13851091868183066,0.3773843980223571,30
Price--BBVI,290,0.14076795377378912,0.38590505000283937,30
Price--BBVI,291,0.131414490111421,0.39339584070320516,30
Price--BBVI,292,0.11332272988160173,0.41282988336566245,30
Price--BBVI,293,0.1108082345009098,0.4143295209865616,30
Price--BBVI,294,0.12185076442898592,0.39332524803706476,30
Price--BBVI,295,0.12391101372603625,0.41467931383565615,30
Price--BBVI,296,0.12902425151034755,0.402612091443053,30
Price--BBVI,297,0.11965351197946905,0.37309326355013694,30
Price--BBVI,298,0.13739642822830236,0.3658258652256901,30
Price--BBVI,299,0.1340842006204887,0.36393025331953943,30
Price--BBVI,300,0.12576282383908158,0.38404653180013715,30
S--FB--GVI,0,2.2584051416334807e-16,1.3300109052715507,30
S--FB--GVI,1,0.06794194935427912,1.2931251293052521,30
S--FB--GVI,2,0.08952296766290298,1.20823528615914,30
S--FB--GVI,3,0.09607472437153994,1.1759450315857847,30
S--FB--GVI,4,0.1076735724330537,1.1421445051946213,30
S--FB--GVI,5,0.09794170804861944,1.0923092219751183,30
S--FB--GVI,6,0.11077935922251358,1.0725868477416363,30
S--FB--GVI,7,0.11415960923026047,1.039428250372337,30
S--FB--GVI,8,0.10819427877142633,1.027661619734551,30
S--FB--GVI,9,0.11118319822341269,1.0051511694761466,30
S--FB--GVI,10,0.11837502874558323,1.0002121226671552,30
S--FB--GVI,11,0.1100922143749926,0.9398571776097557,30
S--FB--GVI,12,0.10824220890277322,0.901585563158509,30
S--FB--GVI,13,0.10172482368178168,0.8501497910946503,30
S--FB--GVI,14,0.0983831483714918,0.8560404186904917,30
S--FB--GVI,15,0.09895621070527873,0.8467156897668588,30
S--FB--GVI,16,0.09490619000029958,0.8576200956488562,30
S--FB--GVI,17,0.10102335694522602,0.8287924002409401,30
S--FB--GVI,18,0.1030916708087715,0.8075704164991492,30
S--FB--GVI,19,0.1057086966026156,0.7873191703531961,30
S--FB--GVI,20,0.09505130109233254,0.8061834681031609,30
S--FB--GVI,21,0.07725138946747866,0.7780718266022921,30
S--FB--GVI,22,0.08911270968388335,0.7647708943858975,30
S--FB--GVI,23,0.10535147534989257,0.7494805751867821,30
S--FB--GVI,24,0.11078759268933981,0.7457163700051733,30
S--FB--GVI,25,0.11196608129920041,0.7508528034686304,30
S--FB--GVI,26,0.10582977427676574,0.7271046496569789,30
S--FB--GVI,27,0.1131874393404878,0.7107482085653409,30
S--FB--GVI,28,0.0850997940090691,0.7137647686956292,30
S--FB--GVI,29,0.08094413017754734,0.6889674855826455,30
S--FB--GVI,30,0.0834808155957174,0.6751724964272274,30
S--FB--GVI,31,0.07132877106727406,0.6823825154201275,30
S--FB--GVI,32,0.08777619624966639,0.6642834157981689,30
S--FB--GVI,33,0.09092056829094283,0.6438324975730623,30
S--FB--GVI,34,0.10946706619649324,0.6419541262124484,30
S--FB--GVI,35,0.10660018774686708,0.6429421738451517,30
S--FB--GVI,36,0.08310710804454703,0.6121785906179427,30
S--FB--GVI,37,0.07180111163997399,0.629292741158739,30
S--FB--GVI,38,0.0785416344919686,0.6316889093771028,30
S--FB--GVI,39,0.08662923536751117,0.6432949636831665,30
S--FB--GVI,40,0.08720318577548081,0.6341895637760626,30
S--FB--GVI,41,0.08860672714850179,0.6066499831463998,30
S--FB--GVI,42,0.11070851292429415,0.6073114781091391,30
S--FB--GVI,43,0.10498139202119222,0.6102205570413322,30
S--FB--GVI,44,0.0801597658342462,0.5926997063419253,30
S--FB--GVI,45,0.08051673705472469,0.6162427542169533,30
S--FB--GVI,46,0.09179395733510091,0.590326089917456,30
S--FB--GVI,47,0.09111759884013951,0.581154725965807,30
S--FB--GVI,48,0.0880608050237612,0.5822195095919382,30
S--FB--GVI,49,0.13633189809663276,0.5876358344727464,30
S--FB--GVI,50,0.1273732096732301,0.5649385143468444,30
S--FB--GVI,51,0.12724101036032273,0.5481940366757039,30
S--FB--GVI,52,0.12286606439030058,0.5560537939712433,30
S--FB--GVI,53,0.09378253892286603,0.5346815361163662,30
S--FB--GVI,54,0.0951030924995245,0.5471377950350077,30
S--FB--GVI,55,0.0913544237050885,0.5408577628449969,30
S--FB--GVI,56,0.08844678833059873,0.5485468153114801,30
S--FB--GVI,57,0.11947032300670744,0.5255868175944273,30
S--FB--GVI,58,0.09711902583433235,0.5279645212636164,30
S--FB--GVI,59,0.10613509011592176,0.5235626681648435,30
S--FB--GVI,60,0.11592428387779931,0.5223547713288905,30
S--FB--GVI,61,0.0943131753834149,0.5405785740811309,30
S--FB--GVI,62,0.087872863042823,0.5240221913859395,30
S--FB--GVI,63,0.08487484878657137,0.5242420884553252,30
S--FB--GVI,64,0.10203313390158954,0.5148161133262941,30
S--FB--GVI,65,0.08748766715274733,0.49715017425808955,30
S--FB--GVI,66,0.12120185160626709,0.5075356358565851,30
S--FB--GVI,67,0.10864156778221346,0.49066247372710137,30
S--FB--GVI,68,0.09072667870142725,0.514320581568394,30
S--FB--GVI,69,0.08930050002100128,0.5216192376848285,30
S--FB--GVI,70,0.08221645102877154,0.5466341773770971,30
S--FB--GVI,71,0.09092525241707536,0.5249078237275355,30
S--FB--GVI,72,0.09810290321024565,0.5151282031139721,30
S--FB--GVI,73,0.09484019210082037,0.520357531046898,30
S--FB--GVI,74,0.09707145144289407,0.5329635842611369,30
S--FB--GVI,75,0.10505761975857762,0.5518540893147894,30
S--FB--GVI,76,0.10059661982089439,0.5356038807534222,30
S--FB--GVI,77,0.09536318966898039,0.5148914165063142,30
S--FB--GVI,78,0.10086197017720847,0.5160382127405752,30
S--FB--GVI,79,0.10463412971061699,0.5000394806703323,30
S--FB--GVI,80,0.09841430475767636,0.48631851258697967,30
S--FB--GVI,81,0.11152121206866926,0.5133547259100785,30
S--FB--GVI,82,0.11870473899685412,0.48151368289645186,30
S--FB--GVI,83,0.1088056536605729,0.48079802059933563,30
S--FB--GVI,84,0.13166312920255746,0.4661209087412705,30
S--FB--GVI,85,0.13525179524789102,0.4997836824905213,30
S--FB--GVI,86,0.13779631529244488,0.47771506522209795,30
S--FB--GVI,87,0.1320973346396271,0.4790018350636338,30
S--FB--GVI,88,0.12790748196091395,0.48906473949092955,30
S--FB--GVI,89,0.11495703583127187,0.5035999903010361,30
S--FB--GVI,90,0.11277450092398912,0.4723804064628818,30
S--FB--GVI,91,0.106416941445679,0.48303702270836224,30
S--FB--GVI,92,0.09317595822036365,0.4457491847938284,30
S--FB--GVI,93,0.10096771883969596,0.46160944799874437,30
S--FB--GVI,94,0.12949709873114237,0.4616165029767026,30
S--FB--GVI,95,0.12737751266627884,0.4606840504425385,30
S--FB--GVI,96,0.1029235001384885,0.44564045922669626,30
S--FB--GVI,97,0.10003580207476137,0.45088758774388565,30
S--FB--GVI,98,0.09386568875305314,0.4598789055309762,30
S--FB--GVI,99,0.09768642270421886,0.4323414559611203,30
S--FB--GVI,100,0.10718222463820173,0.46171534960716454,30
S--FB--GVI,101,0.09427836484492802,0.4687573752981167,30
S--FB--GVI,102,0.09000321812214768,0.44639177295206967,30
S--FB--GVI,103,0.11383840130567058,0.4261758804305747,30
S--FB--GVI,104,0.12232590013705244,0.3831224578066525,30
S--FB--GVI,105,0.10710029847592205,0.4122509273656222,30
S--FB--GVI,106,0.11834600755069004,0.43368359200309486,30
S--FB--GVI,107,0.13232407621797704,0.3749034477023291,30
S--FB--GVI,108,0.12241281980204197,0.4201678393333142,30
S--FB--GVI,109,0.10960606864968289,0.40694784000853657,30
S--FB--GVI,110,0.11037527691419137,0.3891633440817085,30
S--FB--GVI,111,0.09249169787070698,0.3963327270371711,30
S--FB--GVI,112,0.09548830429282305,0.3887404894479297,30
S--FB--GVI,113,0.08749775635307332,0.37700870359294203,30
S--FB--GVI,114,0.11225059828726537,0.3922465415059434,30
S--FB--GVI,115,0.10663902401137243,0.3923398368506675,30
S--FB--GVI,116,0.11896526909320367,0.3784480770907333,30
S--FB--GVI,117,0.11986565284989484,0.4118907598844835,30
S--FB--GVI,118,0.10893912539257128,0.39335745945805667,30
S--FB--GVI,119,0.09301005438905334,0.4037532453660708,30
S--FB--GVI,120,0.08732873683307818,0.41098037392952314,30
S--FB--GVI,121,0.09910947140566019,0.40686353585029106,30
S--FB--GVI,122,0.1029652682225994,0.3891612754028262,30
S--FB--GVI,123,0.10979999747080423,0.4076579004973706,30
S--FB--GVI,124,0.11108494646395747,0.4246080423302463,30
S--FB--GVI,125,0.1249852088265592,0.4160744751261295,30
S--FB--GVI,126,0.12864546380705683,0.42310096709857925,30
S--FB--GVI,127,0.11012342514450815,0.4387951824298838,30
S--FB--GVI,128,0.11868824301486304,0.4477674559711917,30
S--FB--GVI,129,0.12609648045354102,0.44658041152028294,30
S--FB--GVI,130,0.13299522390861776,0.44683121043168983,30
S--FB--GVI,131,0.13338144734777288,0.4245261015992547,30
S--FB--GVI,132,0.11246148545089003,0.41245048720407046,30
S--FB--GVI,133,0.10136941301580969,0.41018618294002424,30
S--FB--GVI,134,0.09287544926208555,0.383748915205155,30
S--FB--GVI,135,0.09928132620218318,0.3752678634718941,30
S--FB--GVI,136,0.108980909275304,0.3849449117678321,30
S--FB--GVI,137,0.0979961357093791,0.4014683047059673,30
S--FB--GVI,138,0.08243547503306563,0.3909549839862577,30
S--FB--GVI,139,0.09898382746049177,0.3979082266406275,30
S--FB--GVI,140,0.10824880587927123,0.37490118621655444,30
S--FB--GVI,141,0.11445069966498424,0.3541443811315079,30
S--FB--GVI,142,0.11585904826089774,0.35133555410584705,30
S--FB--GVI,143,0.10798681620809825,0.3648460092317788,30
S--FB--GVI,144,0.10883213259197244,0.42185443921230353,30
S--FB--GVI,145,0.11929610732407014,0.4025608836809262,30
S--FB--GVI,146,0.10708236995235647,0.40975627765597517,30
S--FB--GVI,147,0.10637837534963909,0.4072750169997973,30
S--FB--GVI,148,0.128320285744399,0.4243177810506157,30
S--FB--GVI,149,0.13674801131752526,0.3972114805581019,30
S--FB--GVI,150,0.12958862399162224,0.4285100541268052,30
S--FB--GVI,151,0.10856342791861917,0.4242509998305261,30
S--FB--GVI,152,0.13549151427439216,0.40087812185515015,30
S--FB--GVI,153,0.13394937315052582,0.40624458568400784,30
S--FB--GVI,154,0.13188109701464978,0.41843065862595225,30
S--FB--GVI,155,0.11210513060579017,0.38739869207123606,30
S--FB--GVI,156,0.12327895767476446,0.41528665946816323,30
S--FB--GVI,157,0.09601715190746271,0.4236770143999087,30
S--FB--GVI,158,0.09727626774209706,0.41698444999020823,30
S--FB--GVI,159,0.10409050500936881,0.4151796247737151,30
S--FB--GVI,160,0.09941081999173441,0.40009804161996276,30
S--FB--GVI,161,0.11013530185251616,0.3798396538961236,30
S--FB--GVI,162,0.10633882749726878,0.39986616385352464,30
S--FB--GVI,163,0.12726122196952905,0.388284580275884,30
S--FB--GVI,164,0.11303401664950048,0.41086786673348574,30
S--FB--GVI,165,0.13248837529863067,0.41629887300941615,30
S--FB--GVI,166,0.12430217646381073,0.42089995600935376,30
S--FB--GVI,167,0.12068468917582012,0.43170638116454585,30
S--FB--GVI,168,0.12615204723322423,0.4235826755263574,30
S--FB--GVI,169,0.1320254245272345,0.4209615488914342,30
S--FB--GVI,170,0.14939961828971823,0.43906091176720724,30
S--FB--GVI,171,0.13981540128463568,0.4031588830231096,30
S--FB--GVI,172,0.12794597605934033,0.37264796343433615,30
S--FB--GVI,173,0.14045282120763175,0.3934946147424318,30
S--FB--GVI,174,0.15154412307410325,0.3541324597299299,30
S--FB--GVI,175,0.12375568445988823,0.3797065327282768,30
S--FB--GVI,176,0.1184731053149379,0.3890375008824691,30
S--FB--GVI,177,0.10506617340174389,0.3792177980098286,30
S--FB--GVI,178,0.10263315475830019,0.3682076388069136,30
S--FB--GVI,179,0.11480403089771729,0.37045693700999627,30
S--FB--GVI,180,0.11128376336101513,0.3812672237760045,30
S--FB--GVI,181,0.13296217634728477,0.38396822013058535,30
S--FB--GVI,182,0.12621545289700686,0.36533710177753986,30
S--FB--GVI,183,0.12601282962192972,0.40500683636907675,30
S--FB--GVI,184,0.11479455925552444,0.3772455650330717,30
S--FB--GVI,185,0.08306463366129929,0.35517462995022087,30
S--FB--GVI,186,0.08895496090911606,0.3852627056154668,30
S--FB--GVI,187,0.08401690649277366,0.3998562209912922,30
S--FB--GVI,188,0.09847897896101479,0.3978699607424947,30
S--FB--GVI,189,0.09168628923983041,0.3948596128765589,30
S--FB--GVI,190,0.09938817075642808,0.3874371334779616,30
S--FB--GVI,191,0.10967904886244473,0.3960992807719752,30
S--FB--GVI,192,0.1177306269032255,0.3944135570657051,30
S--FB--GVI,193,0.10165108573565317,0.4059106637335562,30
S--FB--GVI,194,0.0985533470898572,0.4090805488745053,30
S--FB--GVI,195,0.11184238798605749,0.39731696041630254,30
S--FB--GVI,196,0.10987006781180195,0.396616865248951,30
S--FB--GVI,197,0.11064237272682417,0.3910059054544887,30
S--FB--GVI,198,0.12341092835885455,0.4064803948574175,30
S--FB--GVI,199,0.10980722463299691,0.4164897494225632,30
S--FB--GVI,200,0.11500916348810777,0.3954194815050823,30
S--FB--GVI,201,0.12781481164811134,0.40677660500345325,30
S--FB--GVI,202,0.1327498148473074,0.3875502063159705,30
S--FB--GVI,203,0.10391355712762537,0.42834800001231327,30
S--FB--GVI,204,0.09553599628152304,0.41351205330783986,30
S--FB--GVI,205,0.1025925482485644,0.42812088535909176,30
S--FB--GVI,206,0.11124670943699867,0.41293560449646194,30
S--FB--GVI,207,0.10628512613314596,0.4220957005494629,30
S--FB--GVI,208,0.13807542431461417,0.4037513783142933,30
S--FB--GVI,209,0.12832552341610032,0.388548464939112,30
S--FB--GVI,210,0.14828215329567815,0.3837561447551267,30
S--FB--GVI,211,0.1346877100128207,0.38778370084689673,30
S--FB--GVI,212,0.11170005639525236,0.39798933558609406,30
S--FB--GVI,213,0.09341926164845811,0.3935081998677096,30
S--FB--GVI,214,0.11077037467656563,0.37140764608652743,30
S--FB--GVI,215,0.11890786020995804,0.3982167564297786,30
S--FB--GVI,216,0.11503559248629024,0.3788490802639902,30
S--FB--GVI,217,0.10585806430135118,0.3859461327153355,30
S--FB--GVI,218,0.1314085594365482,0.3954058609314244,30
S--FB--GVI,219,0.12944106635821942,0.4248949389922636,30
S--FB--GVI,220,0.12254684101066605,0.4261014904938145,30
S--FB--GVI,221,0.1074569890157393,0.4169144219704184,30
S--FB--GVI,222,0.1374251399565183,0.3919094705517667,30
S--FB--GVI,223,0.13321836558420969,0.34676003615895523,30
S--FB--GVI,224,0.15871803934515316,0.375921820898523,30
S--FB--GVI,225,0.157051843032498,0.3820923390604555,30
S--FB--GVI,226,0.14766980118832157,0.39415399377696647,30
S--FB--GVI,227,0.11960106176900029,0.3854954961587592,30
S--FB--GVI,228,0.15439262172161647,0.35785778883494457,30
S--FB--GVI,229,0.1220102236490348,0.36000117730561554,30
S--FB--GVI,230,0.12623313107108006,0.4040194739643029,30
S--FB--GVI,231,0.13510369609078438,0.4137401347580789,30
S--FB--GVI,232,0.1284218811915417,0.3728882124702016,30
S--FB--GVI,233,0.12405129904930813,0.3851150629999647,30
S--FB--GVI,234,0.13091711665288785,0.36302133953139126,30
S--FB--GVI,235,0.13858248977177245,0.3502109125167958,30
S--FB--GVI,236,0.11401061968382231,0.3773356488878069,30
S--FB--GVI,237,0.10643917933586915,0.4026478573057797,30
S--FB--GVI,238,0.11627745061233262,0.37757490751499045,30
S--FB--GVI,239,0.11078194329856872,0.35629141008288767,30
S--FB--GVI,240,0.11788199348033923,0.3529177972430403,30
S--FB--GVI,241,0.08989707043660715,0.41894857318802525,30
S--FB--GVI,242,0.13008451885054187,0.3889190046088861,30
S--FB--GVI,243,0.1265799606026084,0.3858699624141747,30
S--FB--GVI,244,0.11489972238117395,0.40797286496291224,30
S--FB--GVI,245,0.13068466772221288,0.4059341184154023,30
S--FB--GVI,246,0.13216264598432462,0.411974618139052,30
S--FB--GVI,247,0.11582356352552813,0.4516054873432029,30
S--FB--GVI,248,0.1259856496535108,0.43028878708213014,30
S--FB--GVI,249,0.11614910627878355,0.39502320559948123,30
S--FB--GVI,250,0.11101010660150787,0.4469722645842237,30
S--FB--GVI,251,0.10368217583995659,0.41462785402614033,30
S--FB--GVI,252,0.12556690004454626,0.41812404609851783,30
S--FB--GVI,253,0.09777281341541681,0.41835979187079714,30
S--FB--GVI,254,0.11020490001066291,0.4189395971938129,30
S--FB--GVI,255,0.09172040996060925,0.42046338573057196,30
S--FB--GVI,256,0.07800059339669944,0.3957315501885711,30
S--FB--GVI,257,0.09701960705968214,0.4071119514838642,30
S--FB--GVI,258,0.10718574234689889,0.38806677242254056,30
S--FB--GVI,259,0.12486812083598176,0.37911430249194744,30
S--FB--GVI,260,0.12513369476082326,0.3827778291695453,30
S--FB--GVI,261,0.1409313091648083,0.41159397254872154,30
S--FB--GVI,262,0.14773473157616748,0.38079993785247884,30
S--FB--GVI,263,0.14838287064919195,0.3942900865308939,30
S--FB--GVI,264,0.14046771624602508,0.40473620890536266,30
S--FB--GVI,265,0.13972412175468826,0.41919953098809437,30
S--FB--GVI,266,0.12284984297644991,0.39382660569397143,30
S--FB--GVI,267,0.12577382111913754,0.3835967834683349,30
S--FB--GVI,268,0.10890228459363831,0.39819761396297043,30
S--FB--GVI,269,0.09395341378654545,0.4342605275729581,30
S--FB--GVI,270,0.09889312003089379,0.39148549874520255,30
S--FB--GVI,271,0.08930018583776704,0.4075820562713718,30
S--FB--GVI,272,0.1310629854478193,0.40772638771662545,30
S--FB--GVI,273,0.1176982121574957,0.38504284711455117,30
S--FB--GVI,274,0.11894055515050565,0.3811936915620759,30
S--FB--GVI,275,0.12272707214101886,0.37624976918237496,30
S--FB--GVI,276,0.1493511638043954,0.3813480536727805,30
S--FB--GVI,277,0.14815098566604332,0.3762893614745088,30
S--FB--GVI,278,0.1310874572755969,0.39491140574586614,30
S--FB--GVI,279,0.1489457535909674,0.4611888202623488,30
S--FB--GVI,280,0.17074153733523945,0.42091007043598605,30
S--FB--GVI,281,0.1645380364169806,0.41587718292525705,30
S--FB--GVI,282,0.1660613453632087,0.3681513614045445,30
S--FB--GVI,283,0.14619039854016685,0.4059416464384862,30
S--FB--GVI,284,0.1315138183058748,0.3921600731212742,30
S--FB--GVI,285,0.11917945818629666,0.38293910984300294,30
S--FB--GVI,286,0.11890109316881825,0.3791734090724318,30
S--FB--GVI,287,0.11676370997608912,0.3643578251742561,30
S--FB--GVI,288,0.13486747108652788,0.3721521602466819,30
S--FB--GVI,289,0.14200493150487645,0.36791213575808035,30
S--FB--GVI,290,0.1339086820393841,0.41375796571758905,30
S--FB--GVI,291,0.1330137002134048,0.4063452108921673,30
S--FB--GVI,292,0.11617038133235263,0.41850035935721,30
S--FB--GVI,293,0.1068153401563795,0.413303068803893,30
S--FB--GVI,294,0.1088909970091144,0.38580314683721534,30
S--FB--GVI,295,0.13280605265061585,0.414537431361216,30
S--FB--GVI,296,0.14061015926190573,0.415883261528954,30
S--FB--GVI,297,0.1372850844061894,0.4130970601151758,30
S--FB--GVI,298,0.15222963358621242,0.375976105074013,30
S--FB--GVI,299,0.16193384197345664,0.37365078672801477,30
S--FB--GVI,300,0.13785536102413162,0.39664774458601615,30
