iteration,median,min,max,floor,method,resolution_floor
0.0,225.56655101187025,218.47306929919864,232.3905856210673,1.7053025658242404e-13,FR--R,1.381705614313378e-13
10.0,33.3031759685025,31.78240107756784,33.50384401012906,1.7053025658242404e-13,FR--R,1.381705614313378e-13
20.0,15.1377904483075,14.07886678628546,15.18667750005693,1.7053025658242404e-13,FR--R,1.381705614313378e-13
30.0,8.376107166004772,7.656522847643316,8.436145798294206,1.7053025658242404e-13,FR--R,1.381705614313378e-13
40.0,5.062519438270783,4.589183558838158,5.162247259461424,1.7053025658242404e-13,FR--R,1.381705614313378e-13
50.0,3.2286323308138094,2.9110312943905683,3.335518859911588,1.7053025658242404e-13,FR--R,1.381705614313378e-13
60.0,2.1332057983395885,1.9161465634288104,2.2328757677301496,1.7053025658242404e-13,FR--R,1.381705614313378e-13
70.0,1.445084360692192,1.29439856698599,1.5323187238507217,1.7053025658242404e-13,FR--R,1.381705614313378e-13
80.0,0.9971874436075724,0.891202335849357,1.0709649483711132,1.7053025658242404e-13,FR--R,1.381705614313378e-13
90.0,0.6979048985429017,0.6225427369154772,0.7590291698387546,1.7053025658242404e-13,FR--R,1.381705614313378e-13
100.0,0.4938859560189712,0.4398070348302099,0.5438557741611589,1.7053025658242404e-13,FR--R,1.381705614313378e-13
110.0,0.3526167860297846,0.3135107083867297,0.3930947584451019,1.7053025658242404e-13,FR--R,1.381705614313378e-13
120.0,0.2535721230971717,0.2251082350165347,0.2861447692382626,1.7053025658242404e-13,FR--R,1.381705614313378e-13
130.0,0.1834285711383358,0.1625950439673147,0.2095091932899322,1.7053025658242404e-13,FR--R,1.381705614313378e-13
140.0,0.1333414905847121,0.1180197369194502,0.1541424384431025,1.7053025658242404e-13,FR--R,1.381705614313378e-13
150.0,0.0973311443000284,0.0860163059396654,0.1138686800635468,1.7053025658242404e-13,FR--R,1.381705614313378e-13
160.0,0.071293413249748,0.0629075734300386,0.0844066116413273,1.7053025658242404e-13,FR--R,1.381705614313378e-13
170.0,0.0523760527074159,0.0461415019019568,0.0627504287856481,1.7053025658242404e-13,FR--R,1.381705614313378e-13
180.0,0.0385759930840095,0.0339280898814422,0.0467673186387855,1.7053025658242404e-13,FR--R,1.381705614313378e-13
190.0,0.0284740801009775,0.0250006352223977,0.0349303195253014,1.7053025658242404e-13,FR--R,1.381705614313378e-13
200.0,0.0210573348971934,0.0184560131363014,0.0261379049134689,1.7053025658242404e-13,FR--R,1.381705614313378e-13
210.0,0.0155981041976929,0.0136462195109174,0.0195903044965461,1.7053025658242404e-13,FR--R,1.381705614313378e-13
220.0,0.0115708544315111,0.0100754859060998,0.0147036245148797,1.7053025658242404e-13,FR--R,1.381705614313378e-13
230.0,0.0085942623479695,0.0074327048374698,0.0110495513039268,1.7053025658242404e-13,FR--R,1.381705614313378e-13
240.0,0.0063905345067496,0.0054884555125909,0.0083126098909929,1.7053025658242404e-13,FR--R,1.381705614313378e-13
250.0,0.0047565989717668,0.0040562524307574,0.0062596143084192,1.7053025658242404e-13,FR--R,1.381705614313378e-13
260.0,0.003543561815718,0.0030000473034874,0.0047176742572219,1.7053025658242404e-13,FR--R,1.381705614313378e-13
270.0,0.0026419685667633,0.0022203559332751,0.0035582622217589,1.7053025658242404e-13,FR--R,1.381705614313378e-13
280.0,0.0019711746559778,0.0016442841058506,0.0026856079081767,1.7053025658242404e-13,FR--R,1.381705614313378e-13
290.0,0.0014716442118469,0.0012183267291447,0.0020282044083614,1.7053025658242404e-13,FR--R,1.381705614313378e-13
300.0,0.0010993482122785,0.0009031503219603,0.0015325658736173,1.7053025658242404e-13,FR--R,1.381705614313378e-13
310.0,0.0008216755202283,0.0006698007024397,0.0011586231714204,1.7053025658242404e-13,FR--R,1.381705614313378e-13
320.0,0.0006144391325619,0.0004969390548694,0.0008763168854102,1.7053025658242404e-13,FR--R,1.381705614313378e-13
330.0,0.0004596784481236,0.0003688227164388,0.000663069242762,1.7053025658242404e-13,FR--R,1.381705614313378e-13
340.0,0.0003440421201048,0.0002738269728297,0.0005019036153157,1.7053025658242404e-13,FR--R,1.381705614313378e-13
350.0,0.0002575956656301,0.0002033609482054,0.0003800426931661,1.7053025658242404e-13,FR--R,1.381705614313378e-13
360.0,0.0001929406686258,0.0001510712646677,0.0002878614948826,1.7053025658242404e-13,FR--R,1.381705614313378e-13
370.0,0.0001445631058913,0.0001122562686077,0.0002181040824211,1.7053025658242404e-13,FR--R,1.381705614313378e-13
380.0,0.0001083505072188,8.343462229731813e-05,0.0001652966882943,1.7053025658242404e-13,FR--R,1.381705614313378e-13
390.0,8.123375533841681e-05,6.202723579917802e-05,0.0001253074254918,1.7053025658242404e-13,FR--R,1.381705614313378e-13
400.0,6.092105104471557e-05,4.61225405388177e-05,9.501557917701577e-05,1.7053025658242404e-13,FR--R,1.381705614313378e-13
410.0,4.570012907834098e-05,3.43031198326571e-05,7.20629502097836e-05,1.7053025658242404e-13,FR--R,1.381705614313378e-13
420.0,3.429108221553179e-05,2.551755977719949e-05,5.466671660769862e-05,1.7053025658242404e-13,FR--R,1.381705614313378e-13
430.0,2.5736754139416007e-05,1.898566483760078e-05,4.1478476305201184e-05,1.7053025658242404e-13,FR--R,1.381705614313378e-13
440.0,1.932105072910417e-05,1.4128305792837637e-05,3.147799662883699e-05,1.7053025658242404e-13,FR--R,1.381705614313378e-13
450.0,1.4508017386560825e-05,1.0515472638417124e-05,2.389306928307633e-05,1.7053025658242404e-13,FR--R,1.381705614313378e-13
460.0,1.089637629547724e-05,7.82778903385406e-06,1.813902076719387e-05,1.7053025658242404e-13,FR--R,1.381705614313378e-13
470.0,8.185579815744859e-06,5.827985432915739e-06,1.377303271965502e-05,1.7053025658242404e-13,FR--R,1.381705614313378e-13
480.0,6.15045229324096e-06,4.339748102211161e-06,1.0459628697390144e-05,1.7053025658242404e-13,FR--R,1.381705614313378e-13
490.0,4.62223528074901e-06,3.232028461752634e-06,7.944586116082064e-06,1.7053025658242404e-13,FR--R,1.381705614313378e-13
500.0,3.4744157346722204e-06,2.407401439086243e-06,6.035207263721532e-06,1.7053025658242404e-13,FR--R,1.381705614313378e-13
510.0,2.612123978451564e-06,1.7934229390448309e-06,4.585395402045833e-06,1.7053025658242404e-13,FR--R,1.381705614313378e-13
520.0,1.9641999529085297e-06,1.336214552338788e-06,3.4853681540880643e-06,1.7053025658242404e-13,FR--R,1.381705614313378e-13
530.0,1.4772547274333192e-06,9.956973485714116e-07,2.6530026389082195e-06,1.7053025658242404e-13,FR--R,1.381705614313378e-13
540.0,1.111221763494541e-06,7.420528618240496e-07,2.019742510128708e-06,1.7053025658242404e-13,FR--R,1.381705614313378e-13
550.0,8.36026174511062e-07,5.530918656404538e-07,1.5378760735984542e-06,1.7053025658242404e-13,FR--R,1.381705614313378e-13
560.0,6.290871965575207e-07,4.123001531297632e-07,1.1711473462128197e-06,1.7053025658242404e-13,FR--R,1.381705614313378e-13
570.0,4.734476419798739e-07,3.073846528423019e-07,8.919993774725299e-07,1.7053025658242404e-13,FR--R,1.381705614313378e-13
580.0,3.563701511666295e-07,2.2919346065464202e-07,6.794826958866906e-07,1.7053025658242404e-13,FR--R,1.381705614313378e-13
590.0,2.682857029867592e-07,1.709120738269121e-07,5.176679565011e-07,1.7053025658242404e-13,FR--R,1.381705614313378e-13
600.0,2.0200343442411397e-07,1.2746545507980045e-07,3.944404056710482e-07,1.7053025658242404e-13,FR--R,1.381705614313378e-13
610.0,1.5211912796075924e-07,9.507368758931989e-08,3.005848157044966e-07,1.7053025658242404e-13,FR--R,1.381705614313378e-13
620.0,1.145700139204564e-07,7.0921146289038e-08,2.290902898494096e-07,1.7053025658242404e-13,FR--R,1.381705614313378e-13
630.0,8.630161119072e-08,5.290996796247782e-08,1.746219027154439e-07,1.7053025658242404e-13,FR--R,1.381705614313378e-13
640.0,6.501687721538475e-08,3.94771291212237e-08,1.3311944258020958e-07,1.7053025658242404e-13,FR--R,1.381705614313378e-13
650.0,4.8988169965014094e-08,2.9457623895723373e-08,1.0149244644708233e-07,1.7053025658242404e-13,FR--R,1.381705614313378e-13
660.0,3.6915821510774556e-08,2.1983282749715727e-08,7.738805152257555e-08,1.7053025658242404e-13,FR--R,1.381705614313378e-13
670.0,2.7822125048260204e-08,1.6407113889727043e-08,5.9014723774453166e-08,1.7053025658242404e-13,FR--R,1.381705614313378e-13
680.0,2.0971128833480183e-08,1.224651668962906e-08,4.500833483689348e-08,1.7053025658242404e-13,FR--R,1.381705614313378e-13
690.0,1.5809064279892482e-08,9.141899681708311e-09,3.4329673326283234e-08,1.7053025658242404e-13,FR--R,1.381705614313378e-13
700.0,1.1919041753571946e-08,6.825018772360636e-09,2.6187137791566784e-08,1.7053025658242404e-13,FR--R,1.381705614313378e-13
710.0,8.987285582406912e-09,5.095785127195995e-09,1.997784693230642e-08,1.7053025658242404e-13,FR--R,1.381705614313378e-13
720.0,6.7774408307741404e-09,3.804984771704767e-09,1.5242278550431365e-08,1.7053025658242404e-13,FR--R,1.381705614313378e-13
730.0,5.111530754220439e-09,2.841375135176349e-09,1.163027718575904e-08,1.7053025658242404e-13,FR--R,1.381705614313378e-13
740.0,3.8554617276531644e-09,2.1220785129116852e-09,8.875019830156816e-09,1.7053025658242404e-13,FR--R,1.381705614313378e-13
750.0,2.908393526013242e-09,1.584908204677049e-09,6.773063887521857e-09,1.7053025658242404e-13,FR--R,1.381705614313378e-13
760.0,2.194269654864911e-09,1.1839347280329091e-09,5.169340511201881e-09,1.7053025658242404e-13,FR--R,1.381705614313378e-13
770.0,1.6555645743210332e-09,8.844267540553118e-10,3.945672233385267e-09,1.7053025658242404e-13,FR--R,1.381705614313378e-13
780.0,1.2492478163039775e-09,6.607479008380324e-10,3.012019078596495e-09,1.7053025658242404e-13,FR--R,1.381705614313378e-13
790.0,9.428049452253615e-10,4.936850928061175e-10,2.299373136338545e-09,1.7053025658242404e-13,FR--R,1.381705614313378e-13
800.0,7.115659172995946e-10,3.6885694498778316e-10,1.7554384612594731e-09,1.7053025658242404e-13,FR--R,1.381705614313378e-13
810.0,5.371703082346356e-10,2.7569058147491887e-10,1.340310973318992e-09,1.7053025658242404e-13,FR--R,1.381705614313378e-13
820.0,4.0540726331528276e-10,2.0600054995156822e-10,1.0234089131699875e-09,1.7053025658242404e-13,FR--R,1.381705614313378e-13
830.0,3.0615865398431197e-10,1.5398882169392889e-10,7.815401659172493e-10,1.7053025658242404e-13,FR--R,1.381705614313378e-13
840.0,2.3118218450690617e-10,1.1510792319313623e-10,5.967990546196232e-10,1.7053025658242404e-13,FR--R,1.381705614313378e-13
850.0,1.745661393215414e-10,8.606093615526332e-11,4.557705324259586e-10,1.7053025658242404e-13,FR--R,1.381705614313378e-13
860.0,1.3176304491935298e-10,6.440359356929548e-11,3.481090971035883e-10,1.7053025658242404e-13,FR--R,1.381705614313378e-13
870.0,9.947598300641404e-11,4.808953235624358e-11,2.659135134308599e-10,1.7053025658242404e-13,FR--R,1.381705614313378e-13
880.0,7.5203843152849e-11,3.603872755775228e-11,2.0310153558966704e-10,1.7053025658242404e-13,FR--R,1.381705614313378e-13
890.0,5.6843418860808015e-11,2.6943780540023e-11,1.5512569007114507e-10,1.7053025658242404e-13,FR--R,1.381705614313378e-13
900.0,4.2916781239910045e-11,2.0236257114447653e-11,1.1857537174364552e-10,1.7053025658242404e-13,FR--R,1.381705614313378e-13
910.0,3.2457592169521376e-11,1.5063505998114124e-11,9.055156624526715e-11,1.7053025658242404e-13,FR--R,1.381705614313378e-13
920.0,2.449951352900825e-11,1.1254996934439989e-11,6.912159733474255e-11,1.7053025658242404e-13,FR--R,1.381705614313378e-13
930.0,1.8587797967484218e-11,8.526512829121202e-12,5.2864379540551454e-11,1.7053025658242404e-13,FR--R,1.381705614313378e-13
940.0,1.3983481039758772e-11,6.366462912410498e-12,4.035882739117369e-11,1.7053025658242404e-13,FR--R,1.381705614313378e-13
950.0,1.06297193269711e-11,4.774847184307873e-12,3.0809133022557944e-11,1.7053025658242404e-13,FR--R,1.381705614313378e-13
960.0,7.958078640513122e-12,3.637978807091713e-12,2.3533175408374518e-11,1.7053025658242404e-13,FR--R,1.381705614313378e-13
970.0,6.0254023992456496e-12,2.7284841053187847e-12,1.7962520360015333e-11,1.7053025658242404e-13,FR--R,1.381705614313378e-13
980.0,4.604316927725449e-12,1.9895196601282805e-12,1.3812950783176348e-11,1.7053025658242404e-13,FR--R,1.381705614313378e-13
990.0,3.524291969370097e-12,1.5347723092418164e-12,1.0572875908110289e-11,1.7053025658242404e-13,FR--R,1.381705614313378e-13
1000.0,2.671640686457977e-12,1.1368683772161605e-12,8.01492205937393e-12,1.7053025658242404e-13,FR--R,1.381705614313378e-13
1010.0,1.9895196601282805e-12,9.094947017729282e-13,6.0822458181064576e-12,1.7053025658242404e-13,FR--R,1.381705614313378e-13
1020.0,1.5916157281026244e-12,6.821210263296962e-13,4.718003765447065e-12,1.7053025658242404e-13,FR--R,1.381705614313378e-13
1030.0,1.1937117960769685e-12,5.115907697472721e-13,3.581135388230905e-12,1.7053025658242404e-13,FR--R,1.381705614313378e-13
1040.0,9.663381206337365e-13,3.979039320256561e-13,2.7284841053187847e-12,1.7053025658242404e-13,FR--R,1.381705614313378e-13
1050.0,6.821210263296962e-13,3.410605131648481e-13,2.0463630789890885e-12,1.7053025658242404e-13,FR--R,1.381705614313378e-13
1060.0,5.115907697472721e-13,1.7053025658242404e-13,1.6484591469634324e-12,1.7053025658242404e-13,FR--R,1.381705614313378e-13
1070.0,3.979039320256561e-13,5.684341886080803e-14,1.1937117960769685e-12,1.7053025658242404e-13,FR--R,1.381705614313378e-13
1080.0,3.410605131648481e-13,1.1368683772161605e-13,9.094947017729282e-13,1.7053025658242404e-13,FR--R,1.381705614313378e-13
1090.0,2.273736754432321e-13,5.684341886080803e-14,6.252776074688883e-13,1.7053025658242404e-13,FR--R,1.381705614313378e-13
1100.0,1.7053025658242404e-13,5.684341886080803e-14,5.115907697472721e-13,1.7053025658242404e-13,FR--R,1.381705614313378e-13
1110.0,,,,1.7053025658242404e-13,FR--R,1.381705614313378e-13
1120.0,,,,1.7053025658242404e-13,FR--R,1.381705614313378e-13
1130.0,,,,1.7053025658242404e-13,FR--R,1.381705614313378e-13
1140.0,,,,1.7053025658242404e-13,FR--R,1.381705614313378e-13
1150.0,,,,1.7053025658242404e-13,FR--R,1.381705614313378e-13
1160.0,,,,1.7053025658242404e-13,FR--R,1.381705614313378e-13
1170.0,,,,1.7053025658242404e-13,FR--R,1.381705614313378e-13
1180.0,,,,1.7053025658242404e-13,FR--R,1.381705614313378e-13
1190.0,,,,1.7053025658242404e-13,FR--R,1.381705614313378e-13
1200.0,,,,1.7053025658242404e-13,FR--R,1.381705614313378e-13
1210.0,,,,1.7053025658242404e-13,FR--R,1.381705614313378e-13
1220.0,,,,1.7053025658242404e-13,FR--R,1.381705614313378e-13
1230.0,,,,1.7053025658242404e-13,FR--R,1.381705614313378e-13
1240.0,,,,1.7053025658242404e-13,FR--R,1.381705614313378e-13
1250.0,,,,1.7053025658242404e-13,FR--R,1.381705614313378e-13
1260.0,,,,1.7053025658242404e-13,FR--R,1.381705614313378e-13
1270.0,,,,1.7053025658242404e-13,FR--R,1.381705614313378e-13
1280.0,,,,1.7053025658242404e-13,FR--R,1.381705614313378e-13
1290.0,,,,1.7053025658242404e-13,FR--R,1.381705614313378e-13
1300.0,,,,1.7053025658242404e-13,FR--R,1.381705614313378e-13
1310.0,,,,1.7053025658242404e-13,FR--R,1.381705614313378e-13
1320.0,,,,1.7053025658242404e-13,FR--R,1.381705614313378e-13
1330.0,,,,1.7053025658242404e-13,FR--R,1.381705614313378e-13
1340.0,,,,1.7053025658242404e-13,FR--R,1.381705614313378e-13
1350.0,,,,1.7053025658242404e-13,FR--R,1.381705614313378e-13
1360.0,,,,1.7053025658242404e-13,FR--R,1.381705614313378e-13
1370.0,,,,1.7053025658242404e-13,FR--R,1.381705614313378e-13
1380.0,,,,1.7053025658242404e-13,FR--R,1.381705614313378e-13
1390.0,,,,1.7053025658242404e-13,FR--R,1.381705614313378e-13
1400.0,,,,1.7053025658242404e-13,FR--R,1.381705614313378e-13
1410.0,,,,1.7053025658242404e-13,FR--R,1.381705614313378e-13
1420.0,,,,1.7053025658242404e-13,FR--R,1.381705614313378e-13
1430.0,,,,1.7053025658242404e-13,FR--R,1.381705614313378e-13
1440.0,,,,1.7053025658242404e-13,FR--R,1.381705614313378e-13
1450.0,,,,1.7053025658242404e-13,FR--R,1.381705614313378e-13
1460.0,,,,1.7053025658242404e-13,FR--R,1.381705614313378e-13
1470.0,,,,1.7053025658242404e-13,FR--R,1.381705614313378e-13
1480.0,,,,1.7053025658242404e-13,FR--R,1.381705614313378e-13
1490.0,,,,1.7053025658242404e-13,FR--R,1.381705614313378e-13
1500.0,,,,1.7053025658242404e-13,FR--R,1.381705614313378e-13
1510.0,,,,1.7053025658242404e-13,FR--R,1.381705614313378e-13
1520.0,,,,1.7053025658242404e-13,FR--R,1.381705614313378e-13
1530.0,,,,1.7053025658242404e-13,FR--R,1.381705614313378e-13
1540.0,,,,1.7053025658242404e-13,FR--R,1.381705614313378e-13
1550.0,,,,1.7053025658242404e-13,FR--R,1.381705614313378e-13
1560.0,,,,1.7053025658242404e-13,FR--R,1.381705614313378e-13
1570.0,,,,1.7053025658242404e-13,FR--R,1.381705614313378e-13
1580.0,,,,1.7053025658242404e-13,FR--R,1.381705614313378e-13
1590.0,,,,1.7053025658242404e-13,FR--R,1.381705614313378e-13
1600.0,,,,1.7053025658242404e-13,FR--R,1.381705614313378e-13
1610.0,,,,1.7053025658242404e-13,FR--R,1.381705614313378e-13
1620.0,,,,1.7053025658242404e-13,FR--R,1.381705614313378e-13
1630.0,,,,1.7053025658242404e-13,FR--R,1.381705614313378e-13
1640.0,,,,1.7053025658242404e-13,FR--R,1.381705614313378e-13
1650.0,,,,1.7053025658242404e-13,FR--R,1.381705614313378e-13
1660.0,,,,1.7053025658242404e-13,FR--R,1.381705614313378e-13
1670.0,,,,1.7053025658242404e-13,FR--R,1.381705614313378e-13
1680.0,,,,1.7053025658242404e-13,FR--R,1.381705614313378e-13
1690.0,,,,1.7053025658242404e-13,FR--R,1.381705614313378e-13
1700.0,,,,1.7053025658242404e-13,FR--R,1.381705614313378e-13
1710.0,,,,1.7053025658242404e-13,FR--R,1.381705614313378e-13
1720.0,,,,1.7053025658242404e-13,FR--R,1.381705614313378e-13
1730.0,,,,1.7053025658242404e-13,FR--R,1.381705614313378e-13
1740.0,,,,1.7053025658242404e-13,FR--R,1.381705614313378e-13
1750.0,,,,1.7053025658242404e-13,FR--R,1.381705614313378e-13
1760.0,,,,1.7053025658242404e-13,FR--R,1.381705614313378e-13
1770.0,,,,1.7053025658242404e-13,FR--R,1.381705614313378e-13
1780.0,,,,1.7053025658242404e-13,FR--R,1.381705614313378e-13
1790.0,,,,1.7053025658242404e-13,FR--R,1.381705614313378e-13
1800.0,,,,1.7053025658242404e-13,FR--R,1.381705614313378e-13
1810.0,,,,1.7053025658242404e-13,FR--R,1.381705614313378e-13
1820.0,,,,1.7053025658242404e-13,FR--R,1.381705614313378e-13
1830.0,,,,1.7053025658242404e-13,FR--R,1.381705614313378e-13
1840.0,,,,1.7053025658242404e-13,FR--R,1.381705614313378e-13
1850.0,,,,1.7053025658242404e-13,FR--R,1.381705614313378e-13
1860.0,,,,1.7053025658242404e-13,FR--R,1.381705614313378e-13
1870.0,,,,1.7053025658242404e-13,FR--R,1.381705614313378e-13
1880.0,,,,1.7053025658242404e-13,FR--R,1.381705614313378e-13
1890.0,,,,1.7053025658242404e-13,FR--R,1.381705614313378e-13
1900.0,,,,1.7053025658242404e-13,FR--R,1.381705614313378e-13
1910.0,,,,1.7053025658242404e-13,FR--R,1.381705614313378e-13
1920.0,,,,1.7053025658242404e-13,FR--R,1.381705614313378e-13
1930.0,,,,1.7053025658242404e-13,FR--R,1.381705614313378e-13
1940.0,,,,1.7053025658242404e-13,FR--R,1.381705614313378e-13
1950.0,,,,1.7053025658242404e-13,FR--R,1.381705614313378e-13
1960.0,,,,1.7053025658242404e-13,FR--R,1.381705614313378e-13
1970.0,,,,1.7053025658242404e-13,FR--R,1.381705614313378e-13
1980.0,,,,1.7053025658242404e-13,FR--R,1.381705614313378e-13
1990.0,,,,1.7053025658242404e-13,FR--R,1.381705614313378e-13
2000.0,,,,1.7053025658242404e-13,FR--R,1.381705614313378e-13
0.0,225.56655101187025,218.47306929919864,232.3905856210673,1.7053025658242404e-13,FR--KL,1.381705614313378e-13
10.0,36.70462625188719,35.16802737621941,36.86777111395168,1.7053025658242404e-13,FR--KL,1.381705614313378e-13
20.0,16.486138240806724,15.42979391953844,16.520221849534835,1.7053025658242404e-13,FR--KL,1.381705614313378e-13
30.0,9.045177882684186,8.34754075137755,9.145646904648288,1.7053025658242404e-13,FR--KL,1.381705614313378e-13
40.0,5.453803090651945,4.993368978384467,5.579678367332406,1.7053025658242404e-13,FR--KL,1.381705614313378e-13
50.0,3.4757957981707364,3.1664731250301656,3.6027150305760074,1.7053025658242404e-13,FR--KL,1.381705614313378e-13
60.0,2.2973414420412155,2.0858138670108133,2.412409675355889,1.7053025658242404e-13,FR--KL,1.381705614313378e-13
70.0,1.5579305249078743,1.4110083742643835,1.6570672159136848,1.7053025658242404e-13,FR--KL,1.381705614313378e-13
80.0,1.076746086192088,0.9733378270223624,1.1597790203473437,1.7053025658242404e-13,FR--KL,1.381705614313378e-13
90.0,0.7550588764518125,0.6814595131393162,0.8234212821475921,1.7053025658242404e-13,FR--KL,1.381705614313378e-13
100.0,0.5355384378277108,0.4826580896053656,0.5911976126767513,1.7053025658242404e-13,FR--KL,1.381705614313378e-13
110.0,0.3833126833357028,0.3450126445048909,0.4282823530006681,1.7053025658242404e-13,FR--KL,1.381705614313378e-13
120.0,0.2763929415480675,0.2484622130494358,0.312524960496944,1.7053025658242404e-13,FR--KL,1.381705614313378e-13
130.0,0.2005132924417125,0.1800240411259892,0.2294231848205754,1.7053025658242404e-13,FR--KL,1.381705614313378e-13
140.0,0.1462033132378906,0.1310960819732258,0.1692588120895948,1.7053025658242404e-13,FR--KL,1.381705614313378e-13
150.0,0.1070572264934526,0.0958687681225001,0.1253948923995835,1.7053025658242404e-13,FR--KL,1.381705614313378e-13
160.0,0.0786747534265828,0.0703563473079498,0.0932274335974057,1.7053025658242404e-13,FR--KL,1.381705614313378e-13
170.0,0.057994166623871,0.0517884790770608,0.0695209140581596,1.7053025658242404e-13,FR--KL,1.381705614313378e-13
180.0,0.0428620543838178,0.0382185526968328,0.0519766139719877,1.7053025658242404e-13,FR--KL,1.381705614313378e-13
190.0,0.0317500438102342,0.0282662028874938,0.0389462881439044,1.7053025658242404e-13,FR--KL,1.381705614313378e-13
200.0,0.0235649996895972,0.020938862380774,0.0292388369265381,1.7053025658242404e-13,FR--KL,1.381705614313378e-13
210.0,0.0175199374214116,0.0154686250313602,0.0219877637226204,1.7053025658242404e-13,FR--KL,1.381705614313378e-13
220.0,0.0130450922488307,0.0114427339001395,0.0165591053078628,1.7053025658242404e-13,FR--KL,1.381705614313378e-13
230.0,0.0097259697972731,0.0084744960145144,0.0124867465355009,1.7053025658242404e-13,FR--KL,1.381705614313378e-13
240.0,0.0072597762101054,0.0062826323155036,0.0094265255642653,1.7053025658242404e-13,FR--KL,1.381705614313378e-13
250.0,0.0054245193718998,0.0046618688689932,0.0071233920175473,1.7053025658242404e-13,FR--KL,1.381705614313378e-13
260.0,0.0040569376840267,0.0034619741817323,0.0053877305240916,1.7053025658242404e-13,FR--KL,1.381705614313378e-13
270.0,0.0030366353286126,0.0025727298528863,0.0040781809671557,1.7053025658242404e-13,FR--KL,1.381705614313378e-13
280.0,0.0022746163419924,0.0019131008050976,0.0030891021430647,1.7053025658242404e-13,FR--KL,1.381705614313378e-13
290.0,0.0017049583039465,0.0014233974775947,0.0023413784914509,1.7053025658242404e-13,FR--KL,1.381705614313378e-13
300.0,0.0012787407545715,0.0010595818236538,0.0017756491812974,1.7053025658242404e-13,FR--KL,1.381705614313378e-13
310.0,0.000959601627926,0.0007891170575362,0.0013473023395818,1.7053025658242404e-13,FR--KL,1.381705614313378e-13
320.0,0.0007204747813602,0.0005879338932572,0.0010227619218881,1.7053025658242404e-13,FR--KL,1.381705614313378e-13
330.0,0.0005411879662915,0.0004382073421993,0.0007767253587189,1.7053025658242404e-13,FR--KL,1.381705614313378e-13
340.0,0.0004066899462031,0.0003267239198407,0.0005901032233168,1.7053025658242404e-13,FR--KL,1.381705614313378e-13
350.0,0.0003057391274978,0.0002436801605085,0.0004484790206902,1.7053025658242404e-13,FR--KL,1.381705614313378e-13
360.0,0.0002299316984704,0.0001817970129422,0.0003409554841482,1.7053025658242404e-13,FR--KL,1.381705614313378e-13
370.0,0.0001729801549572,0.0001356660981173,0.0002592888560002,1.7053025658242404e-13,FR--KL,1.381705614313378e-13
380.0,0.0001301768958228,0.0001012664937434,0.0001972382452777,1.7053025658242404e-13,FR--KL,1.381705614313378e-13
390.0,9.799487645523186e-05,7.560714971077687e-05,0.000150075948909,1.7053025658242404e-13,FR--KL,1.381705614313378e-13
400.0,7.378994723694632e-05,5.646200071396379e-05,0.0001142184570994,1.7053025658242404e-13,FR--KL,1.381705614313378e-13
410.0,5.557874436590282e-05,4.217356786284654e-05,8.694809423559491e-05,1.7053025658242404e-13,FR--KL,1.381705614313378e-13
420.0,4.187279699863211e-05,3.1507222217896924e-05,6.620282408675848e-05,1.7053025658242404e-13,FR--KL,1.381705614313378e-13
430.0,3.1554515999232535e-05,2.354296350404184e-05,5.0417388820278575e-05,1.7053025658242404e-13,FR--KL,1.381705614313378e-13
440.0,2.378441638484219e-05,1.759500565867711e-05,3.840314809622214e-05,1.7053025658242404e-13,FR--KL,1.381705614313378e-13
450.0,1.793165858998691e-05,1.315198755946767e-05,2.925712777823719e-05,1.7053025658242404e-13,FR--KL,1.381705614313378e-13
460.0,1.352201331883407e-05,9.832497596562462e-06,2.229313224688667e-05,1.7053025658242404e-13,FR--KL,1.381705614313378e-13
470.0,1.0198856614351826e-05,7.35197255608e-06,1.6989537755307538e-05,1.7053025658242404e-13,FR--KL,1.381705614313378e-13
480.0,7.693915733852918e-06,5.498051962149475e-06,1.2949706899689772e-05,1.7053025658242404e-13,FR--KL,1.381705614313378e-13
490.0,5.80531821015029e-06,4.112219755825208e-06,9.871959150586918e-06,1.7053025658242404e-13,FR--KL,1.381705614313378e-13
500.0,4.381112148621469e-06,3.0761258358324994e-06,7.526779029376485e-06,1.7053025658242404e-13,FR--KL,1.381705614313378e-13
510.0,3.3068899369936844e-06,2.301389656622632e-06,5.739512118907442e-06,1.7053025658242404e-13,FR--KL,1.381705614313378e-13
520.0,2.496488605174818e-06,1.7219979895344295e-06,4.377221841878054e-06,1.7053025658242404e-13,FR--KL,1.381705614313378e-13
530.0,1.8850005858439545e-06,1.2886343938589562e-06,3.3387036069143505e-06,1.7053025658242404e-13,FR--KL,1.381705614313378e-13
540.0,1.4235189951250504e-06,9.6445029384995e-07,2.547404335473402e-06,1.7053025658242404e-13,FR--KL,1.381705614313378e-13
550.0,1.0751838317446527e-06,7.219074404929415e-07,1.946113059148047e-06,1.7053025658242404e-13,FR--KL,1.381705614313378e-13
560.0,8.122092367557343e-07,5.404222065408248e-07,1.4869503957015695e-06,1.7053025658242404e-13,FR--KL,1.381705614313378e-13
570.0,6.136446017990238e-07,4.046073058816546e-07,1.136268565460341e-06,1.7053025658242404e-13,FR--KL,1.381705614313378e-13
580.0,4.636900712284842e-07,3.0295740316432784e-07,8.683998657943448e-07,1.7053025658242404e-13,FR--KL,1.381705614313378e-13
590.0,3.504281380628527e-07,2.2686924694426125e-07,6.637596925429534e-07,1.7053025658242404e-13,FR--KL,1.381705614313378e-13
600.0,2.648674808369833e-07,1.6990833273666794e-07,5.074024898021889e-07,1.7053025658242404e-13,FR--KL,1.381705614313378e-13
610.0,2.0022355329274438e-07,1.2726172826660334e-07,3.879209771184833e-07,1.7053025658242404e-13,FR--KL,1.381705614313378e-13
620.0,1.5137607078941073e-07,9.53288008531672e-08,2.9660702693945495e-07,1.7053025658242404e-13,FR--KL,1.381705614313378e-13
630.0,1.1445985137470417e-07,7.141539981603273e-08,2.268116077175364e-07,1.7053025658242404e-13,FR--KL,1.381705614313378e-13
640.0,8.655683814140502e-08,5.350585752239567e-08,1.734576358103368e-07,1.7053025658242404e-13,FR--KL,1.381705614313378e-13
650.0,6.546378017446841e-08,4.0091265418595874e-08,1.3266759424368504e-07,1.7053025658242404e-13,FR--KL,1.381705614313378e-13
660.0,4.951647269990645e-08,3.0042542675801094e-08,1.0147937246074434e-07,1.7053025658242404e-13,FR--KL,1.381705614313378e-13
670.0,3.745827825696324e-08,2.25145981858077e-08,7.763026133034145e-08,1.7053025658242404e-13,FR--KL,1.381705614313378e-13
680.0,2.8339513846731282e-08,1.6874309949344024e-08,5.9391368267824873e-08,1.7053025658242404e-13,FR--KL,1.381705614313378e-13
690.0,2.144298605344375e-08,1.264817228729953e-08,4.544159537545056e-08,1.7053025658242404e-13,FR--KL,1.381705614313378e-13
700.0,1.6226294974330813e-08,9.481198048888473e-09,3.4771289847412845e-08,1.7053025658242404e-13,FR--KL,1.381705614313378e-13
710.0,1.2279940619919216e-08,7.107814781193156e-09,2.6608631742419675e-08,1.7053025658242404e-13,FR--KL,1.381705614313378e-13
720.0,9.294353731092997e-09,5.328899987944169e-09,2.0363927433209028e-08,1.7053025658242404e-13,FR--KL,1.381705614313378e-13
730.0,7.035282578726765e-09,3.995637598563917e-09,1.5585897017444953e-08,1.7053025658242404e-13,FR--KL,1.381705614313378e-13
740.0,5.325830443325685e-09,2.996046077896608e-09,1.1929728316317778e-08,1.7053025658242404e-13,FR--KL,1.381705614313378e-13
750.0,4.032074230053695e-09,2.2467361304734368e-09,9.13212261366425e-09,1.7053025658242404e-13,FR--KL,1.381705614313378e-13
760.0,3.052889496757416e-09,1.685009465290932e-09,6.9909447120153345e-09,1.7053025658242404e-13,FR--KL,1.381705614313378e-13
770.0,2.3116513148124795e-09,1.2637428881134838e-09,5.3521489462582394e-09,1.7053025658242404e-13,FR--KL,1.381705614313378e-13
780.0,1.7505499272374434e-09,9.478640095039734e-10,4.097842065675651e-09,1.7053025658242404e-13,FR--KL,1.381705614313378e-13
790.0,1.325815901509486e-09,7.111111699487083e-10,3.1376430342788812e-09,1.7053025658242404e-13,FR--KL,1.381705614313378e-13
800.0,1.0041958375950344e-09,5.334186425898223e-10,2.4026007849897724e-09,1.7053025658242404e-13,FR--KL,1.381705614313378e-13
810.0,7.60621787776472e-10,4.0017766878008837e-10,1.839850938267773e-09,1.7053025658242404e-13,FR--KL,1.381705614313378e-13
820.0,5.762217369920107e-10,3.0024693842278793e-10,1.409034666721709e-09,1.7053025658242404e-13,FR--KL,1.381705614313378e-13
830.0,4.3655745685100555e-10,2.2527046894538214e-10,1.0791723070724402e-09,1.7053025658242404e-13,FR--KL,1.381705614313378e-13
840.0,3.3065816751332017e-10,1.6905232769204304e-10,8.266169970738702e-10,1.7053025658242404e-13,FR--KL,1.381705614313378e-13
850.0,2.506226337573025e-10,1.269313543161843e-10,6.330651558528189e-10,1.7053025658242404e-13,FR--KL,1.381705614313378e-13
860.0,1.8997070583282039e-10,9.526957001071423e-11,4.848743628826924e-10,1.7053025658242404e-13,FR--KL,1.381705614313378e-13
870.0,1.439275365555659e-10,7.150902092689648e-11,3.714717422553804e-10,1.7053025658242404e-13,FR--KL,1.381705614313378e-13
880.0,1.0908252079389058e-10,5.3660187404602766e-11,2.8455815481720487e-10,1.7053025658242404e-13,FR--KL,1.381705614313378e-13
890.0,8.265033102361484e-11,4.035882739117369e-11,2.1799451133119874e-10,1.7053025658242404e-13,FR--KL,1.381705614313378e-13
900.0,6.269829100347124e-11,3.0240698833949864e-11,1.6694912119419314e-10,1.7053025658242404e-13,FR--KL,1.381705614313378e-13
910.0,4.7464254748774686e-11,2.273736754432321e-11,1.2795453585567884e-10,1.7053025658242404e-13,FR--KL,1.381705614313378e-13
920.0,3.5981884138891473e-11,1.7053025658242404e-11,9.805489753489384e-11,1.7053025658242404e-13,FR--KL,1.381705614313378e-13
930.0,2.7341684472048652e-11,1.2960299500264227e-11,7.509015631512739e-11,1.7053025658242404e-13,FR--KL,1.381705614313378e-13
940.0,2.069100446533412e-11,9.606537787476556e-12,5.758238330599852e-11,1.7053025658242404e-13,FR--KL,1.381705614313378e-13
950.0,1.574562702444382e-11,7.275957614183426e-12,4.411049303598702e-11,1.7053025658242404e-13,FR--KL,1.381705614313378e-13
960.0,1.1937117960769683e-11,5.5138116294983774e-12,3.382183422218077e-11,1.7053025658242404e-13,FR--KL,1.381705614313378e-13
970.0,9.094947017729282e-12,4.149569576838985e-12,2.5863755581667647e-11,1.7053025658242404e-13,FR--KL,1.381705614313378e-13
980.0,6.934897101018578e-12,3.126388037344441e-12,1.9838353182422e-11,1.7053025658242404e-13,FR--KL,1.381705614313378e-13
990.0,5.2295945351943366e-12,2.330580173293129e-12,1.5234036254696548e-11,1.7053025658242404e-13,FR--KL,1.381705614313378e-13
1000.0,3.979039320256561e-12,1.7621459846850485e-12,1.1652900866465643e-11,1.7053025658242404e-13,FR--KL,1.381705614313378e-13
1010.0,3.069544618483633e-12,1.3642420526593924e-12,8.981260180007666e-12,1.7053025658242404e-13,FR--KL,1.381705614313378e-13
1020.0,2.330580173293129e-12,1.0231815394945445e-12,6.764366844436154e-12,1.7053025658242404e-13,FR--KL,1.381705614313378e-13
1030.0,1.8189894035458565e-12,8.526512829121202e-13,5.2295945351943366e-12,1.7053025658242404e-13,FR--KL,1.381705614313378e-13
1040.0,1.3073986337985845e-12,5.684341886080801e-13,4.035882739117369e-12,1.7053025658242404e-13,FR--KL,1.381705614313378e-13
1050.0,1.0231815394945445e-12,5.115907697472721e-13,3.126388037344441e-12,1.7053025658242404e-13,FR--KL,1.381705614313378e-13
1060.0,7.958078640513122e-13,3.979039320256561e-13,2.387423592153937e-12,1.7053025658242404e-13,FR--KL,1.381705614313378e-13
1070.0,6.252776074688883e-13,2.842170943040401e-13,1.7621459846850485e-12,1.7053025658242404e-13,FR--KL,1.381705614313378e-13
1080.0,4.547473508864641e-13,2.273736754432321e-13,1.3642420526593924e-12,1.7053025658242404e-13,FR--KL,1.381705614313378e-13
1090.0,3.410605131648481e-13,1.7053025658242404e-13,1.0231815394945445e-12,1.7053025658242404e-13,FR--KL,1.381705614313378e-13
1100.0,2.842170943040401e-13,1.1368683772161605e-13,7.958078640513122e-13,1.7053025658242404e-13,FR--KL,1.381705614313378e-13
1110.0,2.273736754432321e-13,5.684341886080803e-14,6.252776074688883e-13,1.7053025658242404e-13,FR--KL,1.381705614313378e-13
1120.0,1.7053025658242404e-13,,4.547473508864641e-13,1.7053025658242404e-13,FR--KL,1.381705614313378e-13
1130.0,,,,1.7053025658242404e-13,FR--KL,1.381705614313378e-13
1140.0,,,,1.7053025658242404e-13,FR--KL,1.381705614313378e-13
1150.0,,,,1.7053025658242404e-13,FR--KL,1.381705614313378e-13
1160.0,,,,1.7053025658242404e-13,FR--KL,1.381705614313378e-13
1170.0,,,,1.7053025658242404e-13,FR--KL,1.381705614313378e-13
1180.0,,,,1.7053025658242404e-13,FR--KL,1.381705614313378e-13
1190.0,,,,1.7053025658242404e-13,FR--KL,1.381705614313378e-13
1200.0,,,,1.7053025658242404e-13,FR--KL,1.381705614313378e-13
1210.0,,,,1.7053025658242404e-13,FR--KL,1.381705614313378e-13
1220.0,,,,1.7053025658242404e-13,FR--KL,1.381705614313378e-13
1230.0,,,,1.7053025658242404e-13,FR--KL,1.381705614313378e-13
1240.0,,,,1.7053025658242404e-13,FR--KL,1.381705614313378e-13
1250.0,,,,1.7053025658242404e-13,FR--KL,1.381705614313378e-13
1260.0,,,,1.7053025658242404e-13,FR--KL,1.381705614313378e-13
1270.0,,,,1.7053025658242404e-13,FR--KL,1.381705614313378e-13
1280.0,,,,1.7053025658242404e-13,FR--KL,1.381705614313378e-13
1290.0,,,,1.7053025658242404e-13,FR--KL,1.381705614313378e-13
1300.0,,,,1.7053025658242404e-13,FR--KL,1.381705614313378e-13
1310.0,,,,1.7053025658242404e-13,FR--KL,1.381705614313378e-13
1320.0,,,,1.7053025658242404e-13,FR--KL,1.381705614313378e-13
1330.0,,,,1.7053025658242404e-13,FR--KL,1.381705614313378e-13
1340.0,,,,1.7053025658242404e-13,FR--KL,1.381705614313378e-13
1350.0,,,,1.7053025658242404e-13,FR--KL,1.381705614313378e-13
1360.0,,,,1.7053025658242404e-13,FR--KL,1.381705614313378e-13
1370.0,,,,1.7053025658242404e-13,FR--KL,1.381705614313378e-13
1380.0,,,,1.7053025658242404e-13,FR--KL,1.381705614313378e-13
1390.0,,,,1.7053025658242404e-13,FR--KL,1.381705614313378e-13
1400.0,,,,1.7053025658242404e-13,FR--KL,1.381705614313378e-13
1410.0,,,,1.7053025658242404e-13,FR--KL,1.381705614313378e-13
1420.0,,,,1.7053025658242404e-13,FR--KL,1.381705614313378e-13
1430.0,,,,1.7053025658242404e-13,FR--KL,1.381705614313378e-13
1440.0,,,,1.7053025658242404e-13,FR--KL,1.381705614313378e-13
1450.0,,,,1.7053025658242404e-13,FR--KL,1.381705614313378e-13
1460.0,,,,1.7053025658242404e-13,FR--KL,1.381705614313378e-13
1470.0,,,,1.7053025658242404e-13,FR--KL,1.381705614313378e-13
1480.0,,,,1.7053025658242404e-13,FR--KL,1.381705614313378e-13
1490.0,,,,1.7053025658242404e-13,FR--KL,1.381705614313378e-13
1500.0,,,,1.7053025658242404e-13,FR--KL,1.381705614313378e-13
1510.0,,,,1.7053025658242404e-13,FR--KL,1.381705614313378e-13
1520.0,,,,1.7053025658242404e-13,FR--KL,1.381705614313378e-13
1530.0,,,,1.7053025658242404e-13,FR--KL,1.381705614313378e-13
1540.0,,,,1.7053025658242404e-13,FR--KL,1.381705614313378e-13
1550.0,,,,1.7053025658242404e-13,FR--KL,1.381705614313378e-13
1560.0,,,,1.7053025658242404e-13,FR--KL,1.381705614313378e-13
1570.0,,,,1.7053025658242404e-13,FR--KL,1.381705614313378e-13
1580.0,,,,1.7053025658242404e-13,FR--KL,1.381705614313378e-13
1590.0,,,,1.7053025658242404e-13,FR--KL,1.381705614313378e-13
1600.0,,,,1.7053025658242404e-13,FR--KL,1.381705614313378e-13
1610.0,,,,1.7053025658242404e-13,FR--KL,1.381705614313378e-13
1620.0,,,,1.7053025658242404e-13,FR--KL,1.381705614313378e-13
1630.0,,,,1.7053025658242404e-13,FR--KL,1.381705614313378e-13
1640.0,,,,1.7053025658242404e-13,FR--KL,1.381705614313378e-13
1650.0,,,,1.7053025658242404e-13,FR--KL,1.381705614313378e-13
1660.0,,,,1.7053025658242404e-13,FR--KL,1.381705614313378e-13
1670.0,,,,1.7053025658242404e-13,FR--KL,1.381705614313378e-13
1680.0,,,,1.7053025658242404e-13,FR--KL,1.381705614313378e-13
1690.0,,,,1.7053025658242404e-13,FR--KL,1.381705614313378e-13
1700.0,,,,1.7053025658242404e-13,FR--KL,1.381705614313378e-13
1710.0,,,,1.7053025658242404e-13,FR--KL,1.381705614313378e-13
1720.0,,,,1.7053025658242404e-13,FR--KL,1.381705614313378e-13
1730.0,,,,1.7053025658242404e-13,FR--KL,1.381705614313378e-13
1740.0,,,,1.7053025658242404e-13,FR--KL,1.381705614313378e-13
1750.0,,,,1.7053025658242404e-13,FR--KL,1.381705614313378e-13
1760.0,,,,1.7053025658242404e-13,FR--KL,1.381705614313378e-13
1770.0,,,,1.7053025658242404e-13,FR--KL,1.381705614313378e-13
1780.0,,,,1.7053025658242404e-13,FR--KL,1.381705614313378e-13
1790.0,,,,1.7053025658242404e-13,FR--KL,1.381705614313378e-13
1800.0,,,,1.7053025658242404e-13,FR--KL,1.381705614313378e-13
1810.0,,,,1.7053025658242404e-13,FR--KL,1.381705614313378e-13
1820.0,,,,1.7053025658242404e-13,FR--KL,1.381705614313378e-13
1830.0,,,,1.7053025658242404e-13,FR--KL,1.381705614313378e-13
1840.0,,,,1.7053025658242404e-13,FR--KL,1.381705614313378e-13
1850.0,,,,1.7053025658242404e-13,FR--KL,1.381705614313378e-13
1860.0,,,,1.7053025658242404e-13,FR--KL,1.381705614313378e-13
1870.0,,,,1.7053025658242404e-13,FR--KL,1.381705614313378e-13
1880.0,,,,1.7053025658242404e-13,FR--KL,1.381705614313378e-13
1890.0,,,,1.7053025658242404e-13,FR--KL,1.381705614313378e-13
1900.0,,,,1.7053025658242404e-13,FR--KL,1.381705614313378e-13
1910.0,,,,1.7053025658242404e-13,FR--KL,1.381705614313378e-13
1920.0,,,,1.7053025658242404e-13,FR--KL,1.381705614313378e-13
1930.0,,,,1.7053025658242404e-13,FR--KL,1.381705614313378e-13
1940.0,,,,1.7053025658242404e-13,FR--KL,1.381705614313378e-13
1950.0,,,,1.7053025658242404e-13,FR--KL,1.381705614313378e-13
1960.0,,,,1.7053025658242404e-13,FR--KL,1.381705614313378e-13
1970.0,,,,1.7053025658242404e-13,FR--KL,1.381705614313378e-13
1980.0,,,,1.7053025658242404e-13,FR--KL,1.381705614313378e-13
1990.0,,,,1.7053025658242404e-13,FR--KL,1.381705614313378e-13
2000.0,,,,1.7053025658242404e-13,FR--KL,1.381705614313378e-13
0.0,225.56655101187025,218.47306929919864,232.3905856210673,2.842170943040401e-13,FB--GVI,1.381705614313378e-13
10.0,10.553671971282768,9.09398054916744,12.23341083083386,2.842170943040401e-13,FB--GVI,1.381705614313378e-13
20.0,3.9720878199221934,3.222318428167,5.307617306149098,2.842170943040401e-13,FB--GVI,1.381705614313378e-13
30.0,2.35984827459248,1.676465306831858,3.150261706655158,2.842170943040401e-13,FB--GVI,1.381705614313378e-13
40.0,1.594056249786206,1.0249574055140442,2.091765548169292,2.842170943040401e-13,FB--GVI,1.381705614313378e-13
50.0,1.1367066872435316,0.6869983179119572,1.464400665561925,2.842170943040401e-13,FB--GVI,1.381705614313378e-13
60.0,0.8393754162555638,0.4884639735772111,1.0571035493468344,2.842170943040401e-13,FB--GVI,1.381705614313378e-13
70.0,0.6458486759727862,0.3614549820295565,0.7789361586825976,2.842170943040401e-13,FB--GVI,1.381705614313378e-13
80.0,0.5059179609136777,0.2750295009984711,0.5827615759918672,2.842170943040401e-13,FB--GVI,1.381705614313378e-13
90.0,0.4002515372299058,0.2134758336894151,0.456108311251171,2.842170943040401e-13,FB--GVI,1.381705614313378e-13
100.0,0.3189867278235283,0.1681199694893393,0.3649110599629921,2.842170943040401e-13,FB--GVI,1.381705614313378e-13
110.0,0.2556819409900868,0.1338355453827375,0.2930350527378778,2.842170943040401e-13,FB--GVI,1.381705614313378e-13
120.0,0.2022710778722398,0.1074156333505698,0.2359993010916241,2.842170943040401e-13,FB--GVI,1.381705614313378e-13
130.0,0.1582265423356261,0.0867555145938467,0.1905148177570481,2.842170943040401e-13,FB--GVI,1.381705614313378e-13
140.0,0.1245132967206927,0.0704167658787469,0.1541049360213264,2.842170943040401e-13,FB--GVI,1.381705614313378e-13
150.0,0.0985150826671201,0.0573823444692607,0.1248715999363412,2.842170943040401e-13,FB--GVI,1.381705614313378e-13
160.0,0.0783311217232949,0.0469125646814063,0.1013421148348925,2.842170943040401e-13,FB--GVI,1.381705614313378e-13
170.0,0.0625648370184421,0.0384568531232503,0.0823636042275666,2.842170943040401e-13,FB--GVI,1.381705614313378e-13
180.0,0.0501799754425178,0.0315976091364404,0.067027570069456,2.842170943040401e-13,FB--GVI,1.381705614313378e-13
190.0,0.0404008792180548,0.0260132359079534,0.0546144563862753,2.842170943040401e-13,FB--GVI,1.381705614313378e-13
200.0,0.0326423320914273,0.0214530180618339,0.0445520691704359,2.842170943040401e-13,FB--GVI,1.381705614313378e-13
210.0,0.0264595856614846,0.0177195604346707,0.0363839119389695,2.842170943040401e-13,FB--GVI,1.381705614313378e-13
220.0,0.0215123697024637,0.0146562022869716,0.0297447966231629,2.842170943040401e-13,FB--GVI,1.381705614313378e-13
230.0,0.0175387210554163,0.0121377999490732,0.0243418950752811,2.842170943040401e-13,FB--GVI,1.381705614313378e-13
240.0,0.0143357855376393,0.0100638503352001,0.0199399185146376,2.842170943040401e-13,FB--GVI,1.381705614313378e-13
250.0,0.0117456221708494,0.0083532800557009,0.0163494639188002,2.842170943040401e-13,FB--GVI,1.381705614313378e-13
260.0,0.0096446286129321,0.0069404446967382,0.0134178111114238,2.842170943040401e-13,FB--GVI,1.381705614313378e-13
270.0,0.0079356096982792,0.0057720235548686,0.0110216292227391,2.842170943040401e-13,FB--GVI,1.381705614313378e-13
280.0,0.0065417898960049,0.0048045874419813,0.0090611789140098,2.842170943040401e-13,FB--GVI,1.381705614313378e-13
290.0,0.0054022656108827,0.0040026792254366,0.0074556916032406,2.842170943040401e-13,FB--GVI,1.381705614313378e-13
300.0,0.0044685310740533,0.0033372894061471,0.0061902285089558,2.842170943040401e-13,FB--GVI,1.381705614313378e-13
310.0,0.0037018097777377,0.0027846389822343,0.0051609122212994,2.842170943040401e-13,FB--GVI,1.381705614313378e-13
320.0,0.0030709939454709,0.0023252032656273,0.0043066011843961,2.842170943040401e-13,FB--GVI,1.381705614313378e-13
330.0,0.0025510455730568,0.0019429259314165,0.0035967911148304,2.842170943040401e-13,FB--GVI,1.381705614313378e-13
340.0,0.0021217497614998,0.0016245841189856,0.003006445812673,2.842170943040401e-13,FB--GVI,1.381705614313378e-13
350.0,0.0017672049669386,0.0013592740683634,0.0025149853710786,2.842170943040401e-13,FB--GVI,1.381705614313378e-13
360.0,0.0014785066754257,0.0011379933416151,0.0021054684808632,2.842170943040401e-13,FB--GVI,1.381705614313378e-13
370.0,0.0012382210799728,0.0009533007248023,0.0017639300430118,2.842170943040401e-13,FB--GVI,1.381705614313378e-13
380.0,0.0010379652966321,0.0007990387998688,0.0014788434132242,2.842170943040401e-13,FB--GVI,1.381705614313378e-13
390.0,0.0008708643410955,0.0006701072227883,0.001240682936725,2.842170943040401e-13,FB--GVI,1.381705614313378e-13
400.0,0.0007312678813491,0.0005622771260505,0.0010415673880288,2.842170943040401e-13,FB--GVI,1.381705614313378e-13
410.0,0.000614522735816,0.0004720389501926,0.0008749688296916,2.842170943040401e-13,FB--GVI,1.381705614313378e-13
420.0,0.0005167896150624,0.0003964775036706,0.0007354744890903,2.842170943040401e-13,FB--GVI,1.381705614313378e-13
430.0,0.0004348950889152,0.0003331692408323,0.0006185916873278,2.842170943040401e-13,FB--GVI,1.381705614313378e-13
440.0,0.0003662116802161,0.0002800977006813,0.0005205877969274,2.842170943040401e-13,FB--GVI,1.381705614313378e-13
450.0,0.0003085604921579,0.0002355838110474,0.0004383587528877,2.842170943040401e-13,FB--GVI,1.381705614313378e-13
460.0,0.0002601319341692,0.0001982283825441,0.0003693208763593,2.842170943040401e-13,FB--GVI,1.381705614313378e-13
470.0,0.0002194210273955,0.00016686460674,0.0003113217654799,2.842170943040401e-13,FB--GVI,1.381705614313378e-13
480.0,0.0001851744897294,0.0001405187805971,0.0002625668009841,2.842170943040401e-13,FB--GVI,1.381705614313378e-13
490.0,0.0001563473597911,0.0001183777972642,0.0002215584623854,2.842170943040401e-13,FB--GVI,1.381705614313378e-13
500.0,0.0001320673678151,9.976221690521923e-05,0.0001870461646262,2.842170943040401e-13,FB--GVI,1.381705614313378e-13
510.0,0.0001116056103569,8.410393411395489e-05,0.0001579847470338,2.842170943040401e-13,FB--GVI,1.381705614313378e-13
520.0,9.435237217303438e-05,7.092764661820183e-05,0.0001335000885092,2.842170943040401e-13,FB--GVI,1.381705614313378e-13
530.0,7.979715343253702e-05,5.983546066090639e-05,0.0001128605960047,2.842170943040401e-13,FB--GVI,1.381705614313378e-13
540.0,6.751214544920003e-05,5.049409583079978e-05,9.54535415189639e-05,2.842170943040401e-13,FB--GVI,1.381705614313378e-13
550.0,5.7138537613354856e-05,4.26242386879494e-05,8.076540535739696e-05,2.842170943040401e-13,FB--GVI,1.381705614313378e-13
560.0,4.8375153937740833e-05,3.599168042001111e-05,6.836553217226538e-05,2.842170943040401e-13,FB--GVI,1.381705614313378e-13
570.0,4.096900926242597e-05,3.039993208631131e-05,5.789253071952771e-05,2.842170943040401e-13,FB--GVI,1.381705614313378e-13
580.0,3.466410669261677e-05,2.5684067963993584e-05,4.904294723928615e-05,2.842170943040401e-13,FB--GVI,1.381705614313378e-13
590.0,2.902370351876016e-05,2.1705589347220663e-05,4.156182382075713e-05,2.842170943040401e-13,FB--GVI,1.381705614313378e-13
600.0,2.4310547871664312e-05,1.834813576806482e-05,3.5234823428709205e-05,2.842170943040401e-13,FB--GVI,1.381705614313378e-13
610.0,2.0370504159927805e-05,1.5513902440034144e-05,2.9881656189445494e-05,2.842170943040401e-13,FB--GVI,1.381705614313378e-13
620.0,1.7075366315566498e-05,1.3120646258357738e-05,2.5350586611239123e-05,2.842170943040401e-13,FB--GVI,1.381705614313378e-13
630.0,1.431844049193387e-05,1.109917980102182e-05,2.151384313719973e-05,2.842170943040401e-13,FB--GVI,1.381705614313378e-13
640.0,1.2010889122393564e-05,9.391276023507087e-06,1.8263776667026832e-05,2.842170943040401e-13,FB--GVI,1.381705614313378e-13
650.0,1.007870548619394e-05,7.947912592953799e-06,1.5509645663769334e-05,2.842170943040401e-13,FB--GVI,1.381705614313378e-13
660.0,8.4602074821305e-06,6.727800894168468e-06,1.3174922401049116e-05,2.842170943040401e-13,FB--GVI,1.381705614313378e-13
670.0,7.1554583200850175e-06,5.696153436929308e-06,1.1195035540367826e-05,2.842170943040401e-13,FB--GVI,1.381705614313378e-13
680.0,6.0632757481471344e-06,4.823650044727401e-06,9.515476278920689e-06,2.842170943040401e-13,FB--GVI,1.381705614313378e-13
690.0,5.139071618032176e-06,4.085569514700183e-06,8.090209348665667e-06,2.842170943040401e-13,FB--GVI,1.381705614313378e-13
700.0,4.3567858369897294e-06,3.4610620787134394e-06,6.88033850337888e-06,2.842170943040401e-13,FB--GVI,1.381705614313378e-13
710.0,3.694441261359316e-06,2.932537142896763e-06,5.852984827470209e-06,2.842170943040401e-13,FB--GVI,1.381705614313378e-13
720.0,3.133496988994011e-06,2.485149082076532e-06,4.980344272098591e-06,2.842170943040401e-13,FB--GVI,1.381705614313378e-13
730.0,2.658305106706393e-06,2.106365457166248e-06,4.238894860009168e-06,2.842170943040401e-13,FB--GVI,1.381705614313378e-13
740.0,2.25565474920586e-06,1.7856034446595004e-06,3.608728775361669e-06,2.842170943040401e-13,FB--GVI,1.381705614313378e-13
750.0,1.9143880081173847e-06,1.5139238485062378e-06,3.072990864438907e-06,2.842170943040401e-13,FB--GVI,1.381705614313378e-13
760.0,1.6250780845439294e-06,1.2837742247029382e-06,2.617405016280827e-06,2.842170943040401e-13,FB--GVI,1.381705614313378e-13
770.0,1.3797580891150574e-06,1.088771341528627e-06,2.229874837667012e-06,2.842170943040401e-13,FB--GVI,1.381705614313378e-13
780.0,1.1716927019733705e-06,9.235197921952932e-07,1.9001474811375372e-06,2.842170943040401e-13,FB--GVI,1.381705614313378e-13
790.0,9.951858146450832e-07,7.834570965314924e-07,1.6195294847420882e-06,2.842170943040401e-13,FB--GVI,1.381705614313378e-13
800.0,8.454192084172973e-07,6.647248369517911e-07,1.3806469496557838e-06,2.842170943040401e-13,FB--GVI,1.381705614313378e-13
810.0,7.183157322288025e-07,5.640587801281072e-07,1.1772432912948716e-06,2.842170943040401e-13,FB--GVI,1.381705614313378e-13
820.0,6.104243652771402e-07,4.786972453985072e-07,1.0040082543127935e-06,2.842170943040401e-13,FB--GVI,1.381705614313378e-13
830.0,5.188234126762836e-07,4.063029450662725e-07,8.564334166294429e-07,2.842170943040401e-13,FB--GVI,1.381705614313378e-13
840.0,4.410384804032219e-07,3.448973302511149e-07,7.306895781766798e-07,2.842170943040401e-13,FB--GVI,1.381705614313378e-13
850.0,3.74973751604557e-07,2.92805395929463e-07,6.2352410168387e-07,2.842170943040401e-13,FB--GVI,1.381705614313378e-13
860.0,3.188530968145642e-07,2.486085577402264e-07,5.321722937878803e-07,2.842170943040401e-13,FB--GVI,1.381705614313378e-13
870.0,2.711717002057412e-07,2.1110543002578202e-07,4.542848159871937e-07,2.842170943040401e-13,FB--GVI,1.381705614313378e-13
880.0,2.306535407115007e-07,1.792783450582647e-07,3.878637357956905e-07,2.842170943040401e-13,FB--GVI,1.381705614313378e-13
890.0,1.9621688807092141e-07,1.522649313301372e-07,3.312096623631078e-07,2.842170943040401e-13,FB--GVI,1.381705614313378e-13
900.0,1.6694417581675225e-07,1.2933446669194384e-07,2.828773517649097e-07,2.842170943040401e-13,FB--GVI,1.381705614313378e-13
910.0,1.4205733123162645e-07,1.098677557820338e-07,2.4163659873011056e-07,2.842170943040401e-13,FB--GVI,1.381705614313378e-13
920.0,1.2089594747521917e-07,9.333956541013323e-08,2.064405180135509e-07,2.842170943040401e-13,FB--GVI,1.381705614313378e-13
930.0,1.0289966212440049e-07,7.930492529339973e-08,1.7639791849433098e-07,2.842170943040401e-13,FB--GVI,1.381705614313378e-13
940.0,8.759297998039983e-08,6.73865656608541e-08,1.507495426267269e-07,2.842170943040401e-13,FB--GVI,1.381705614313378e-13
950.0,7.457208539562998e-08,5.7264060160378e-08,1.288491944251291e-07,2.842170943040401e-13,FB--GVI,1.381705614313378e-13
960.0,6.349409886752255e-08,4.8666151997167624e-08,1.101460611607763e-07,2.842170943040401e-13,FB--GVI,1.381705614313378e-13
970.0,5.406792524809134e-08,4.1362511637998984e-08,9.417072988071597e-08,2.842170943040401e-13,FB--GVI,1.381705614313378e-13
980.0,4.604612513503525e-08,3.5157654565409764e-08,8.052330713326229e-08,2.842170943040401e-13,FB--GVI,1.381705614313378e-13
990.0,3.9218662095663603e-08,2.98858822134207e-08,6.886273240525044e-08,2.842170943040401e-13,FB--GVI,1.381705614313378e-13
1000.0,3.3407218325010035e-08,2.5406507120351307e-08,5.88981947657885e-08,2.842170943040401e-13,FB--GVI,1.381705614313378e-13
1010.0,2.8459567147365306e-08,2.1600044419756162e-08,5.0382027438899974e-08,2.842170943040401e-13,FB--GVI,1.381705614313378e-13
1020.0,2.4247185592685128e-08,1.836525598264416e-08,4.3102375002490596e-08,2.842170943040401e-13,FB--GVI,1.381705614313378e-13
1030.0,2.066030901914928e-08,1.5579814771626843e-08,3.6878986975352746e-08,2.842170943040401e-13,FB--GVI,1.381705614313378e-13
1040.0,1.76057710632449e-08,1.3189492165111004e-08,3.1557817692373646e-08,2.842170943040401e-13,FB--GVI,1.381705614313378e-13
1050.0,1.5004104625404583e-08,1.1167571756232064e-08,2.7007558855984826e-08,2.842170943040401e-13,FB--GVI,1.381705614313378e-13
1060.0,1.2788120784534842e-08,9.456812222197186e-09,2.3116058400773912e-08,2.842170943040401e-13,FB--GVI,1.381705614313378e-13
1070.0,1.0900294000748545e-08,8.009237717487851e-09,1.978730779228499e-08,2.842170943040401e-13,FB--GVI,1.381705614313378e-13
1080.0,9.291966307500845e-09,6.784148354199715e-09,1.6939850411290536e-08,2.842170943040401e-13,FB--GVI,1.381705614313378e-13
1090.0,7.921698852442205e-09,5.747324394178577e-09,1.4503427792078584e-08,2.842170943040401e-13,FB--GVI,1.381705614313378e-13
1100.0,6.753964498784626e-09,4.869434633292258e-09,1.2418922779033892e-08,2.842170943040401e-13,FB--GVI,1.381705614313378e-13
1110.0,5.758806764788461e-09,4.126206931687193e-09,1.0634948921506291e-08,2.842170943040401e-13,FB--GVI,1.381705614313378e-13
1120.0,4.910702955385204e-09,3.4968934414791875e-09,9.10819153432385e-09,2.842170943040401e-13,FB--GVI,1.381705614313378e-13
1130.0,4.1878820411511705e-09,2.9638727028213907e-09,7.801361334713874e-09,2.842170943040401e-13,FB--GVI,1.381705614313378e-13
1140.0,3.571585693862289e-09,2.512422270228853e-09,6.682626008114312e-09,2.842170943040401e-13,FB--GVI,1.381705614313378e-13
1150.0,3.0462956601695623e-09,2.1299229047144763e-09,5.7248712437285584e-09,2.842170943040401e-13,FB--GVI,1.381705614313378e-13
1160.0,2.598369519546395e-09,1.8059722606267314e-09,4.904848083242541e-09,2.842170943040401e-13,FB--GVI,1.381705614313378e-13
1170.0,2.216495431639487e-09,1.5313617041101681e-09,4.202604486636119e-09,2.842170943040401e-13,FB--GVI,1.381705614313378e-13
1180.0,1.8909531718236394e-09,1.2987015907128807e-09,3.60120111508877e-09,2.842170943040401e-13,FB--GVI,1.381705614313378e-13
1190.0,1.6132730706885923e-09,1.1015117706847375e-09,3.086199740209849e-09,2.842170943040401e-13,FB--GVI,1.381705614313378e-13
1200.0,1.3765202311333267e-09,9.343352758151011e-10,2.645037966431118e-09,2.842170943040401e-13,FB--GVI,1.381705614313378e-13
1210.0,1.174555563920876e-09,7.925677891762462e-10,2.267086074425606e-09,2.842170943040401e-13,FB--GVI,1.381705614313378e-13
1220.0,1.002206317934906e-09,6.72400801704498e-10,1.9432491171755832e-09,2.842170943040401e-13,FB--GVI,1.381705614313378e-13
1230.0,8.552660801797173e-10,5.705942385247909e-10,1.6659100765537003e-09,2.842170943040401e-13,FB--GVI,1.381705614313378e-13
1240.0,7.299263415916356e-10,4.841922418563627e-10,1.4281908988778014e-09,2.842170943040401e-13,FB--GVI,1.381705614313378e-13
1250.0,6.230038707144557e-10,4.109210749447811e-10,1.2244640856806652e-09,2.842170943040401e-13,FB--GVI,1.381705614313378e-13
1260.0,5.316564966051374e-10,3.4873437471105717e-10,1.049897946359124e-09,2.842170943040401e-13,FB--GVI,1.381705614313378e-13
1270.0,4.53894699603552e-10,2.960405254270881e-10,9.00342911336338e-10,2.842170943040401e-13,FB--GVI,1.381705614313378e-13
1280.0,3.8738789953640657e-10,2.5130475478363223e-10,7.720473149674945e-10,2.842170943040401e-13,FB--GVI,1.381705614313378e-13
1290.0,3.3077185435104184e-10,2.1333335098461248e-10,6.621689863095526e-10,2.842170943040401e-13,FB--GVI,1.381705614313378e-13
1300.0,2.8234126148163336e-10,1.8115997590939514e-10,5.679225978383329e-10,2.842170943040401e-13,FB--GVI,1.381705614313378e-13
1310.0,2.410729393886868e-10,1.538182914373465e-10,4.870912562182639e-10,2.842170943040401e-13,FB--GVI,1.381705614313378e-13
1320.0,2.0583001969498582e-10,1.3062617654213682e-10,4.1779912862693886e-10,2.842170943040401e-13,FB--GVI,1.381705614313378e-13
1330.0,1.7575985111761838e-10,1.1095835361629723e-10,3.583977559173945e-10,2.842170943040401e-13,FB--GVI,1.381705614313378e-13
1340.0,1.5006662579253316e-10,9.43032318900805e-11,3.0752289603697136e-10,2.842170943040401e-13,FB--GVI,1.381705614313378e-13
1350.0,1.2812506611226127e-10,8.003553375601767e-11,2.6381030693301e-10,2.842170943040401e-13,FB--GVI,1.381705614313378e-13
1360.0,1.0948042472591624e-10,6.8098415795248e-11,2.2629365048487668e-10,2.842170943040401e-13,FB--GVI,1.381705614313378e-13
1370.0,9.345058060716838e-11,5.7809756981441745e-11,1.9417711882852015e-10,2.842170943040401e-13,FB--GVI,1.381705614313378e-13
1380.0,7.980816008057444e-11,4.9112713895738125e-11,1.666080606810283e-10,2.842170943040401e-13,FB--GVI,1.381705614313378e-13
1390.0,6.821210263296962e-11,4.177991286269389e-11,1.4301804185379297e-10,2.842170943040401e-13,FB--GVI,1.381705614313378e-13
1400.0,5.826450433232822e-11,3.5470293369144195e-11,1.2272494132048448e-10,2.842170943040401e-13,FB--GVI,1.381705614313378e-13
1410.0,4.9794834922067815e-11,3.012701199622825e-11,1.0527401173021643e-10,2.842170943040401e-13,FB--GVI,1.381705614313378e-13
1420.0,4.25188773078844e-11,2.563638190622441e-11,9.038103598868473e-11,2.842170943040401e-13,FB--GVI,1.381705614313378e-13
1430.0,3.6322944652056315e-11,2.177102942368947e-11,7.759126674500294e-11,2.842170943040401e-13,FB--GVI,1.381705614313378e-13
1440.0,3.1036506698001176e-11,1.8530954548623413e-11,6.662048690486698e-11,2.842170943040401e-13,FB--GVI,1.381705614313378e-13
1450.0,2.6489033189136532e-11,1.5802470443304628e-11,5.7184479373972856e-11,2.842170943040401e-13,FB--GVI,1.381705614313378e-13
1460.0,2.262368070660159e-11,1.3415046851150692e-11,4.905587047687732e-11,2.842170943040401e-13,FB--GVI,1.381705614313378e-13
1470.0,1.9326762412674725e-11,1.1425527191022413e-11,4.212097337585874e-11,2.842170943040401e-13,FB--GVI,1.381705614313378e-13
1480.0,1.6484591469634324e-11,9.663381206337364e-12,3.609557097661309e-11,2.842170943040401e-13,FB--GVI,1.381705614313378e-13
1490.0,1.4210854715202004e-11,8.242295734817162e-12,3.1036506698001176e-11,2.842170943040401e-13,FB--GVI,1.381705614313378e-13
1500.0,1.2107648217352107e-11,7.105427357601002e-12,2.665956344571896e-11,2.842170943040401e-13,FB--GVI,1.381705614313378e-13
1510.0,1.0402345651527868e-11,5.9117155615240335e-12,2.279421096318401e-11,2.842170943040401e-13,FB--GVI,1.381705614313378e-13
1520.0,8.810729923425242e-12,5.1159076974727205e-12,1.9667822925839573e-11,2.842170943040401e-13,FB--GVI,1.381705614313378e-13
1530.0,7.560174708487466e-12,4.320099833421409e-12,1.688249540165998e-11,2.842170943040401e-13,FB--GVI,1.381705614313378e-13
1540.0,6.480149750132114e-12,3.694822225952521e-12,1.4438228390645236e-11,2.842170943040401e-13,FB--GVI,1.381705614313378e-13
1550.0,5.5706550483591855e-12,3.183231456205249e-12,1.233502189279534e-11,2.842170943040401e-13,FB--GVI,1.381705614313378e-13
1560.0,4.718003765447065e-12,2.7284841053187847e-12,1.06297193269711e-11,2.842170943040401e-13,FB--GVI,1.381705614313378e-13
1570.0,4.035882739117369e-12,2.273736754432321e-12,9.151790436590089e-12,2.842170943040401e-13,FB--GVI,1.381705614313378e-13
1580.0,3.467448550509289e-12,1.9895196601282805e-12,7.844391802791506e-12,2.842170943040401e-13,FB--GVI,1.381705614313378e-13
1590.0,3.0127011996228248e-12,1.7053025658242404e-12,6.707523425575346e-12,2.842170943040401e-13,FB--GVI,1.381705614313378e-13
1600.0,2.557953848736361e-12,1.4210854715202004e-12,5.7411853049416095e-12,2.842170943040401e-13,FB--GVI,1.381705614313378e-13
1610.0,2.160049916710705e-12,1.2505552149377765e-12,5.002220859751105e-12,2.842170943040401e-13,FB--GVI,1.381705614313378e-13
1620.0,1.8758328224066645e-12,1.1368683772161605e-12,4.206412995699793e-12,2.842170943040401e-13,FB--GVI,1.381705614313378e-13
1630.0,1.5916157281026244e-12,9.663381206337365e-13,3.637978807091713e-12,2.842170943040401e-13,FB--GVI,1.381705614313378e-13
1640.0,1.4210854715202004e-12,7.958078640513122e-13,3.126388037344441e-12,2.842170943040401e-13,FB--GVI,1.381705614313378e-13
1650.0,1.1368683772161605e-12,6.252776074688883e-13,2.671640686457977e-12,2.842170943040401e-13,FB--GVI,1.381705614313378e-13
1660.0,9.663381206337365e-13,5.115907697472721e-13,2.330580173293129e-12,2.842170943040401e-13,FB--GVI,1.381705614313378e-13
1670.0,8.526512829121202e-13,3.979039320256561e-13,1.9326762412674725e-12,2.842170943040401e-13,FB--GVI,1.381705614313378e-13
1680.0,7.389644451905042e-13,3.979039320256561e-13,1.7621459846850485e-12,2.842170943040401e-13,FB--GVI,1.381705614313378e-13
1690.0,6.821210263296962e-13,3.979039320256561e-13,1.4779288903810084e-12,2.842170943040401e-13,FB--GVI,1.381705614313378e-13
1700.0,6.252776074688883e-13,2.842170943040401e-13,1.2505552149377765e-12,2.842170943040401e-13,FB--GVI,1.381705614313378e-13
1710.0,5.115907697472721e-13,2.273736754432321e-13,1.0231815394945445e-12,2.842170943040401e-13,FB--GVI,1.381705614313378e-13
1720.0,4.547473508864641e-13,1.7053025658242404e-13,9.094947017729282e-13,2.842170943040401e-13,FB--GVI,1.381705614313378e-13
1730.0,3.979039320256561e-13,1.7053025658242404e-13,7.389644451905042e-13,2.842170943040401e-13,FB--GVI,1.381705614313378e-13
1740.0,3.410605131648481e-13,1.1368683772161605e-13,6.821210263296962e-13,2.842170943040401e-13,FB--GVI,1.381705614313378e-13
1750.0,2.842170943040401e-13,1.1368683772161605e-13,5.115907697472721e-13,2.842170943040401e-13,FB--GVI,1.381705614313378e-13
1760.0,,,,2.842170943040401e-13,FB--GVI,1.381705614313378e-13
1770.0,,,,2.842170943040401e-13,FB--GVI,1.381705614313378e-13
1780.0,,,,2.842170943040401e-13,FB--GVI,1.381705614313378e-13
1790.0,,,,2.842170943040401e-13,FB--GVI,1.381705614313378e-13
1800.0,,,,2.842170943040401e-13,FB--GVI,1.381705614313378e-13
1810.0,,,,2.842170943040401e-13,FB--GVI,1.381705614313378e-13
1820.0,,,,2.842170943040401e-13,FB--GVI,1.381705614313378e-13
1830.0,,,,2.842170943040401e-13,FB--GVI,1.381705614313378e-13
1840.0,,,,2.842170943040401e-13,FB--GVI,1.381705614313378e-13
1850.0,,,,2.842170943040401e-13,FB--GVI,1.381705614313378e-13
1860.0,,,,2.842170943040401e-13,FB--GVI,1.381705614313378e-13
1870.0,,,,2.842170943040401e-13,FB--GVI,1.381705614313378e-13
1880.0,,,,2.842170943040401e-13,FB--GVI,1.381705614313378e-13
1890.0,,,,2.842170943040401e-13,FB--GVI,1.381705614313378e-13
1900.0,,,,2.842170943040401e-13,FB--GVI,1.381705614313378e-13
1910.0,,,,2.842170943040401e-13,FB--GVI,1.381705614313378e-13
1920.0,,,,2.842170943040401e-13,FB--GVI,1.381705614313378e-13
1930.0,,,,2.842170943040401e-13,FB--GVI,1.381705614313378e-13
1940.0,,,,2.842170943040401e-13,FB--GVI,1.381705614313378e-13
1950.0,,,,2.842170943040401e-13,FB--GVI,1.381705614313378e-13
1960.0,,,,2.842170943040401e-13,FB--GVI,1.381705614313378e-13
1970.0,,,,2.842170943040401e-13,FB--GVI,1.381705614313378e-13
1980.0,,,,2.842170943040401e-13,FB--GVI,1.381705614313378e-13
1990.0,,,,2.842170943040401e-13,FB--GVI,1.381705614313378e-13
2000.0,,,,2.842170943040401e-13,FB--GVI,1.381705614313378e-13
,0.0339716178161211,,,,Laplace,1.381705614313378e-13
