rescue,batch_size,oracle_pairs,median_gap
False,8,0,0.6018223498132569
False,8,80,0.46387181209382033
False,8,160,0.35494289088506464
False,8,240,0.2697299473926411
False,8,320,0.20349065108089576
False,8,400,0.15301017621949592
False,8,480,0.1141104704897837
False,8,560,0.08465704929893064
False,8,640,0.062242627275152604
False,8,720,0.04661621142983205
False,8,800,0.034222845064733
False,8,880,0.025644920632486398
False,8,960,0.01896827132588845
False,8,1040,0.01412235912207155
False,8,1120,0.010683980342934999
False,8,1200,0.00769060664064275
False,8,1280,0.00621155626796185
False,8,1360,0.004419682659147351
False,8,1440,0.00356355507428535
False,8,1520,0.00257120042924435
False,8,1600,0.0020632049446578
False,8,1680,0.00154496404031285
False,8,1760,0.0013377247369965
False,8,1840,0.0010823680275495
False,8,1920,0.0009503444887286
False,8,2000,0.000862328516892
False,8,2080,0.00074911122049265
False,8,2160,0.0006489388661292
False,8,2240,0.0006175240174392501
False,8,2320,0.00061124891653595
False,8,2400,0.000520258918327
False,8,2480,0.00055612400250155
False,8,2560,0.0005203812531102
False,8,2640,0.0005503429378013
False,8,2720,0.0005916445223408001
False,8,2800,0.0005327803838434499
False,8,2880,0.00051939877295835
False,8,2960,0.0005795590927957
False,8,3040,0.0005332992109576
False,8,3120,0.00054212106398305
False,8,3200,0.00046664108346785
False,8,3280,0.0004625321710731
False,8,3360,0.00047150348561905003
False,8,3440,0.000497083612188
False,8,3520,0.0005349337686819499
False,8,3600,0.0005829282734008501
False,8,3680,0.0005190257154561
False,8,3760,0.0004899358376371
False,8,3840,0.000465257943222
False,8,3920,0.0004856831411599
False,8,4000,0.00053385832889715
False,8,4080,0.00053873894554395
False,8,4160,0.0005491182957833
False,8,4240,0.0004791897328688
False,8,4320,0.00052034349914895
False,8,4400,0.00064343892808865
False,8,4480,0.0006258358399513001
False,8,4560,0.0005712682375302
False,8,4640,0.0005815144697853499
False,8,4720,0.00059356884546385
False,8,4800,0.0004979160621707
False,8,4880,0.00049048873860075
False,8,4960,0.00046689944482245004
False,8,5040,0.0005061570940729
False,8,5120,0.000499826188812
False,8,5200,0.0005002291932827
False,8,5280,0.00050957784532585
False,8,5360,0.0005740516486105001
False,8,5440,0.000672149148289
False,8,5520,0.00064248507981895
False,8,5600,0.00050632330929275
False,8,5680,0.00052628901648875
False,8,5760,0.00057159049881855
False,8,5840,0.0005425113485122
False,8,5920,0.0005736981265389
False,8,6000,0.00049679344472145
False,8,6080,0.0005703972966597
False,8,6160,0.00051457911566015
False,8,6240,0.0005836001280519
False,8,6320,0.00051314265531395
False,8,6400,0.0005356653105206
False,8,6480,0.00056725339225225
False,8,6560,0.00051345690782905
False,8,6640,0.0005264529670361
False,8,6720,0.00053619824712565
False,8,6800,0.0005568493145964
False,8,6880,0.00050399245978825
False,8,6960,0.00058535440653925
False,8,7040,0.00060218085422865
False,8,7120,0.0005621128516959
False,8,7200,0.00048321787169839996
False,8,7280,0.0004849180665624
False,8,7360,0.0004871037717193
False,8,7440,0.00041989186996355
False,8,7520,0.00043105226374555
False,8,7600,0.0004698310620243
False,8,7680,0.00051755744698795
False,8,7760,0.0004603974419845
False,8,7840,0.00048020893723995
False,8,7920,0.0004949770110944001
False,8,8000,0.0004711732159976
False,8,8080,0.00041583644904445
False,8,8160,0.0004284364453357
False,8,8240,0.00042572367686584997
False,8,8320,0.00048651665172445
False,8,8400,0.0005069022615011
False,8,8480,0.0004742284406291
False,8,8560,0.0005399450253462
False,8,8640,0.00051510649068295
False,8,8720,0.00051797572393835
False,8,8800,0.00048586877173345
False,8,8880,0.00055024829753895
False,8,8960,0.0005709972937766
False,8,9040,0.00054115277400775
False,8,9120,0.00054563700446315
False,8,9200,0.0005096854201136
False,8,9280,0.00054412482572495
False,8,9360,0.00052232025593475
False,8,9440,0.0005228348034016
False,8,9520,0.0005274505717496
False,8,9600,0.0005071110481087
False,8,9680,0.00061560732606965
False,8,9760,0.00049236447166875
False,8,9840,0.00048618173047505005
False,8,9920,0.0005659792584582
False,8,10000,0.00053956873696445
False,8,10080,0.0005101584244493001
False,8,10160,0.000508644701227
False,8,10240,0.000468728660917
False,8,10320,0.00041160786102165
False,8,10400,0.00040836286518425
False,8,10480,0.00049987005433165
False,8,10560,0.0004990886064554999
False,8,10640,0.0005752049927453999
False,8,10720,0.0005281952901623
False,8,10800,0.0004772890736406
False,8,10880,0.0005770680448055499
False,8,10960,0.0005205792000686
False,8,11040,0.0005229008435061
False,8,11120,0.00044750377704654996
False,8,11200,0.00047981185767825
False,8,11280,0.00048033613254445
False,8,11360,0.00047646626128985004
False,8,11440,0.000512067117985
False,8,11520,0.0004358582950354
False,8,11600,0.0004971561152928
False,8,11680,0.00048397051467345003
False,8,11760,0.0005251898830572999
False,8,11840,0.0005053083866317001
False,8,11920,0.00047245171927019997
False,8,12000,0.00045044489454319997
False,8,12080,0.00044691301415994997
False,8,12160,0.00048827298689375
False,8,12240,0.0004565706437937
False,8,12320,0.00049991809958835
False,8,12400,0.0005494086868678
False,8,12480,0.0005749658386249
False,8,12560,0.00046084618198565
False,8,12640,0.00048362653056915005
False,8,12720,0.0005316955757135
False,8,12800,0.00047931915478735
False,8,12880,0.0004481342241073
False,8,12960,0.00045601429196289996
False,8,13040,0.0004526963924003
False,8,13120,0.0003935379582995
False,8,13200,0.0004214576665861
False,8,13280,0.00046696732162345
False,8,13360,0.00039231730836990003
False,8,13440,0.00050651143439935
False,8,13520,0.000479751196583
False,8,13600,0.00053878445801555
False,8,13680,0.00050611907662285
False,8,13760,0.00048619852872939997
False,8,13840,0.000497961027035
False,8,13920,0.00048706009480925
False,8,14000,0.00055633581355645
False,8,14080,0.0005295526326922
False,8,14160,0.0005774514526470499
False,8,14240,0.00049254829316855
False,8,14320,0.00048954036203635
False,8,14400,0.00049875919580295
False,8,14480,0.0004913383004838
False,8,14560,0.00050574089672165
False,8,14640,0.0005859941000182999
False,8,14720,0.00061251654080415
False,8,14800,0.00055325336488195
False,8,14880,0.00062088239500645
False,8,14960,0.0005398681307501999
False,8,15040,0.0005651694582570999
False,8,15120,0.00050826365745935
False,8,15200,0.00051259017001155
False,8,15280,0.0004918074801665
False,8,15360,0.00050900967325645
False,8,15440,0.0004420777095939
False,8,15520,0.00046938607426919997
False,8,15600,0.00054528043775145
False,8,15680,0.0005384436776813999
False,8,15760,0.0004264818724535
False,8,15840,0.00045631261185305
False,8,15920,0.00046705288948385
False,8,16000,0.0005045054530432001
False,8,16080,0.0005706080952454
False,8,16160,0.0005128655608057501
False,8,16240,0.0004699309220548
False,8,16320,0.0004525950404019
False,8,16400,0.00046790390997435
False,8,16480,0.0005411855111523
False,8,16560,0.0004408712858485
False,8,16640,0.0005077780864448001
False,8,16720,0.00048487928798075
False,8,16800,0.0005185313896185
False,8,16880,0.0004646080162817
False,8,16960,0.0005340104710111499
False,8,17040,0.00050251192865765
False,8,17120,0.00052189118576645
False,8,17200,0.00061665853212695
False,8,17280,0.0006065364887115001
False,8,17360,0.0006460783405976499
False,8,17440,0.000619475634918
False,8,17520,0.0006769765375857499
False,8,17600,0.00059219562584895
False,8,17680,0.00051826877500885
False,8,17760,0.00048442908517235
False,8,17840,0.00058176328851495
False,8,17920,0.0006134905988246
False,8,18000,0.00059605222737195
False,8,18080,0.00054926059270595
False,8,18160,0.0006367671730047
False,8,18240,0.00057823545748455
False,8,18320,0.0005033308993822
False,8,18400,0.0005059818204249001
False,8,18480,0.0004956213889054999
False,8,18560,0.00052648380941005
False,8,18640,0.0005666769836714001
False,8,18720,0.00046261506712445
False,8,18800,0.00055761528965755
False,8,18880,0.0005234765388961
False,8,18960,0.00047685480354425
False,8,19040,0.00048625161308945
False,8,19120,0.000511583184775
False,8,19200,0.0005137511445009999
False,8,19280,0.00057304140785725
False,8,19360,0.0005311096750264
False,8,19440,0.00055228036306725
False,8,19520,0.0005363765377145999
False,8,19600,0.0006173424174229
False,8,19680,0.00054147503674245
False,8,19760,0.00061116880299525
False,8,19840,0.0005712388641749
False,8,19920,0.0005095109063333
False,8,20000,0.00056950673463825
False,8,20080,0.0005292276337688999
False,8,20160,0.00048450465465325
False,8,20240,0.00046331077002955
False,8,20320,0.000512446851705
False,8,20400,0.00054505299634265
False,8,20480,0.00044472025658135004
False,8,20560,0.00049449961838815
False,8,20640,0.00050907464361265
False,8,20720,0.0005383579611128501
False,8,20800,0.00045575756370340003
False,8,20880,0.00045231255791695
False,8,20960,0.00041995909817325004
False,8,21040,0.00050590964175295
False,8,21120,0.00049545448090475
False,8,21200,0.0004619967762242
False,8,21280,0.0005176097438561
False,8,21360,0.0005329875961277
False,8,21440,0.0004819450909798
False,8,21520,0.00046959519937444995
False,8,21600,0.0004217136219706
False,8,21680,0.00046761900398845004
False,8,21760,0.00042609337046464995
False,8,21840,0.00038094646594135
False,8,21920,0.00044137919722325
False,8,22000,0.00044402846761210004
False,8,22080,0.000454813779501
False,8,22160,0.000455537459417
False,8,22240,0.00046012865106434997
False,8,22320,0.00049313913936005
False,8,22400,0.00056919680342465
False,8,22480,0.0005211671530918
False,8,22560,0.00050493021852155
False,8,22640,0.0005319432449302
False,8,22720,0.0005197441152411
False,8,22800,0.00047121805151915
False,8,22880,0.0004909118657714
False,8,22960,0.00053132778853365
False,8,23040,0.000538091195394
False,8,23120,0.000492613016036
False,8,23200,0.0004878492131221
False,8,23280,0.0004756933606633
False,8,23360,0.000446001207798
False,8,23440,0.0005186459756347499
False,8,23520,0.0005000806804455499
False,8,23600,0.0005124186973448
False,8,23680,0.0005137091951480999
False,8,23760,0.0005165449506820501
False,8,23840,0.0005109181669178
False,8,23920,0.0004925473574464
False,8,24000,0.0005179942564885001
False,8,24080,0.00048347532847789997
False,8,24160,0.0005514932068919
False,8,24240,0.0005444624275447499
False,8,24320,0.00055390260513105
False,8,24400,0.0005537819848755
False,8,24480,0.0005358227193758499
False,8,24560,0.0006222911522780999
False,8,24640,0.0005101969080274
False,8,24720,0.0004578172492677
False,8,24800,0.00057004267965415
False,8,24880,0.0005501751964196
False,8,24960,0.0005576689754414001
False,8,25040,0.0005227507506310499
False,8,25120,0.0005402908728164
False,8,25200,0.00059525025441415
False,8,25280,0.0005945373182663
False,8,25360,0.00054048811914725
False,8,25440,0.00047915772206545
False,8,25520,0.00043590445042955
False,8,25600,0.00047688482159855
False,8,25680,0.0005013760356859999
False,8,25760,0.00048865556265505
False,8,25840,0.0004808712034889
False,8,25920,0.0005412485674267499
False,8,26000,0.0004921560942583
False,8,26080,0.0005176128048067501
False,8,26160,0.0005434667848183
False,8,26240,0.0005279806895517
False,8,26320,0.00055694834625745
False,8,26400,0.0005332221745506
False,8,26480,0.00051863894372945
False,8,26560,0.00048364874684999996
False,8,26640,0.0005505607653111
False,8,26720,0.00049859020502515
False,8,26800,0.0005037786857835
False,8,26880,0.00048845305071585
False,8,26960,0.0005001175092815501
False,8,27040,0.00049482886727055
False,8,27120,0.00051709500882685
False,8,27200,0.00050302331899615
False,8,27280,0.0005111127768912501
False,8,27360,0.0005457873821521
False,8,27440,0.0005219437098644001
False,8,27520,0.00056157538977645
False,8,27600,0.0005345117691284
False,8,27680,0.00050526477056275
False,8,27760,0.00054343269957875
False,8,27840,0.000462802039292
False,8,27920,0.0005037376311833499
False,8,28000,0.0004997815842915
False,8,28080,0.00047760621875435
False,8,28160,0.00050105416766665
False,8,28240,0.0005357208699030001
False,8,28320,0.00056687464565635
False,8,28400,0.0005415827331151501
False,8,28480,0.0005204746063460499
False,8,28560,0.0005464044359935
False,8,28640,0.00060539319515435
False,8,28720,0.0005213769296478999
False,8,28800,0.0005100945409655
False,8,28880,0.00056364403576875
False,8,28960,0.00055398967510495
False,8,29040,0.0006294418799348
False,8,29120,0.0005858315653144
False,8,29200,0.0005015334774509
False,8,29280,0.0005411049079485999
False,8,29360,0.00052672959555925
False,8,29440,0.0004493217514225
False,8,29520,0.00045803637049465003
False,8,29600,0.00042304334118935
False,8,29680,0.00043088696317145005
False,8,29760,0.00047075492081780003
False,8,29840,0.0004984083851726001
False,8,29920,0.00047668579280775
False,8,30000,0.0005264107671076
False,8,30080,0.0004795310256557
False,8,30160,0.0005630408250607
False,8,30240,0.00053726003574535
False,8,30320,0.0004636636843775
False,8,30400,0.0005520782328311501
False,8,30480,0.00044814208734584996
False,8,30560,0.00046935458473335
False,8,30640,0.00052200458613555
False,8,30720,0.00047124875268205
False,8,30800,0.0005197390813211501
False,8,30880,0.00050221852102565
False,8,30960,0.00052910626380415
False,8,31040,0.0004983110007792
False,8,31120,0.0005139137866465001
False,8,31200,0.00051075222483995
False,8,31280,0.00059966845946665
False,8,31360,0.0005089050810145
False,8,31440,0.00043586884185434997
False,8,31520,0.00043100806167425
False,8,31600,0.0005246056830662501
False,8,31680,0.0005272339121855
False,8,31760,0.00046245247739835
False,8,31840,0.00047321974693210003
False,8,31920,0.00045296181434025
False,8,32000,0.00056062573025125
False,8,32080,0.00049149517435545
False,8,32160,0.00052850578722815
False,8,32240,0.00052718180585475
False,8,32320,0.0004470783211476
False,8,32400,0.0005026882896927501
False,8,32480,0.0005534256234018
False,8,32560,0.0005924630175404
False,8,32640,0.0005600624171155501
False,8,32720,0.0006210177340335
False,8,32800,0.0005278064232529501
False,8,32880,0.0005489868535732501
False,8,32960,0.0005802787236808
False,8,33040,0.000614570907675
False,8,33120,0.0006289981090441
False,8,33200,0.0005620889472419
False,8,33280,0.0005782594990186
False,8,33360,0.00059648978369335
False,8,33440,0.0005396200027688999
False,8,33520,0.00054950885416665
False,8,33600,0.000556214018113
False,8,33680,0.0005363202972738499
False,8,33760,0.00053324354613555
False,8,33840,0.00046527893554500004
False,8,33920,0.0004355164199325
False,8,34000,0.0004063176612887
False,8,34080,0.00044354817724820005
False,8,34160,0.00045621770196195
False,8,34240,0.00048147006126290004
False,8,34320,0.00046292333070625
False,8,34400,0.00046673226122920003
False,8,34480,0.00045391941833675
False,8,34560,0.00045511513611179997
False,8,34640,0.0004281122666478
False,8,34720,0.0005022420382010001
False,8,34800,0.00052011270926085
False,8,34880,0.00051132722036445
False,8,34960,0.00049160347365035
False,8,35040,0.0004998252915533
False,8,35120,0.00048732557802420005
False,8,35200,0.00057511728699565
False,8,35280,0.00059540333045315
False,8,35360,0.0006486845713360001
False,8,35440,0.00061291073373135
False,8,35520,0.0005854953206103
False,8,35600,0.0005187426076864
False,8,35680,0.0005716953909362
False,8,35760,0.0005215834876608
False,8,35840,0.0006063552552246
False,8,35920,0.00057544637714055
False,8,36000,0.00062857674110845
False,8,36080,0.0005963150170917499
False,8,36160,0.00059469115940165
False,8,36240,0.00054670867551285
False,8,36320,0.00051701733074865
False,8,36400,0.0004729568729633
False,8,36480,0.00057108425110945
False,8,36560,0.00043872203370825
False,8,36640,0.00047157962036419997
False,8,36720,0.00050514315169975
False,8,36800,0.00044752505133955
False,8,36880,0.00045460980476525
False,8,36960,0.0004382082792253
False,8,37040,0.00046609450777915
False,8,37120,0.0005470809738916
False,8,37200,0.0004408394455075
False,8,37280,0.0005301419965846
False,8,37360,0.00050914396398565
False,8,37440,0.00050897501957875
False,8,37520,0.0005486459106691
False,8,37600,0.00050822307273175
False,8,37680,0.0005493615755134
False,8,37760,0.0005740034706786499
False,8,37840,0.0005564648063742001
False,8,37920,0.00052054055937975
False,8,38000,0.0004924587305805
False,8,38080,0.000507702840633
False,8,38160,0.00047905291042965
False,8,38240,0.0004813331488402
False,8,38320,0.0004116776246978
False,8,38400,0.00043221439181045
False,8,38480,0.00047436133791650003
False,8,38560,0.0004774598339856
False,8,38640,0.0005210589185939501
False,8,38720,0.00049492453993145
False,8,38800,0.0005084492454931499
False,8,38880,0.00042396126663164996
False,8,38960,0.00041406047889445
False,8,39040,0.0004647010750451
False,8,39120,0.00042842943489415
False,8,39200,0.00049409170049755
False,8,39280,0.0005135845420385
False,8,39360,0.0005072739687608
False,8,39440,0.0005505865192252
False,8,39520,0.00056650182738055
False,8,39600,0.0005110134595627
False,8,39680,0.00048674370222065
False,8,39760,0.0004822437096563
False,8,39840,0.00047223485677689995
False,8,39920,0.00045246523004345
False,8,40000,0.0005049173244344499
False,8,40080,0.0004916894072897
False,8,40160,0.00048516550293515
False,8,40240,0.0004733847891791
False,8,40320,0.0005361624131622999
False,8,40400,0.0005824004621497001
False,8,40480,0.00050578601035005
False,8,40560,0.00048749995657355
False,8,40640,0.0005086518423857501
False,8,40720,0.0005190580376988
False,8,40800,0.0004898134025075001
False,8,40880,0.00056828963773545
False,8,40960,0.0005646287716789
False,8,41040,0.00055398821533845
False,8,41120,0.00056146651376115
False,8,41200,0.0005675213251139
False,8,41280,0.0005986064195524
False,8,41360,0.00061266359464035
False,8,41440,0.0006233846361931
False,8,41520,0.00055199953097325
False,8,41600,0.00053497061296065
False,8,41680,0.0005468423873144499
False,8,41760,0.00058586473517765
False,8,41840,0.0005775700007418999
False,8,41920,0.00053844335876
False,8,42000,0.00051075166358975
False,8,42080,0.00054869384126195
False,8,42160,0.00054618054747995
False,8,42240,0.00055089343105135
False,8,42320,0.00053744021508835
False,8,42400,0.00046724998474975004
False,8,42480,0.0004994847450937999
False,8,42560,0.0004949336578844999
False,8,42640,0.0006120616866405
False,8,42720,0.0006422327867721
False,8,42800,0.0006708011854467499
False,8,42880,0.0006126469700733
False,8,42960,0.0005574225770605501
False,8,43040,0.0004933453110820001
False,8,43120,0.00049925348641095
False,8,43200,0.0005055549585697
False,8,43280,0.0005870249393389001
False,8,43360,0.0006080454310461499
False,8,43440,0.0006027637900656
False,8,43520,0.0005579557315189
False,8,43600,0.00049180761596095
False,8,43680,0.000538868726005
False,8,43760,0.0004970644793913
False,8,43840,0.0005726740529388001
False,8,43920,0.000579742804879
False,8,44000,0.00059381091072725
False,8,44080,0.00055622813155805
False,8,44160,0.00051615394726175
False,8,44240,0.0005954444342619
False,8,44320,0.0005768679756528
False,8,44400,0.0005794408542638501
False,8,44480,0.00054094487597025
False,8,44560,0.00055287249650155
False,8,44640,0.0005739378997238
False,8,44720,0.00047972493281495
False,8,44800,0.00052289582581275
False,8,44880,0.00054837869705035
False,8,44960,0.00048224162962545
False,8,45040,0.00057295083013415
False,8,45120,0.00045015787672215003
False,8,45200,0.00050590719640545
False,8,45280,0.0004303621986956
False,8,45360,0.00046358636072825
False,8,45440,0.0005615333595953499
False,8,45520,0.0005525944114230499
False,8,45600,0.00047662994370595
False,8,45680,0.00051736075931025
False,8,45760,0.0005358767815648
False,8,45840,0.0005709514581542
False,8,45920,0.0005205063186339001
False,8,46000,0.0005400240750685
False,8,46080,0.0005784275801681
False,8,46160,0.00054482440965255
False,8,46240,0.0005580303852257
False,8,46320,0.00048713012719930004
False,8,46400,0.0005564915963227
False,8,46480,0.00052402817140465
False,8,46560,0.0005121407438872
False,8,46640,0.0005551795825633
False,8,46720,0.0005251677699478
False,8,46800,0.0005282106106400499
False,8,46880,0.00050859816372245
False,8,46960,0.00048851320235635
False,8,47040,0.00047120294540495
False,8,47120,0.00046034136419455
False,8,47200,0.0005229571198950001
False,8,47280,0.00054495190052155
False,8,47360,0.00053411692625975
False,8,47440,0.00050309773822825
False,8,47520,0.0005516278634729
False,8,47600,0.00054357496890085
False,8,47680,0.00050513736945445
False,8,47760,0.0004703460204025
False,8,47840,0.00050055322912085
False,8,47920,0.00042905110072715
False,8,48000,0.0004678232092034
True,8,1,0.1674365883443869
True,8,81,0.12858991653354973
True,8,161,0.0975719434375079
True,8,241,0.07385753101320075
True,8,321,0.0554460103364813
True,8,401,0.04252346062582245
True,8,481,0.03172338341127285
True,8,561,0.0239640594816119
True,8,641,0.0178451571344013
True,8,721,0.0132509542770109
True,8,801,0.010002386617279549
True,8,881,0.0075950816069605
True,8,961,0.0057286429122505
True,8,1041,0.00437372425577995
True,8,1121,0.00357039245049905
True,8,1201,0.00263858245449495
True,8,1281,0.002266092629608
True,8,1361,0.0016932162360893499
True,8,1441,0.00145461994402705
True,8,1521,0.00106957335333075
True,8,1601,0.00090127345926435
True,8,1681,0.00080414693763095
True,8,1761,0.00071566350425105
True,8,1841,0.0007022918828275999
True,8,1921,0.000645265225903
True,8,2001,0.0005674660907114999
True,8,2081,0.00056539931884495
True,8,2161,0.0005091413493402499
True,8,2241,0.00054428192496785
True,8,2321,0.0005135781486882
True,8,2401,0.0004715459433488
True,8,2481,0.0005024750901254
True,8,2561,0.0005237633102148
True,8,2641,0.0005021358012844001
True,8,2721,0.0005640011717478
True,8,2801,0.00052555909082745
True,8,2881,0.0004997520987556499
True,8,2961,0.0005504429602334
True,8,3041,0.0005550944099197001
True,8,3121,0.0005287966187652
True,8,3201,0.0004614640893554
True,8,3281,0.00046219590165015
True,8,3361,0.00047156617166565
True,8,3441,0.0004934886870997
True,8,3521,0.0005345416182116
True,8,3601,0.00058998428619755
True,8,3681,0.0005234568674934001
True,8,3761,0.00049200054292205
True,8,3841,0.00047403597389015
True,8,3921,0.00048853658568855
True,8,4001,0.000537915400486
True,8,4081,0.0005345829572869
True,8,4161,0.00055311246128335
True,8,4241,0.000478715668907
True,8,4321,0.0005179201201115
True,8,4401,0.0006433474734812
True,8,4481,0.00062859443182445
True,8,4561,0.0005709044178194499
True,8,4641,0.00058245062020605
True,8,4721,0.00059376439829915
True,8,4801,0.00049643189821495
True,8,4881,0.00049030850464725
True,8,4961,0.00046687167670974997
True,8,5041,0.0005063977821806
True,8,5121,0.00049974969416935
True,8,5201,0.0005005064774289999
True,8,5281,0.0005098893110604
True,8,5361,0.0005741016243154501
True,8,5441,0.0006723927730182999
True,8,5521,0.00064240826480465
True,8,5601,0.0005064152998852001
True,8,5681,0.0005263414968536501
True,8,5761,0.0005718418774760001
True,8,5841,0.0005426844733098001
True,8,5921,0.00057381027150645
True,8,6001,0.00049681396492655
True,8,6081,0.000570462987921
True,8,6161,0.00051449259383935
True,8,6241,0.0005835372442555
True,8,6321,0.0005131103085513
True,8,6401,0.00053567424509365
True,8,6481,0.0005672424212325999
True,8,6561,0.0005134446575243
True,8,6641,0.0005264836714946001
True,8,6721,0.0005361922197448
True,8,6801,0.0005568034762819
True,8,6881,0.0005039946758009499
True,8,6961,0.00058533005067835
True,8,7041,0.0006021704063087999
True,8,7121,0.0005621191734607499
True,8,7201,0.000483211906769
True,8,7281,0.00048492828468875003
True,8,7361,0.00048710326832465
True,8,7441,0.00041989864274409995
True,8,7521,0.0004310506994951
True,8,7601,0.00046983845690725
True,8,7681,0.000517562442873
True,8,7761,0.0004603992658358
True,8,7841,0.00048021093366694997
True,8,7921,0.0004949745835416
True,8,8001,0.00047117371899835
True,8,8081,0.0004158378160079
True,8,8161,0.00042843757518254996
True,8,8241,0.0004257259235034
True,8,8321,0.00048651692163255
True,8,8401,0.0005069011866542499
True,8,8481,0.0004742289972701
True,8,8561,0.0005399448640397
True,8,8641,0.0005151068085611
True,8,8721,0.0005179753645818
True,8,8801,0.00048586855861994997
True,8,8881,0.00055024904842945
True,8,8961,0.0005709974529297
True,8,9041,0.00054115206122325
True,8,9121,0.00054563660856385
True,8,9201,0.0005096855850128
True,8,9281,0.0005441244074839
True,8,9361,0.0005223200828794
True,8,9441,0.00052283464632415
True,8,9521,0.0005274503805918
True,8,9601,0.00050711108059605
True,8,9681,0.0006156074612113499
True,8,9761,0.0004923645044061
True,8,9841,0.0004861818605177
True,8,9921,0.00056597915060935
True,8,10001,0.00053956880641595
True,8,10081,0.0005101583964042
True,8,10161,0.00050864470817255
True,8,10241,0.0004687286058655
True,8,10321,0.00041160791238590004
True,8,10401,0.00040836281717555
True,8,10481,0.00049987005019235
True,8,10561,0.0004990886470084
True,8,10641,0.000575205005882
True,8,10721,0.0005281952893656
True,8,10801,0.00047728907059725
True,8,10881,0.00057706803158015
True,8,10961,0.0005205792286040001
True,8,11041,0.0005229008522427
True,8,11121,0.00044750377583954997
True,8,11201,0.0004798118596576
True,8,11281,0.00048033613606385
True,8,11361,0.00047646626135075
True,8,11441,0.0005120671152075999
True,8,11521,0.00043585829758404997
True,8,11601,0.00049715611537945
True,8,11681,0.0004839705158632
True,8,11761,0.00052518988288545
True,8,11841,0.00050530838349735
True,8,11921,0.00047245171986394995
True,8,12001,0.0004504448932669
True,8,12081,0.00044691301519645
True,8,12161,0.0004882729910624
True,8,12241,0.00045657064220214997
True,8,12321,0.0004999181000933
True,8,12401,0.0005494086863886
True,8,12481,0.00057496583951485
True,8,12561,0.00046084618209805
True,8,12641,0.0004836265306682
True,8,12721,0.0005316955752676
True,8,12801,0.000479319154524
True,8,12881,0.0004481342242521
True,8,12961,0.0004560142914766
True,8,13041,0.00045269639229369996
True,8,13121,0.00039353795826039997
True,8,13201,0.0004214576662047
True,8,13281,0.00046696732169895
True,8,13361,0.00039231730842855
True,8,13441,0.00050651143424615
True,8,13521,0.00047975119674954997
True,8,13601,0.00053878445794225
True,8,13681,0.0005061190766077501
True,8,13761,0.0004861985285962
True,8,13841,0.0004979610272023999
True,8,13921,0.00048706009487359996
True,8,14001,0.00055633581368035
True,8,14081,0.0005295526326931
True,8,14161,0.0005774514526879001
True,8,14241,0.0004925482931547999
True,8,14321,0.0004895403620958499
True,8,14401,0.0004987591957874001
True,8,14481,0.0004913383004971
True,8,14561,0.00050574089673145
True,8,14641,0.0005859941000383
True,8,14721,0.0006125165407943999
True,8,14801,0.0005532533648615
True,8,14881,0.0006208823949988499
True,8,14961,0.00053986813074265
True,8,15041,0.0005651694582473
True,8,15121,0.00050826365745975
True,8,15201,0.00051259017001685
True,8,15281,0.00049180748017045
True,8,15361,0.00050900967325915
True,8,15441,0.00044207770960274996
True,8,15521,0.00046938607427145
True,8,15601,0.00054528043775895
True,8,15681,0.00053844367768495
True,8,15761,0.00042648187245299997
True,8,15841,0.00045631261185395
True,8,15921,0.00046705288948515
True,8,16001,0.0005045054530432
True,8,16081,0.00057060809524455
True,8,16161,0.00051286556080615
True,8,16241,0.00046993092205525
True,8,16321,0.0004525950404019
True,8,16401,0.00046790390997525
True,8,16481,0.0005411855111527499
True,8,16561,0.00044087128584895
True,8,16641,0.0005077780864453
True,8,16721,0.0004848792879803
True,8,16801,0.0005185313896189
True,8,16881,0.00046460801628215003
True,8,16961,0.0005340104710107
True,8,17041,0.0005025119286585
True,8,17121,0.0005218911857678
True,8,17201,0.0006166585321274
True,8,17281,0.00060653648871195
True,8,17361,0.0006460783405972
True,8,17441,0.00061947563491845
True,8,17521,0.0006769765375853
True,8,17601,0.0005921956258481
True,8,17681,0.00051826877500885
True,8,17761,0.00048442908517325005
True,8,17841,0.00058176328851495
True,8,17921,0.00061349059882505
True,8,18001,0.0005960522273728501
True,8,18081,0.0005492605927063499
True,8,18161,0.0006367671730038
True,8,18241,0.0005782354574840999
True,8,18321,0.00050333089938175
True,8,18401,0.000505981820424
True,8,18481,0.0004956213889046001
True,8,18561,0.00052648380941005
True,8,18641,0.00056667698367225
True,8,18721,0.00046261506712490003
True,8,18801,0.0005576152896583999
True,8,18881,0.0005234765388952
True,8,18961,0.00047685480354425
True,8,19041,0.00048625161308940004
True,8,19121,0.0005115831847754501
True,8,19201,0.0005137511445014501
True,8,19281,0.00057304140785725
True,8,19361,0.0005311096750264
True,8,19441,0.00055228036306725
True,8,19521,0.00053637653771415
True,8,19601,0.0006173424174233
True,8,19681,0.0005414750367438001
True,8,19761,0.00061116880299345
True,8,19841,0.00057123886417445
True,8,19921,0.00050951090633285
True,8,20001,0.0005695067346378
True,8,20081,0.0005292276337688999
True,8,20161,0.0004845046546537
True,8,20241,0.00046331077002955
True,8,20321,0.0005124468517041
True,8,20401,0.0005450529963426001
True,8,20481,0.00044472025658265
True,8,20561,0.0004944996183886
True,8,20641,0.000509074643614
True,8,20721,0.000538357961112
True,8,20801,0.00045575756370385
True,8,20881,0.00045231255791605
True,8,20961,0.00041995909817325004
True,8,21041,0.0005059096417533999
True,8,21121,0.0004954544809029999
True,8,21201,0.00046199677622465
True,8,21281,0.0005176097438579
True,8,21361,0.0005329875961285499
True,8,21441,0.0004819450909789
True,8,21521,0.000469595199374
True,8,21601,0.0004217136219706
True,8,21681,0.0004676190039885
True,8,21761,0.0004260933704651
True,8,21841,0.0003809464659414
True,8,21921,0.00044137919722325
True,8,22001,0.00044402846761255
True,8,22081,0.00045481377950145
True,8,22161,0.00045553745941660003
True,8,22241,0.00046012865106524997
True,8,22321,0.0004931391393609499
True,8,22401,0.0005691968034242
True,8,22481,0.00052116715309135
True,8,22561,0.00050493021852155
True,8,22641,0.0005319432449297501
True,8,22721,0.0005197441152401999
True,8,22801,0.00047121805151960003
True,8,22881,0.0004909118657705
True,8,22961,0.00053132778853275
True,8,23041,0.0005380911953944
True,8,23121,0.0004926130160369
True,8,23201,0.00048784921312255
True,8,23281,0.0004756933606624
True,8,23361,0.00044600120779845
True,8,23441,0.0005186459756343
True,8,23521,0.0005000806804451
True,8,23601,0.0005124186973452501
True,8,23681,0.0005137091951480999
True,8,23761,0.0005165449506834
True,8,23841,0.0005109181669169
True,8,23921,0.00049254735744725
True,8,24001,0.0005179942564885001
True,8,24081,0.0004834753284783
True,8,24161,0.0005514932068923499
True,8,24241,0.00054446242754565
True,8,24321,0.0005539026051305999
True,8,24401,0.0005537819848746
True,8,24481,0.0005358227193763
True,8,24561,0.0006222911522777
True,8,24641,0.0005101969080274
True,8,24721,0.00045781724926725
True,8,24801,0.00057004267965505
True,8,24881,0.0005501751964205001
True,8,24961,0.0005576689754405
True,8,25041,0.0005227507506328499
True,8,25121,0.0005402908728173
True,8,25201,0.0005952502544137
True,8,25281,0.0005945373182666999
True,8,25361,0.0005404881191476999
True,8,25441,0.00047915772206500004
True,8,25521,0.00043590445042865
True,8,25601,0.00047688482159849996
True,8,25681,0.00050137603568595
True,8,25761,0.00048865556265505
True,8,25841,0.00048087120348844995
True,8,25921,0.0005412485674267499
True,8,26001,0.00049215609425785
True,8,26081,0.0005176128048072
True,8,26161,0.0005434667848178501
True,8,26241,0.0005279806895517
True,8,26321,0.0005569483462566
True,8,26401,0.00053322217455015
True,8,26481,0.0005186389437299001
True,8,26561,0.00048364874684909997
True,8,26641,0.0005505607653102
True,8,26721,0.0004985902050247
True,8,26801,0.00050377868578395
True,8,26881,0.00048845305071675
True,8,26961,0.00050011750928065
True,8,27041,0.0004948288672714501
True,8,27121,0.0005170950088273
True,8,27201,0.0005030233189957001
True,8,27281,0.0005111127768908
True,8,27361,0.0005457873821521
True,8,27441,0.00052194370986485
True,8,27521,0.0005615753897765001
True,8,27601,0.00053451176912795
True,8,27681,0.0005052647705623
True,8,27761,0.00054343269957915
True,8,27841,0.00046280203929155
True,8,27921,0.0005037376311833
True,8,28001,0.0004997815842910499
True,8,28081,0.00047760621875475
True,8,28161,0.0005010541676675
True,8,28241,0.00053572086990215
True,8,28321,0.00056687464565635
True,8,28401,0.00054158273311475
True,8,28481,0.00052047460634645
True,8,28561,0.0005464044359935001
True,8,28641,0.0006053931951539001
True,8,28721,0.00052137692964745
True,8,28801,0.0005100945409663501
True,8,28881,0.0005636440357687999
True,8,28961,0.0005539896751040501
True,8,29041,0.0006294418799348
True,8,29121,0.0005858315653135
True,8,29201,0.00050153347745135
True,8,29281,0.00054110490794905
True,8,29361,0.0005267295955597
True,8,29441,0.0004493217514234
True,8,29521,0.0004580363704942
True,8,29601,0.00042304334119025
True,8,29681,0.00043088696317145005
True,8,29761,0.00047075492081735
True,8,29841,0.00049840838517395
True,8,29921,0.0004766857928073
True,8,30001,0.0005264107671072
True,8,30081,0.0004795310256566
True,8,30161,0.0005630408250611499
True,8,30241,0.0005372600357453001
True,8,30321,0.00046366368437795
True,8,30401,0.0005520782328307
True,8,30481,0.0004481420873454
True,8,30561,0.00046935458473335
True,8,30641,0.00052200458613555
True,8,30721,0.0004712487526825
True,8,30801,0.0005197390813216
True,8,30881,0.0005022185210252
True,8,30961,0.00052910626380375
True,8,31041,0.0004983110007782999
True,8,31121,0.0005139137866456
True,8,31201,0.00051075222483995
True,8,31281,0.00059966845946665
True,8,31361,0.0005089050810153999
True,8,31441,0.0004358688418548
True,8,31521,0.00043100806167425
True,8,31601,0.0005246056830654001
True,8,31681,0.0005272339121864
True,8,31761,0.0004624524773979
True,8,31841,0.00047321974693165
True,8,31921,0.00045296181434025
True,8,32001,0.0005606257302508001
True,8,32081,0.00049149517435545
True,8,32161,0.0005285057872277
True,8,32241,0.0005271818058543
True,8,32321,0.00044707832114715
True,8,32401,0.0005026882896923
True,8,32481,0.00055342562340135
True,8,32561,0.0005924630175399501
True,8,32641,0.0005600624171155501
True,8,32721,0.00062101773403395
True,8,32801,0.0005278064232529501
True,8,32881,0.0005489868535732501
True,8,32961,0.0005802787236808
True,8,33041,0.0006145709076745499
True,8,33121,0.00062899810904455
True,8,33201,0.00056208894724235
True,8,33281,0.0005782594990190501
True,8,33361,0.0005964897836929
True,8,33441,0.00053962000276935
True,8,33521,0.00054950885416665
True,8,33601,0.00055621401811165
True,8,33681,0.0005363202972734
True,8,33761,0.00053324354613555
True,8,33841,0.00046527893554545
True,8,33921,0.00043551641993295
True,8,34001,0.0004063176612887
True,8,34081,0.00044354817724820005
True,8,34161,0.00045621770196155
True,8,34241,0.00048147006126290004
True,8,34321,0.0004629233307071
True,8,34401,0.00046673226122965
True,8,34481,0.0004539194183372
True,8,34561,0.00045511513611179997
True,8,34641,0.00042811226664825
True,8,34721,0.0005022420382018501
True,8,34801,0.00052011270926085
True,8,34881,0.000511327220364
True,8,34961,0.0004916034736494499
True,8,35041,0.0004998252915533
True,8,35121,0.00048732557802375
True,8,35201,0.0005751172869964999
True,8,35281,0.00059540333045265
True,8,35361,0.00064868457133555
True,8,35441,0.00061291073373085
True,8,35521,0.0005854953206103
True,8,35601,0.00051874260768685
True,8,35681,0.00057169539093575
True,8,35761,0.0005215834876608
True,8,35841,0.00060635525522375
True,8,35921,0.000575446377141
True,8,36001,0.00062857674110805
True,8,36081,0.0005963150170917499
True,8,36161,0.0005946911594012
True,8,36241,0.0005467086755132999
True,8,36321,0.00051701733074735
True,8,36401,0.0004729568729642
True,8,36481,0.00057108425110945
True,8,36561,0.0004387220337087
True,8,36641,0.0004715796203633
True,8,36721,0.00050514315169885
True,8,36801,0.00044752505133955
True,8,36881,0.00045460980476525
True,8,36961,0.00043820827922575
True,8,37041,0.00046609450778005
True,8,37121,0.00054708097389205
True,8,37201,0.00044083944550795003
True,8,37281,0.00053014199658505
True,8,37361,0.0005091439639851999
True,8,37441,0.0005089750195792001
True,8,37521,0.0005486459106695499
True,8,37601,0.00050822307273265
True,8,37681,0.00054936157551295
True,8,37761,0.00057400347067775
True,8,37841,0.0005564648063729
True,8,37921,0.00052054055937885
True,8,38001,0.00049245873058185
True,8,38081,0.0005077028406334501
True,8,38161,0.00047905291043055
True,8,38241,0.00048133314884065
True,8,38321,0.0004116776246987
True,8,38401,0.00043221439181045
True,8,38481,0.00047436133791740003
True,8,38561,0.0004774598339847
True,8,38641,0.0005210589185939501
True,8,38721,0.0004949245399319001
True,8,38801,0.0005084492454936
True,8,38881,0.00042396126662984997
True,8,38961,0.00041406047889445
True,8,39041,0.00046470107504465
True,8,39121,0.00042842943489415
True,8,39201,0.00049409170049755
True,8,39281,0.0005135845420385
True,8,39361,0.00050727396876125
True,8,39441,0.0005505865192256001
True,8,39521,0.0005665018273801
True,8,39601,0.000511013459564
True,8,39681,0.00048674370221930005
True,8,39761,0.00048224370965584996
True,8,39841,0.00047223485677735
True,8,39921,0.0004524652300439
True,8,40001,0.000504917324434
True,8,40081,0.0004916894072887999
True,8,40161,0.00048516550293515
True,8,40241,0.00047338478917865003
True,8,40321,0.0005361624131622999
True,8,40401,0.0005824004621497001
True,8,40481,0.00050578601035095
True,8,40561,0.00048749995657439995
True,8,40641,0.0005086518423866
True,8,40721,0.0005190580376983501
True,8,40801,0.0004898134025066001
True,8,40881,0.00056828963773545
True,8,40961,0.00056462877167805
True,8,41041,0.0005539882153375499
True,8,41121,0.0005614665137603
True,8,41201,0.0005675213251134499
True,8,41281,0.00059860641955285
True,8,41361,0.0006126635946399
True,8,41441,0.0006233846361931
True,8,41521,0.00055199953097235
True,8,41601,0.00053497061296065
True,8,41681,0.0005468423873144499
True,8,41761,0.0005858647351764
True,8,41841,0.00057757000074195
True,8,41921,0.0005384433587595501
True,8,42001,0.00051075166358845
True,8,42081,0.0005486938412627999
True,8,42161,0.0005461805474804
True,8,42241,0.00055089343105135
True,8,42321,0.00053744021508835
True,8,42401,0.00046724998474975004
True,8,42481,0.00049948474509335
True,8,42561,0.0004949336578844999
True,8,42641,0.0006120616866400501
True,8,42721,0.0006422327867721
True,8,42801,0.0006708011854458999
True,8,42881,0.0006126469700728999
True,8,42961,0.00055742257705965
True,8,43041,0.0004933453110820001
True,8,43121,0.0004992534864101
True,8,43201,0.0005055549585697
True,8,43281,0.0005870249393398
True,8,43361,0.0006080454310466
True,8,43441,0.0006027637900646999
True,8,43521,0.00055795573151935
True,8,43601,0.00049180761596095
True,8,43681,0.0005388687260054501
True,8,43761,0.00049706447939175
True,8,43841,0.00057267405293925
True,8,43921,0.0005797428048781
True,8,44001,0.0005938109107255
True,8,44081,0.00055622813155895
True,8,44161,0.00051615394726175
True,8,44241,0.00059544443426145
True,8,44321,0.0005768679756523499
True,8,44401,0.0005794408542647
True,8,44481,0.0005409448759716
True,8,44561,0.0005528724965019999
True,8,44641,0.00057393789972465
True,8,44721,0.00047972493281495
True,8,44801,0.00052289582581275
True,8,44881,0.00054837869704945
True,8,44961,0.00048224162962500004
True,8,45041,0.0005729508301337001
True,8,45121,0.00045015787672305003
True,8,45201,0.000505907196405
True,8,45281,0.00043036219869645
True,8,45361,0.0004635863607278
True,8,45441,0.0005615333595953499
True,8,45521,0.0005525944114235
True,8,45601,0.00047662994370640003
True,8,45681,0.0005173607593098001
True,8,45761,0.0005358767815648
True,8,45841,0.0005709514581537501
True,8,45921,0.00052050631863395
True,8,46001,0.0005400240750681
True,8,46081,0.0005784275801671999
True,8,46161,0.00054482440965175
True,8,46241,0.0005580303852252501
True,8,46321,0.00048713012719975
True,8,46401,0.0005564915963222499
True,8,46481,0.00052402817140465
True,8,46561,0.0005121407438872
True,8,46641,0.00055517958256285
True,8,46721,0.00052516776994825
True,8,46801,0.0005282106106396
True,8,46881,0.0005085981637211
True,8,46961,0.0004885132023559
True,8,47041,0.0004712029454041
True,8,47121,0.00046034136419585
True,8,47201,0.00052295711989455
True,8,47281,0.00054495190052155
True,8,47361,0.0005341169262602
True,8,47441,0.0005030977382287
True,8,47521,0.0005516278634738
True,8,47601,0.0005435749689004
True,8,47681,0.00050513736945445
True,8,47761,0.0004703460204034
True,8,47841,0.00050055322912085
True,8,47921,0.00042905110072675003
True,8,48001,0.00046782320920385
