job_id,method,iteration,across_seed_spread,grid_dimension,exact_zero,plotted
H_stl_cancellation_d10,FR--KL--STL,0,0.0,10,True,1e-17
H_stl_cancellation_d10,FR--KL--STL,1,8.881784197001252e-16,10,False,8.881784197001252e-16
H_stl_cancellation_d10,FR--KL--STL,2,8.881784197001252e-16,10,False,8.881784197001252e-16
H_stl_cancellation_d10,FR--KL--STL,3,8.881784197001252e-16,10,False,8.881784197001252e-16
H_stl_cancellation_d10,FR--KL--STL,4,1.7763568394002505e-15,10,False,1.7763568394002505e-15
H_stl_cancellation_d10,FR--KL--STL,5,1.7763568394002505e-15,10,False,1.7763568394002505e-15
H_stl_cancellation_d10,FR--KL--STL,6,8.881784197001252e-16,10,False,8.881784197001252e-16
H_stl_cancellation_d10,FR--KL--STL,7,1.7763568394002505e-15,10,False,1.7763568394002505e-15
H_stl_cancellation_d10,FR--KL--STL,8,1.7763568394002505e-15,10,False,1.7763568394002505e-15
H_stl_cancellation_d10,FR--KL--STL,9,2.6645352591003757e-15,10,False,2.6645352591003757e-15
H_stl_cancellation_d10,FR--KL--STL,10,1.7763568394002505e-15,10,False,1.7763568394002505e-15
H_stl_cancellation_d10,FR--KL--STL,11,1.7763568394002505e-15,10,False,1.7763568394002505e-15
H_stl_cancellation_d10,FR--KL--STL,12,1.7763568394002505e-15,10,False,1.7763568394002505e-15
H_stl_cancellation_d10,FR--KL--STL,13,1.7763568394002505e-15,10,False,1.7763568394002505e-15
H_stl_cancellation_d10,FR--KL--STL,14,1.7763568394002505e-15,10,False,1.7763568394002505e-15
H_stl_cancellation_d10,FR--KL--STL,15,1.7763568394002505e-15,10,False,1.7763568394002505e-15
H_stl_cancellation_d10,FR--KL--STL,16,1.7763568394002505e-15,10,False,1.7763568394002505e-15
H_stl_cancellation_d10,FR--KL--STL,17,8.881784197001252e-16,10,False,8.881784197001252e-16
H_stl_cancellation_d10,FR--KL--STL,18,8.881784197001252e-16,10,False,8.881784197001252e-16
H_stl_cancellation_d10,FR--KL--STL,19,8.881784197001252e-16,10,False,8.881784197001252e-16
H_stl_cancellation_d10,FR--KL--STL,20,1.7763568394002505e-15,10,False,1.7763568394002505e-15
H_stl_cancellation_d10,FR--KL--STL,21,1.7763568394002505e-15,10,False,1.7763568394002505e-15
H_stl_cancellation_d10,FR--KL--STL,22,8.881784197001252e-16,10,False,8.881784197001252e-16
H_stl_cancellation_d10,FR--KL--STL,23,8.881784197001252e-16,10,False,8.881784197001252e-16
H_stl_cancellation_d10,FR--KL--STL,24,8.881784197001252e-16,10,False,8.881784197001252e-16
H_stl_cancellation_d10,FR--KL--STL,25,1.7763568394002505e-15,10,False,1.7763568394002505e-15
H_stl_cancellation_d10,FR--KL--STL,26,0.0,10,True,1e-17
H_stl_cancellation_d10,FR--KL--STL,27,8.881784197001252e-16,10,False,8.881784197001252e-16
H_stl_cancellation_d10,FR--KL--STL,28,8.881784197001252e-16,10,False,8.881784197001252e-16
H_stl_cancellation_d10,FR--KL--STL,29,8.881784197001252e-16,10,False,8.881784197001252e-16
H_stl_cancellation_d10,FR--KL--STL,30,8.881784197001252e-16,10,False,8.881784197001252e-16
H_stl_cancellation_d10,FR--KL--STL,31,8.881784197001252e-16,10,False,8.881784197001252e-16
H_stl_cancellation_d10,FR--KL--STL,32,8.881784197001252e-16,10,False,8.881784197001252e-16
H_stl_cancellation_d10,FR--KL--STL,33,8.881784197001252e-16,10,False,8.881784197001252e-16
H_stl_cancellation_d10,FR--KL--STL,34,0.0,10,True,1e-17
H_stl_cancellation_d10,FR--KL--STL,35,0.0,10,True,1e-17
H_stl_cancellation_d10,FR--KL--STL,36,0.0,10,True,1e-17
H_stl_cancellation_d10,FR--KL--STL,37,8.881784197001252e-16,10,False,8.881784197001252e-16
H_stl_cancellation_d10,FR--KL--STL,38,8.881784197001252e-16,10,False,8.881784197001252e-16
H_stl_cancellation_d10,FR--KL--STL,39,0.0,10,True,1e-17
H_stl_cancellation_d10,FR--KL--STL,40,8.881784197001252e-16,10,False,8.881784197001252e-16
H_stl_cancellation_d10,FR--KL--STL,41,8.881784197001252e-16,10,False,8.881784197001252e-16
H_stl_cancellation_d10,FR--KL--STL,42,8.881784197001252e-16,10,False,8.881784197001252e-16
H_stl_cancellation_d10,FR--KL--STL,43,8.881784197001252e-16,10,False,8.881784197001252e-16
H_stl_cancellation_d10,FR--KL--STL,44,0.0,10,True,1e-17
H_stl_cancellation_d10,FR--KL--STL,45,0.0,10,True,1e-17
H_stl_cancellation_d10,FR--KL--STL,46,0.0,10,True,1e-17
H_stl_cancellation_d10,FR--KL--STL,47,1.7763568394002505e-15,10,False,1.7763568394002505e-15
H_stl_cancellation_d10,FR--KL--STL,48,0.0,10,True,1e-17
H_stl_cancellation_d10,FR--KL--STL,49,8.881784197001252e-16,10,False,8.881784197001252e-16
H_stl_cancellation_d10,FR--KL--STL,50,0.0,10,True,1e-17
H_stl_cancellation_d10,FR--KL--STL,51,8.881784197001252e-16,10,False,8.881784197001252e-16
H_stl_cancellation_d10,FR--KL--STL,52,0.0,10,True,1e-17
H_stl_cancellation_d10,FR--KL--STL,53,8.881784197001252e-16,10,False,8.881784197001252e-16
H_stl_cancellation_d10,FR--KL--STL,54,0.0,10,True,1e-17
H_stl_cancellation_d10,FR--KL--STL,55,0.0,10,True,1e-17
H_stl_cancellation_d10,FR--KL--STL,56,0.0,10,True,1e-17
H_stl_cancellation_d10,FR--KL--STL,57,8.881784197001252e-16,10,False,8.881784197001252e-16
H_stl_cancellation_d10,FR--KL--STL,58,0.0,10,True,1e-17
H_stl_cancellation_d10,FR--KL--STL,59,0.0,10,True,1e-17
H_stl_cancellation_d10,FR--KL--STL,60,0.0,10,True,1e-17
H_stl_cancellation_d10,FR--KL--STL,61,0.0,10,True,1e-17
H_stl_cancellation_d10,FR--KL--STL,62,0.0,10,True,1e-17
H_stl_cancellation_d10,FR--KL--STL,63,8.881784197001252e-16,10,False,8.881784197001252e-16
H_stl_cancellation_d10,FR--KL--STL,64,0.0,10,True,1e-17
H_stl_cancellation_d10,FR--KL--STL,65,0.0,10,True,1e-17
H_stl_cancellation_d10,FR--KL--STL,66,0.0,10,True,1e-17
H_stl_cancellation_d10,FR--KL--STL,67,0.0,10,True,1e-17
H_stl_cancellation_d10,FR--KL--STL,68,0.0,10,True,1e-17
H_stl_cancellation_d10,FR--KL--STL,69,0.0,10,True,1e-17
H_stl_cancellation_d10,FR--KL--STL,70,8.881784197001252e-16,10,False,8.881784197001252e-16
H_stl_cancellation_d10,FR--KL--STL,71,0.0,10,True,1e-17
H_stl_cancellation_d10,FR--KL--STL,72,0.0,10,True,1e-17
H_stl_cancellation_d10,FR--KL--STL,73,8.881784197001252e-16,10,False,8.881784197001252e-16
H_stl_cancellation_d10,FR--KL--STL,74,0.0,10,True,1e-17
H_stl_cancellation_d10,FR--KL--STL,75,0.0,10,True,1e-17
H_stl_cancellation_d10,FR--KL--STL,76,0.0,10,True,1e-17
H_stl_cancellation_d10,FR--KL--STL,77,0.0,10,True,1e-17
H_stl_cancellation_d10,FR--KL--STL,78,0.0,10,True,1e-17
H_stl_cancellation_d10,FR--KL--STL,79,0.0,10,True,1e-17
H_stl_cancellation_d10,FR--KL--STL,80,0.0,10,True,1e-17
H_stl_cancellation_d10,FR--R--STL,0,0.0,10,True,1e-17
H_stl_cancellation_d10,FR--R--STL,1,2.6645352591003757e-15,10,False,2.6645352591003757e-15
H_stl_cancellation_d10,FR--R--STL,2,1.7763568394002505e-15,10,False,1.7763568394002505e-15
H_stl_cancellation_d10,FR--R--STL,3,8.881784197001252e-16,10,False,8.881784197001252e-16
H_stl_cancellation_d10,FR--R--STL,4,0.0,10,True,1e-17
H_stl_cancellation_d10,FR--R--STL,5,0.0,10,True,1e-17
H_stl_cancellation_d10,FR--R--STL,6,0.0,10,True,1e-17
H_stl_cancellation_d10,FR--R--STL,7,0.0,10,True,1e-17
H_stl_cancellation_d10,FR--R--STL,8,0.0,10,True,1e-17
H_stl_cancellation_d10,FR--R--STL,9,0.0,10,True,1e-17
H_stl_cancellation_d10,FR--R--STL,10,0.0,10,True,1e-17
H_stl_cancellation_d10,FR--R--STL,11,0.0,10,True,1e-17
H_stl_cancellation_d10,FR--R--STL,12,0.0,10,True,1e-17
H_stl_cancellation_d10,FR--R--STL,13,0.0,10,True,1e-17
H_stl_cancellation_d10,FR--R--STL,14,0.0,10,True,1e-17
H_stl_cancellation_d10,FR--R--STL,15,0.0,10,True,1e-17
H_stl_cancellation_d10,FR--R--STL,16,0.0,10,True,1e-17
H_stl_cancellation_d10,FR--R--STL,17,0.0,10,True,1e-17
H_stl_cancellation_d10,FR--R--STL,18,0.0,10,True,1e-17
H_stl_cancellation_d10,FR--R--STL,19,0.0,10,True,1e-17
H_stl_cancellation_d10,FR--R--STL,20,0.0,10,True,1e-17
H_stl_cancellation_d10,FR--R--STL,21,0.0,10,True,1e-17
H_stl_cancellation_d10,FR--R--STL,22,0.0,10,True,1e-17
H_stl_cancellation_d10,FR--R--STL,23,0.0,10,True,1e-17
H_stl_cancellation_d10,FR--R--STL,24,0.0,10,True,1e-17
H_stl_cancellation_d10,FR--R--STL,25,0.0,10,True,1e-17
H_stl_cancellation_d10,FR--R--STL,26,0.0,10,True,1e-17
H_stl_cancellation_d10,FR--R--STL,27,0.0,10,True,1e-17
H_stl_cancellation_d10,FR--R--STL,28,0.0,10,True,1e-17
H_stl_cancellation_d10,FR--R--STL,29,0.0,10,True,1e-17
H_stl_cancellation_d10,FR--R--STL,30,0.0,10,True,1e-17
H_stl_cancellation_d10,FR--R--STL,31,0.0,10,True,1e-17
H_stl_cancellation_d10,FR--R--STL,32,0.0,10,True,1e-17
H_stl_cancellation_d10,FR--R--STL,33,0.0,10,True,1e-17
H_stl_cancellation_d10,FR--R--STL,34,0.0,10,True,1e-17
H_stl_cancellation_d10,FR--R--STL,35,0.0,10,True,1e-17
H_stl_cancellation_d10,FR--R--STL,36,0.0,10,True,1e-17
H_stl_cancellation_d10,FR--R--STL,37,0.0,10,True,1e-17
H_stl_cancellation_d10,FR--R--STL,38,0.0,10,True,1e-17
H_stl_cancellation_d10,FR--R--STL,39,0.0,10,True,1e-17
H_stl_cancellation_d10,FR--R--STL,40,0.0,10,True,1e-17
H_stl_cancellation_d10,FR--R--STL,41,0.0,10,True,1e-17
H_stl_cancellation_d10,FR--R--STL,42,0.0,10,True,1e-17
H_stl_cancellation_d10,FR--R--STL,43,0.0,10,True,1e-17
H_stl_cancellation_d10,FR--R--STL,44,0.0,10,True,1e-17
H_stl_cancellation_d10,FR--R--STL,45,0.0,10,True,1e-17
H_stl_cancellation_d10,FR--R--STL,46,0.0,10,True,1e-17
H_stl_cancellation_d10,FR--R--STL,47,0.0,10,True,1e-17
H_stl_cancellation_d10,FR--R--STL,48,0.0,10,True,1e-17
H_stl_cancellation_d10,FR--R--STL,49,0.0,10,True,1e-17
H_stl_cancellation_d10,FR--R--STL,50,0.0,10,True,1e-17
H_stl_cancellation_d10,FR--R--STL,51,0.0,10,True,1e-17
H_stl_cancellation_d10,FR--R--STL,52,0.0,10,True,1e-17
H_stl_cancellation_d10,FR--R--STL,53,0.0,10,True,1e-17
H_stl_cancellation_d10,FR--R--STL,54,0.0,10,True,1e-17
H_stl_cancellation_d10,FR--R--STL,55,0.0,10,True,1e-17
H_stl_cancellation_d10,FR--R--STL,56,0.0,10,True,1e-17
H_stl_cancellation_d10,FR--R--STL,57,0.0,10,True,1e-17
H_stl_cancellation_d10,FR--R--STL,58,0.0,10,True,1e-17
H_stl_cancellation_d10,FR--R--STL,59,0.0,10,True,1e-17
H_stl_cancellation_d10,FR--R--STL,60,0.0,10,True,1e-17
H_stl_cancellation_d10,FR--R--STL,61,0.0,10,True,1e-17
H_stl_cancellation_d10,FR--R--STL,62,0.0,10,True,1e-17
H_stl_cancellation_d10,FR--R--STL,63,0.0,10,True,1e-17
H_stl_cancellation_d10,FR--R--STL,64,0.0,10,True,1e-17
H_stl_cancellation_d10,FR--R--STL,65,0.0,10,True,1e-17
H_stl_cancellation_d10,FR--R--STL,66,0.0,10,True,1e-17
H_stl_cancellation_d10,FR--R--STL,67,0.0,10,True,1e-17
H_stl_cancellation_d10,FR--R--STL,68,0.0,10,True,1e-17
H_stl_cancellation_d10,FR--R--STL,69,0.0,10,True,1e-17
H_stl_cancellation_d10,FR--R--STL,70,0.0,10,True,1e-17
H_stl_cancellation_d10,FR--R--STL,71,0.0,10,True,1e-17
H_stl_cancellation_d10,FR--R--STL,72,0.0,10,True,1e-17
H_stl_cancellation_d10,FR--R--STL,73,0.0,10,True,1e-17
H_stl_cancellation_d10,FR--R--STL,74,0.0,10,True,1e-17
H_stl_cancellation_d10,FR--R--STL,75,0.0,10,True,1e-17
H_stl_cancellation_d10,FR--R--STL,76,0.0,10,True,1e-17
H_stl_cancellation_d10,FR--R--STL,77,0.0,10,True,1e-17
H_stl_cancellation_d10,FR--R--STL,78,0.0,10,True,1e-17
H_stl_cancellation_d10,FR--R--STL,79,0.0,10,True,1e-17
H_stl_cancellation_d10,FR--R--STL,80,0.0,10,True,1e-17
H_stl_cancellation_d10,S--FB--GVI,0,0.0,10,True,1e-17
H_stl_cancellation_d10,S--FB--GVI,1,1.125099401329809,10,False,1.125099401329809
H_stl_cancellation_d10,S--FB--GVI,2,1.9775455207212609,10,False,1.9775455207212609
H_stl_cancellation_d10,S--FB--GVI,3,1.3522627780799379,10,False,1.3522627780799379
H_stl_cancellation_d10,S--FB--GVI,4,1.9240683301175618,10,False,1.9240683301175618
H_stl_cancellation_d10,S--FB--GVI,5,1.5452918415925199,10,False,1.5452918415925199
H_stl_cancellation_d10,S--FB--GVI,6,1.4242432975179362,10,False,1.4242432975179362
H_stl_cancellation_d10,S--FB--GVI,7,1.400903854327857,10,False,1.400903854327857
H_stl_cancellation_d10,S--FB--GVI,8,1.1342193949366433,10,False,1.1342193949366433
H_stl_cancellation_d10,S--FB--GVI,9,0.8725430999854158,10,False,0.8725430999854158
H_stl_cancellation_d10,S--FB--GVI,10,1.4769139887362464,10,False,1.4769139887362464
H_stl_cancellation_d10,S--FB--GVI,11,1.1509609108590482,10,False,1.1509609108590482
H_stl_cancellation_d10,S--FB--GVI,12,1.4302031124302843,10,False,1.4302031124302843
H_stl_cancellation_d10,S--FB--GVI,13,1.288642799909681,10,False,1.288642799909681
H_stl_cancellation_d10,S--FB--GVI,14,0.9923914937506808,10,False,0.9923914937506808
H_stl_cancellation_d10,S--FB--GVI,15,1.2499096556501792,10,False,1.2499096556501792
H_stl_cancellation_d10,S--FB--GVI,16,0.8953019105373166,10,False,0.8953019105373166
H_stl_cancellation_d10,S--FB--GVI,17,0.7360568787769948,10,False,0.7360568787769948
H_stl_cancellation_d10,S--FB--GVI,18,1.1699160154275132,10,False,1.1699160154275132
H_stl_cancellation_d10,S--FB--GVI,19,1.252627899627254,10,False,1.252627899627254
H_stl_cancellation_d10,S--FB--GVI,20,1.393516680143275,10,False,1.393516680143275
H_stl_cancellation_d10,S--FB--GVI,21,1.3867518610719323,10,False,1.3867518610719323
H_stl_cancellation_d10,S--FB--GVI,22,1.171770750940536,10,False,1.171770750940536
H_stl_cancellation_d10,S--FB--GVI,23,1.7445994141405485,10,False,1.7445994141405485
H_stl_cancellation_d10,S--FB--GVI,24,1.4865251028701145,10,False,1.4865251028701145
H_stl_cancellation_d10,S--FB--GVI,25,1.042663489149855,10,False,1.042663489149855
H_stl_cancellation_d10,S--FB--GVI,26,1.0694008802763344,10,False,1.0694008802763344
H_stl_cancellation_d10,S--FB--GVI,27,0.9818111858237684,10,False,0.9818111858237684
H_stl_cancellation_d10,S--FB--GVI,28,0.8098150032136564,10,False,0.8098150032136564
H_stl_cancellation_d10,S--FB--GVI,29,1.6361968569822043,10,False,1.6361968569822043
H_stl_cancellation_d10,S--FB--GVI,30,0.7993948206655013,10,False,0.7993948206655013
H_stl_cancellation_d10,S--FB--GVI,31,0.6768949706435627,10,False,0.6768949706435627
H_stl_cancellation_d10,S--FB--GVI,32,1.212496363145486,10,False,1.212496363145486
H_stl_cancellation_d10,S--FB--GVI,33,1.5321385533768774,10,False,1.5321385533768774
H_stl_cancellation_d10,S--FB--GVI,34,1.5989390396544634,10,False,1.5989390396544634
H_stl_cancellation_d10,S--FB--GVI,35,0.9571332029399864,10,False,0.9571332029399864
H_stl_cancellation_d10,S--FB--GVI,36,0.9779688141580962,10,False,0.9779688141580962
H_stl_cancellation_d10,S--FB--GVI,37,1.2465227834147399,10,False,1.2465227834147399
H_stl_cancellation_d10,S--FB--GVI,38,1.3998454466861237,10,False,1.3998454466861237
H_stl_cancellation_d10,S--FB--GVI,39,0.9329771485630376,10,False,0.9329771485630376
H_stl_cancellation_d10,S--FB--GVI,40,1.0993198494674887,10,False,1.0993198494674887
H_stl_cancellation_d10,S--FB--GVI,41,1.1679810065891694,10,False,1.1679810065891694
H_stl_cancellation_d10,S--FB--GVI,42,2.841819667095982,10,False,2.841819667095982
H_stl_cancellation_d10,S--FB--GVI,43,1.2801719460604275,10,False,1.2801719460604275
H_stl_cancellation_d10,S--FB--GVI,44,0.9353371315044106,10,False,0.9353371315044106
H_stl_cancellation_d10,S--FB--GVI,45,1.4365354334995333,10,False,1.4365354334995333
H_stl_cancellation_d10,S--FB--GVI,46,1.0143732596554713,10,False,1.0143732596554713
H_stl_cancellation_d10,S--FB--GVI,47,0.7650683477191418,10,False,0.7650683477191418
H_stl_cancellation_d10,S--FB--GVI,48,0.8488726077825914,10,False,0.8488726077825914
H_stl_cancellation_d10,S--FB--GVI,49,2.5370082585913094,10,False,2.5370082585913094
H_stl_cancellation_d10,S--FB--GVI,50,1.7075866466490055,10,False,1.7075866466490055
H_stl_cancellation_d10,S--FB--GVI,51,0.7245964996776708,10,False,0.7245964996776708
H_stl_cancellation_d10,S--FB--GVI,52,0.4069777462980202,10,False,0.4069777462980202
H_stl_cancellation_d10,S--FB--GVI,53,1.4619534421742468,10,False,1.4619534421742468
H_stl_cancellation_d10,S--FB--GVI,54,0.9803871358872716,10,False,0.9803871358872716
H_stl_cancellation_d10,S--FB--GVI,55,1.4234347079263108,10,False,1.4234347079263108
H_stl_cancellation_d10,S--FB--GVI,56,1.1466033540585903,10,False,1.1466033540585903
H_stl_cancellation_d10,S--FB--GVI,57,1.6681621078281896,10,False,1.6681621078281896
H_stl_cancellation_d10,S--FB--GVI,58,0.9582270712732539,10,False,0.9582270712732539
H_stl_cancellation_d10,S--FB--GVI,59,1.4286864324313022,10,False,1.4286864324313022
H_stl_cancellation_d10,S--FB--GVI,60,1.1490849684618603,10,False,1.1490849684618603
H_stl_cancellation_d10,S--FB--GVI,61,0.946219207234015,10,False,0.946219207234015
H_stl_cancellation_d10,S--FB--GVI,62,0.6886947791293343,10,False,0.6886947791293343
H_stl_cancellation_d10,S--FB--GVI,63,1.1738926029719332,10,False,1.1738926029719332
H_stl_cancellation_d10,S--FB--GVI,64,1.071435998101168,10,False,1.071435998101168
H_stl_cancellation_d10,S--FB--GVI,65,0.8562287165834084,10,False,0.8562287165834084
H_stl_cancellation_d10,S--FB--GVI,66,1.046056928628973,10,False,1.046056928628973
H_stl_cancellation_d10,S--FB--GVI,67,0.9667797412922035,10,False,0.9667797412922035
H_stl_cancellation_d10,S--FB--GVI,68,0.7662250010270029,10,False,0.7662250010270029
H_stl_cancellation_d10,S--FB--GVI,69,1.788416760137424,10,False,1.788416760137424
H_stl_cancellation_d10,S--FB--GVI,70,1.196238610435917,10,False,1.196238610435917
H_stl_cancellation_d10,S--FB--GVI,71,1.1428931392863584,10,False,1.1428931392863584
H_stl_cancellation_d10,S--FB--GVI,72,1.103686651087334,10,False,1.103686651087334
H_stl_cancellation_d10,S--FB--GVI,73,0.8752496913471255,10,False,0.8752496913471255
H_stl_cancellation_d10,S--FB--GVI,74,1.1852278546415942,10,False,1.1852278546415942
H_stl_cancellation_d10,S--FB--GVI,75,1.7948934704464268,10,False,1.7948934704464268
H_stl_cancellation_d10,S--FB--GVI,76,0.9737601458541985,10,False,0.9737601458541985
H_stl_cancellation_d10,S--FB--GVI,77,0.8320787125000475,10,False,0.8320787125000475
H_stl_cancellation_d10,S--FB--GVI,78,1.5135253468761984,10,False,1.5135253468761984
H_stl_cancellation_d10,S--FB--GVI,79,1.130021765946827,10,False,1.130021765946827
H_stl_cancellation_d10,S--FB--GVI,80,0.8022162822262198,10,False,0.8022162822262198
H_stl_cancellation_d2,FR--KL--STL,0,0.0,2,True,1e-17
H_stl_cancellation_d2,FR--KL--STL,1,4.440892098500626e-16,2,False,4.440892098500626e-16
H_stl_cancellation_d2,FR--KL--STL,2,4.440892098500626e-16,2,False,4.440892098500626e-16
H_stl_cancellation_d2,FR--KL--STL,3,4.440892098500626e-16,2,False,4.440892098500626e-16
H_stl_cancellation_d2,FR--KL--STL,4,2.220446049250313e-16,2,False,2.220446049250313e-16
H_stl_cancellation_d2,FR--KL--STL,5,6.661338147750939e-16,2,False,6.661338147750939e-16
H_stl_cancellation_d2,FR--KL--STL,6,6.661338147750939e-16,2,False,6.661338147750939e-16
H_stl_cancellation_d2,FR--KL--STL,7,6.661338147750939e-16,2,False,6.661338147750939e-16
H_stl_cancellation_d2,FR--KL--STL,8,6.661338147750939e-16,2,False,6.661338147750939e-16
H_stl_cancellation_d2,FR--KL--STL,9,6.661338147750939e-16,2,False,6.661338147750939e-16
H_stl_cancellation_d2,FR--KL--STL,10,4.440892098500626e-16,2,False,4.440892098500626e-16
H_stl_cancellation_d2,FR--KL--STL,11,4.440892098500626e-16,2,False,4.440892098500626e-16
H_stl_cancellation_d2,FR--KL--STL,12,6.661338147750939e-16,2,False,6.661338147750939e-16
H_stl_cancellation_d2,FR--KL--STL,13,6.661338147750939e-16,2,False,6.661338147750939e-16
H_stl_cancellation_d2,FR--KL--STL,14,6.661338147750939e-16,2,False,6.661338147750939e-16
H_stl_cancellation_d2,FR--KL--STL,15,2.220446049250313e-16,2,False,2.220446049250313e-16
H_stl_cancellation_d2,FR--KL--STL,16,2.220446049250313e-16,2,False,2.220446049250313e-16
H_stl_cancellation_d2,FR--KL--STL,17,4.440892098500626e-16,2,False,4.440892098500626e-16
H_stl_cancellation_d2,FR--KL--STL,18,6.661338147750939e-16,2,False,6.661338147750939e-16
H_stl_cancellation_d2,FR--KL--STL,19,2.220446049250313e-16,2,False,2.220446049250313e-16
H_stl_cancellation_d2,FR--KL--STL,20,4.440892098500626e-16,2,False,4.440892098500626e-16
H_stl_cancellation_d2,FR--KL--STL,21,2.220446049250313e-16,2,False,2.220446049250313e-16
H_stl_cancellation_d2,FR--KL--STL,22,2.220446049250313e-16,2,False,2.220446049250313e-16
H_stl_cancellation_d2,FR--KL--STL,23,2.220446049250313e-16,2,False,2.220446049250313e-16
H_stl_cancellation_d2,FR--KL--STL,24,2.220446049250313e-16,2,False,2.220446049250313e-16
H_stl_cancellation_d2,FR--KL--STL,25,2.220446049250313e-16,2,False,2.220446049250313e-16
H_stl_cancellation_d2,FR--KL--STL,26,2.220446049250313e-16,2,False,2.220446049250313e-16
H_stl_cancellation_d2,FR--KL--STL,27,4.440892098500626e-16,2,False,4.440892098500626e-16
H_stl_cancellation_d2,FR--KL--STL,28,0.0,2,True,1e-17
H_stl_cancellation_d2,FR--KL--STL,29,2.220446049250313e-16,2,False,2.220446049250313e-16
H_stl_cancellation_d2,FR--KL--STL,30,2.220446049250313e-16,2,False,2.220446049250313e-16
H_stl_cancellation_d2,FR--KL--STL,31,0.0,2,True,1e-17
H_stl_cancellation_d2,FR--KL--STL,32,2.220446049250313e-16,2,False,2.220446049250313e-16
H_stl_cancellation_d2,FR--KL--STL,33,4.440892098500626e-16,2,False,4.440892098500626e-16
H_stl_cancellation_d2,FR--KL--STL,34,0.0,2,True,1e-17
H_stl_cancellation_d2,FR--KL--STL,35,0.0,2,True,1e-17
H_stl_cancellation_d2,FR--KL--STL,36,2.220446049250313e-16,2,False,2.220446049250313e-16
H_stl_cancellation_d2,FR--KL--STL,37,0.0,2,True,1e-17
H_stl_cancellation_d2,FR--KL--STL,38,0.0,2,True,1e-17
H_stl_cancellation_d2,FR--KL--STL,39,0.0,2,True,1e-17
H_stl_cancellation_d2,FR--KL--STL,40,0.0,2,True,1e-17
H_stl_cancellation_d2,FR--KL--STL,41,0.0,2,True,1e-17
H_stl_cancellation_d2,FR--KL--STL,42,4.440892098500626e-16,2,False,4.440892098500626e-16
H_stl_cancellation_d2,FR--KL--STL,43,0.0,2,True,1e-17
H_stl_cancellation_d2,FR--KL--STL,44,0.0,2,True,1e-17
H_stl_cancellation_d2,FR--KL--STL,45,4.440892098500626e-16,2,False,4.440892098500626e-16
H_stl_cancellation_d2,FR--KL--STL,46,4.440892098500626e-16,2,False,4.440892098500626e-16
H_stl_cancellation_d2,FR--KL--STL,47,2.220446049250313e-16,2,False,2.220446049250313e-16
H_stl_cancellation_d2,FR--KL--STL,48,2.220446049250313e-16,2,False,2.220446049250313e-16
H_stl_cancellation_d2,FR--KL--STL,49,0.0,2,True,1e-17
H_stl_cancellation_d2,FR--KL--STL,50,0.0,2,True,1e-17
H_stl_cancellation_d2,FR--KL--STL,51,0.0,2,True,1e-17
H_stl_cancellation_d2,FR--KL--STL,52,0.0,2,True,1e-17
H_stl_cancellation_d2,FR--KL--STL,53,0.0,2,True,1e-17
H_stl_cancellation_d2,FR--KL--STL,54,2.220446049250313e-16,2,False,2.220446049250313e-16
H_stl_cancellation_d2,FR--KL--STL,55,0.0,2,True,1e-17
H_stl_cancellation_d2,FR--KL--STL,56,0.0,2,True,1e-17
H_stl_cancellation_d2,FR--KL--STL,57,0.0,2,True,1e-17
H_stl_cancellation_d2,FR--KL--STL,58,0.0,2,True,1e-17
H_stl_cancellation_d2,FR--KL--STL,59,0.0,2,True,1e-17
H_stl_cancellation_d2,FR--KL--STL,60,0.0,2,True,1e-17
H_stl_cancellation_d2,FR--KL--STL,61,0.0,2,True,1e-17
H_stl_cancellation_d2,FR--KL--STL,62,0.0,2,True,1e-17
H_stl_cancellation_d2,FR--KL--STL,63,0.0,2,True,1e-17
H_stl_cancellation_d2,FR--KL--STL,64,0.0,2,True,1e-17
H_stl_cancellation_d2,FR--KL--STL,65,2.220446049250313e-16,2,False,2.220446049250313e-16
H_stl_cancellation_d2,FR--KL--STL,66,0.0,2,True,1e-17
H_stl_cancellation_d2,FR--KL--STL,67,2.220446049250313e-16,2,False,2.220446049250313e-16
H_stl_cancellation_d2,FR--KL--STL,68,0.0,2,True,1e-17
H_stl_cancellation_d2,FR--KL--STL,69,0.0,2,True,1e-17
H_stl_cancellation_d2,FR--KL--STL,70,0.0,2,True,1e-17
H_stl_cancellation_d2,FR--KL--STL,71,0.0,2,True,1e-17
H_stl_cancellation_d2,FR--KL--STL,72,0.0,2,True,1e-17
H_stl_cancellation_d2,FR--KL--STL,73,0.0,2,True,1e-17
H_stl_cancellation_d2,FR--KL--STL,74,0.0,2,True,1e-17
H_stl_cancellation_d2,FR--KL--STL,75,0.0,2,True,1e-17
H_stl_cancellation_d2,FR--KL--STL,76,0.0,2,True,1e-17
H_stl_cancellation_d2,FR--KL--STL,77,0.0,2,True,1e-17
H_stl_cancellation_d2,FR--KL--STL,78,0.0,2,True,1e-17
H_stl_cancellation_d2,FR--KL--STL,79,0.0,2,True,1e-17
H_stl_cancellation_d2,FR--KL--STL,80,0.0,2,True,1e-17
H_stl_cancellation_d2,FR--R--STL,0,0.0,2,True,1e-17
H_stl_cancellation_d2,FR--R--STL,1,6.661338147750939e-16,2,False,6.661338147750939e-16
H_stl_cancellation_d2,FR--R--STL,2,1.3322676295501878e-15,2,False,1.3322676295501878e-15
H_stl_cancellation_d2,FR--R--STL,3,4.440892098500626e-16,2,False,4.440892098500626e-16
H_stl_cancellation_d2,FR--R--STL,4,4.440892098500626e-16,2,False,4.440892098500626e-16
H_stl_cancellation_d2,FR--R--STL,5,0.0,2,True,1e-17
H_stl_cancellation_d2,FR--R--STL,6,0.0,2,True,1e-17
H_stl_cancellation_d2,FR--R--STL,7,0.0,2,True,1e-17
H_stl_cancellation_d2,FR--R--STL,8,0.0,2,True,1e-17
H_stl_cancellation_d2,FR--R--STL,9,0.0,2,True,1e-17
H_stl_cancellation_d2,FR--R--STL,10,0.0,2,True,1e-17
H_stl_cancellation_d2,FR--R--STL,11,0.0,2,True,1e-17
H_stl_cancellation_d2,FR--R--STL,12,0.0,2,True,1e-17
H_stl_cancellation_d2,FR--R--STL,13,0.0,2,True,1e-17
H_stl_cancellation_d2,FR--R--STL,14,0.0,2,True,1e-17
H_stl_cancellation_d2,FR--R--STL,15,0.0,2,True,1e-17
H_stl_cancellation_d2,FR--R--STL,16,0.0,2,True,1e-17
H_stl_cancellation_d2,FR--R--STL,17,0.0,2,True,1e-17
H_stl_cancellation_d2,FR--R--STL,18,0.0,2,True,1e-17
H_stl_cancellation_d2,FR--R--STL,19,0.0,2,True,1e-17
H_stl_cancellation_d2,FR--R--STL,20,0.0,2,True,1e-17
H_stl_cancellation_d2,FR--R--STL,21,0.0,2,True,1e-17
H_stl_cancellation_d2,FR--R--STL,22,0.0,2,True,1e-17
H_stl_cancellation_d2,FR--R--STL,23,0.0,2,True,1e-17
H_stl_cancellation_d2,FR--R--STL,24,0.0,2,True,1e-17
H_stl_cancellation_d2,FR--R--STL,25,0.0,2,True,1e-17
H_stl_cancellation_d2,FR--R--STL,26,0.0,2,True,1e-17
H_stl_cancellation_d2,FR--R--STL,27,0.0,2,True,1e-17
H_stl_cancellation_d2,FR--R--STL,28,0.0,2,True,1e-17
H_stl_cancellation_d2,FR--R--STL,29,0.0,2,True,1e-17
H_stl_cancellation_d2,FR--R--STL,30,0.0,2,True,1e-17
H_stl_cancellation_d2,FR--R--STL,31,0.0,2,True,1e-17
H_stl_cancellation_d2,FR--R--STL,32,0.0,2,True,1e-17
H_stl_cancellation_d2,FR--R--STL,33,0.0,2,True,1e-17
H_stl_cancellation_d2,FR--R--STL,34,0.0,2,True,1e-17
H_stl_cancellation_d2,FR--R--STL,35,0.0,2,True,1e-17
H_stl_cancellation_d2,FR--R--STL,36,0.0,2,True,1e-17
H_stl_cancellation_d2,FR--R--STL,37,0.0,2,True,1e-17
H_stl_cancellation_d2,FR--R--STL,38,0.0,2,True,1e-17
H_stl_cancellation_d2,FR--R--STL,39,0.0,2,True,1e-17
H_stl_cancellation_d2,FR--R--STL,40,0.0,2,True,1e-17
H_stl_cancellation_d2,FR--R--STL,41,0.0,2,True,1e-17
H_stl_cancellation_d2,FR--R--STL,42,0.0,2,True,1e-17
H_stl_cancellation_d2,FR--R--STL,43,0.0,2,True,1e-17
H_stl_cancellation_d2,FR--R--STL,44,0.0,2,True,1e-17
H_stl_cancellation_d2,FR--R--STL,45,0.0,2,True,1e-17
H_stl_cancellation_d2,FR--R--STL,46,0.0,2,True,1e-17
H_stl_cancellation_d2,FR--R--STL,47,0.0,2,True,1e-17
H_stl_cancellation_d2,FR--R--STL,48,0.0,2,True,1e-17
H_stl_cancellation_d2,FR--R--STL,49,0.0,2,True,1e-17
H_stl_cancellation_d2,FR--R--STL,50,0.0,2,True,1e-17
H_stl_cancellation_d2,FR--R--STL,51,0.0,2,True,1e-17
H_stl_cancellation_d2,FR--R--STL,52,0.0,2,True,1e-17
H_stl_cancellation_d2,FR--R--STL,53,0.0,2,True,1e-17
H_stl_cancellation_d2,FR--R--STL,54,0.0,2,True,1e-17
H_stl_cancellation_d2,FR--R--STL,55,0.0,2,True,1e-17
H_stl_cancellation_d2,FR--R--STL,56,0.0,2,True,1e-17
H_stl_cancellation_d2,FR--R--STL,57,0.0,2,True,1e-17
H_stl_cancellation_d2,FR--R--STL,58,0.0,2,True,1e-17
H_stl_cancellation_d2,FR--R--STL,59,0.0,2,True,1e-17
H_stl_cancellation_d2,FR--R--STL,60,0.0,2,True,1e-17
H_stl_cancellation_d2,FR--R--STL,61,0.0,2,True,1e-17
H_stl_cancellation_d2,FR--R--STL,62,0.0,2,True,1e-17
H_stl_cancellation_d2,FR--R--STL,63,0.0,2,True,1e-17
H_stl_cancellation_d2,FR--R--STL,64,0.0,2,True,1e-17
H_stl_cancellation_d2,FR--R--STL,65,0.0,2,True,1e-17
H_stl_cancellation_d2,FR--R--STL,66,0.0,2,True,1e-17
H_stl_cancellation_d2,FR--R--STL,67,0.0,2,True,1e-17
H_stl_cancellation_d2,FR--R--STL,68,0.0,2,True,1e-17
H_stl_cancellation_d2,FR--R--STL,69,0.0,2,True,1e-17
H_stl_cancellation_d2,FR--R--STL,70,0.0,2,True,1e-17
H_stl_cancellation_d2,FR--R--STL,71,0.0,2,True,1e-17
H_stl_cancellation_d2,FR--R--STL,72,0.0,2,True,1e-17
H_stl_cancellation_d2,FR--R--STL,73,0.0,2,True,1e-17
H_stl_cancellation_d2,FR--R--STL,74,0.0,2,True,1e-17
H_stl_cancellation_d2,FR--R--STL,75,0.0,2,True,1e-17
H_stl_cancellation_d2,FR--R--STL,76,0.0,2,True,1e-17
H_stl_cancellation_d2,FR--R--STL,77,0.0,2,True,1e-17
H_stl_cancellation_d2,FR--R--STL,78,0.0,2,True,1e-17
H_stl_cancellation_d2,FR--R--STL,79,0.0,2,True,1e-17
H_stl_cancellation_d2,FR--R--STL,80,0.0,2,True,1e-17
H_stl_cancellation_d2,S--FB--GVI,0,0.0,2,True,1e-17
H_stl_cancellation_d2,S--FB--GVI,1,1.316146086927831,2,False,1.316146086927831
H_stl_cancellation_d2,S--FB--GVI,2,0.9880847320919566,2,False,0.9880847320919566
H_stl_cancellation_d2,S--FB--GVI,3,0.8140596655341761,2,False,0.8140596655341761
H_stl_cancellation_d2,S--FB--GVI,4,0.6413262260347239,2,False,0.6413262260347239
H_stl_cancellation_d2,S--FB--GVI,5,0.345326123876016,2,False,0.345326123876016
H_stl_cancellation_d2,S--FB--GVI,6,0.5544833136026182,2,False,0.5544833136026182
H_stl_cancellation_d2,S--FB--GVI,7,0.7484365975804188,2,False,0.7484365975804188
H_stl_cancellation_d2,S--FB--GVI,8,0.5348504877318059,2,False,0.5348504877318059
H_stl_cancellation_d2,S--FB--GVI,9,0.7875895112670361,2,False,0.7875895112670361
H_stl_cancellation_d2,S--FB--GVI,10,1.4657773700359604,2,False,1.4657773700359604
H_stl_cancellation_d2,S--FB--GVI,11,1.1816476555259263,2,False,1.1816476555259263
H_stl_cancellation_d2,S--FB--GVI,12,0.7730848678059705,2,False,0.7730848678059705
H_stl_cancellation_d2,S--FB--GVI,13,1.4727033232630207,2,False,1.4727033232630207
H_stl_cancellation_d2,S--FB--GVI,14,0.82781910614242,2,False,0.82781910614242
H_stl_cancellation_d2,S--FB--GVI,15,0.6407452377989469,2,False,0.6407452377989469
H_stl_cancellation_d2,S--FB--GVI,16,1.683408788957012,2,False,1.683408788957012
H_stl_cancellation_d2,S--FB--GVI,17,1.4984463626446574,2,False,1.4984463626446574
H_stl_cancellation_d2,S--FB--GVI,18,0.6671515434097419,2,False,0.6671515434097419
H_stl_cancellation_d2,S--FB--GVI,19,0.796092726399876,2,False,0.796092726399876
H_stl_cancellation_d2,S--FB--GVI,20,1.6270191722480407,2,False,1.6270191722480407
H_stl_cancellation_d2,S--FB--GVI,21,1.3565306785539484,2,False,1.3565306785539484
H_stl_cancellation_d2,S--FB--GVI,22,0.36008528508292337,2,False,0.36008528508292337
H_stl_cancellation_d2,S--FB--GVI,23,0.6098377679278615,2,False,0.6098377679278615
H_stl_cancellation_d2,S--FB--GVI,24,0.8448486135073612,2,False,0.8448486135073612
H_stl_cancellation_d2,S--FB--GVI,25,0.839554840609346,2,False,0.839554840609346
H_stl_cancellation_d2,S--FB--GVI,26,0.8455103616285482,2,False,0.8455103616285482
H_stl_cancellation_d2,S--FB--GVI,27,0.8201437864695944,2,False,0.8201437864695944
H_stl_cancellation_d2,S--FB--GVI,28,1.2499416257374236,2,False,1.2499416257374236
H_stl_cancellation_d2,S--FB--GVI,29,0.6626799064890649,2,False,0.6626799064890649
H_stl_cancellation_d2,S--FB--GVI,30,0.6441475854991177,2,False,0.6441475854991177
H_stl_cancellation_d2,S--FB--GVI,31,1.285792498943685,2,False,1.285792498943685
H_stl_cancellation_d2,S--FB--GVI,32,1.6826038252546867,2,False,1.6826038252546867
H_stl_cancellation_d2,S--FB--GVI,33,1.4051816830346573,2,False,1.4051816830346573
H_stl_cancellation_d2,S--FB--GVI,34,1.0227058052755713,2,False,1.0227058052755713
H_stl_cancellation_d2,S--FB--GVI,35,0.9087596541214473,2,False,0.9087596541214473
H_stl_cancellation_d2,S--FB--GVI,36,1.2094636781479182,2,False,1.2094636781479182
H_stl_cancellation_d2,S--FB--GVI,37,0.7105657408306147,2,False,0.7105657408306147
H_stl_cancellation_d2,S--FB--GVI,38,0.7189928213364776,2,False,0.7189928213364776
H_stl_cancellation_d2,S--FB--GVI,39,0.8309038174984309,2,False,0.8309038174984309
H_stl_cancellation_d2,S--FB--GVI,40,0.5282398912951938,2,False,0.5282398912951938
H_stl_cancellation_d2,S--FB--GVI,41,0.5692906869154057,2,False,0.5692906869154057
H_stl_cancellation_d2,S--FB--GVI,42,0.8584156783400385,2,False,0.8584156783400385
H_stl_cancellation_d2,S--FB--GVI,43,1.044290919908487,2,False,1.044290919908487
H_stl_cancellation_d2,S--FB--GVI,44,0.3753005471269433,2,False,0.3753005471269433
H_stl_cancellation_d2,S--FB--GVI,45,1.5195589532346876,2,False,1.5195589532346876
H_stl_cancellation_d2,S--FB--GVI,46,1.3931825687099857,2,False,1.3931825687099857
H_stl_cancellation_d2,S--FB--GVI,47,0.9037419560938296,2,False,0.9037419560938296
H_stl_cancellation_d2,S--FB--GVI,48,0.9514734518139873,2,False,0.9514734518139873
H_stl_cancellation_d2,S--FB--GVI,49,0.8923838984850427,2,False,0.8923838984850427
H_stl_cancellation_d2,S--FB--GVI,50,0.8395602071749582,2,False,0.8395602071749582
H_stl_cancellation_d2,S--FB--GVI,51,1.2642632098437692,2,False,1.2642632098437692
H_stl_cancellation_d2,S--FB--GVI,52,0.7576032133238702,2,False,0.7576032133238702
H_stl_cancellation_d2,S--FB--GVI,53,1.276419061868706,2,False,1.276419061868706
H_stl_cancellation_d2,S--FB--GVI,54,1.2433045880061608,2,False,1.2433045880061608
H_stl_cancellation_d2,S--FB--GVI,55,0.5464697971286785,2,False,0.5464697971286785
H_stl_cancellation_d2,S--FB--GVI,56,0.8475766248645555,2,False,0.8475766248645555
H_stl_cancellation_d2,S--FB--GVI,57,1.216627489487134,2,False,1.216627489487134
H_stl_cancellation_d2,S--FB--GVI,58,1.034020899815775,2,False,1.034020899815775
H_stl_cancellation_d2,S--FB--GVI,59,0.7749089693010709,2,False,0.7749089693010709
H_stl_cancellation_d2,S--FB--GVI,60,1.1647087295919147,2,False,1.1647087295919147
H_stl_cancellation_d2,S--FB--GVI,61,0.552637855524194,2,False,0.552637855524194
H_stl_cancellation_d2,S--FB--GVI,62,0.5417401841837546,2,False,0.5417401841837546
H_stl_cancellation_d2,S--FB--GVI,63,1.007815543848829,2,False,1.007815543848829
H_stl_cancellation_d2,S--FB--GVI,64,1.2464796599266947,2,False,1.2464796599266947
H_stl_cancellation_d2,S--FB--GVI,65,0.7393192171486513,2,False,0.7393192171486513
H_stl_cancellation_d2,S--FB--GVI,66,1.1727561252503649,2,False,1.1727561252503649
H_stl_cancellation_d2,S--FB--GVI,67,0.4207891798499317,2,False,0.4207891798499317
H_stl_cancellation_d2,S--FB--GVI,68,0.8792860346652618,2,False,0.8792860346652618
H_stl_cancellation_d2,S--FB--GVI,69,1.787046487760689,2,False,1.787046487760689
H_stl_cancellation_d2,S--FB--GVI,70,0.6302675325158096,2,False,0.6302675325158096
H_stl_cancellation_d2,S--FB--GVI,71,1.325011682895569,2,False,1.325011682895569
H_stl_cancellation_d2,S--FB--GVI,72,0.7666357474115557,2,False,0.7666357474115557
H_stl_cancellation_d2,S--FB--GVI,73,0.39615614651352027,2,False,0.39615614651352027
H_stl_cancellation_d2,S--FB--GVI,74,0.9878686383199178,2,False,0.9878686383199178
H_stl_cancellation_d2,S--FB--GVI,75,0.7839830475195619,2,False,0.7839830475195619
H_stl_cancellation_d2,S--FB--GVI,76,0.8373071913073951,2,False,0.8373071913073951
H_stl_cancellation_d2,S--FB--GVI,77,1.1038334585923317,2,False,1.1038334585923317
H_stl_cancellation_d2,S--FB--GVI,78,1.1626594019049121,2,False,1.1626594019049121
H_stl_cancellation_d2,S--FB--GVI,79,0.8050945209726714,2,False,0.8050945209726714
H_stl_cancellation_d2,S--FB--GVI,80,0.6850469452377279,2,False,0.6850469452377279
H_stl_cancellation_d50,FR--KL--STL,0,0.0,50,True,1e-17
H_stl_cancellation_d50,FR--KL--STL,1,3.552713678800501e-15,50,False,3.552713678800501e-15
H_stl_cancellation_d50,FR--KL--STL,2,3.552713678800501e-15,50,False,3.552713678800501e-15
H_stl_cancellation_d50,FR--KL--STL,3,7.105427357601002e-15,50,False,7.105427357601002e-15
H_stl_cancellation_d50,FR--KL--STL,4,7.105427357601002e-15,50,False,7.105427357601002e-15
H_stl_cancellation_d50,FR--KL--STL,5,3.552713678800501e-15,50,False,3.552713678800501e-15
H_stl_cancellation_d50,FR--KL--STL,6,1.0658141036401503e-14,50,False,1.0658141036401503e-14
H_stl_cancellation_d50,FR--KL--STL,7,3.552713678800501e-15,50,False,3.552713678800501e-15
H_stl_cancellation_d50,FR--KL--STL,8,7.105427357601002e-15,50,False,7.105427357601002e-15
H_stl_cancellation_d50,FR--KL--STL,9,0.0,50,True,1e-17
H_stl_cancellation_d50,FR--KL--STL,10,3.552713678800501e-15,50,False,3.552713678800501e-15
H_stl_cancellation_d50,FR--KL--STL,11,3.552713678800501e-15,50,False,3.552713678800501e-15
H_stl_cancellation_d50,FR--KL--STL,12,3.552713678800501e-15,50,False,3.552713678800501e-15
H_stl_cancellation_d50,FR--KL--STL,13,3.552713678800501e-15,50,False,3.552713678800501e-15
H_stl_cancellation_d50,FR--KL--STL,14,3.552713678800501e-15,50,False,3.552713678800501e-15
H_stl_cancellation_d50,FR--KL--STL,15,3.552713678800501e-15,50,False,3.552713678800501e-15
H_stl_cancellation_d50,FR--KL--STL,16,3.552713678800501e-15,50,False,3.552713678800501e-15
H_stl_cancellation_d50,FR--KL--STL,17,7.105427357601002e-15,50,False,7.105427357601002e-15
H_stl_cancellation_d50,FR--KL--STL,18,3.552713678800501e-15,50,False,3.552713678800501e-15
H_stl_cancellation_d50,FR--KL--STL,19,7.105427357601002e-15,50,False,7.105427357601002e-15
H_stl_cancellation_d50,FR--KL--STL,20,0.0,50,True,1e-17
H_stl_cancellation_d50,FR--KL--STL,21,7.105427357601002e-15,50,False,7.105427357601002e-15
H_stl_cancellation_d50,FR--KL--STL,22,7.105427357601002e-15,50,False,7.105427357601002e-15
H_stl_cancellation_d50,FR--KL--STL,23,7.105427357601002e-15,50,False,7.105427357601002e-15
H_stl_cancellation_d50,FR--KL--STL,24,0.0,50,True,1e-17
H_stl_cancellation_d50,FR--KL--STL,25,0.0,50,True,1e-17
H_stl_cancellation_d50,FR--KL--STL,26,0.0,50,True,1e-17
H_stl_cancellation_d50,FR--KL--STL,27,0.0,50,True,1e-17
H_stl_cancellation_d50,FR--KL--STL,28,0.0,50,True,1e-17
H_stl_cancellation_d50,FR--KL--STL,29,0.0,50,True,1e-17
H_stl_cancellation_d50,FR--KL--STL,30,7.105427357601002e-15,50,False,7.105427357601002e-15
H_stl_cancellation_d50,FR--KL--STL,31,0.0,50,True,1e-17
H_stl_cancellation_d50,FR--KL--STL,32,7.105427357601002e-15,50,False,7.105427357601002e-15
H_stl_cancellation_d50,FR--KL--STL,33,0.0,50,True,1e-17
H_stl_cancellation_d50,FR--KL--STL,34,0.0,50,True,1e-17
H_stl_cancellation_d50,FR--KL--STL,35,0.0,50,True,1e-17
H_stl_cancellation_d50,FR--KL--STL,36,0.0,50,True,1e-17
H_stl_cancellation_d50,FR--KL--STL,37,0.0,50,True,1e-17
H_stl_cancellation_d50,FR--KL--STL,38,0.0,50,True,1e-17
H_stl_cancellation_d50,FR--KL--STL,39,0.0,50,True,1e-17
H_stl_cancellation_d50,FR--KL--STL,40,0.0,50,True,1e-17
H_stl_cancellation_d50,FR--KL--STL,41,0.0,50,True,1e-17
H_stl_cancellation_d50,FR--KL--STL,42,0.0,50,True,1e-17
H_stl_cancellation_d50,FR--KL--STL,43,0.0,50,True,1e-17
H_stl_cancellation_d50,FR--KL--STL,44,0.0,50,True,1e-17
H_stl_cancellation_d50,FR--KL--STL,45,0.0,50,True,1e-17
H_stl_cancellation_d50,FR--KL--STL,46,0.0,50,True,1e-17
H_stl_cancellation_d50,FR--KL--STL,47,0.0,50,True,1e-17
H_stl_cancellation_d50,FR--KL--STL,48,0.0,50,True,1e-17
H_stl_cancellation_d50,FR--KL--STL,49,0.0,50,True,1e-17
H_stl_cancellation_d50,FR--KL--STL,50,0.0,50,True,1e-17
H_stl_cancellation_d50,FR--KL--STL,51,0.0,50,True,1e-17
H_stl_cancellation_d50,FR--KL--STL,52,0.0,50,True,1e-17
H_stl_cancellation_d50,FR--KL--STL,53,0.0,50,True,1e-17
H_stl_cancellation_d50,FR--KL--STL,54,0.0,50,True,1e-17
H_stl_cancellation_d50,FR--KL--STL,55,0.0,50,True,1e-17
H_stl_cancellation_d50,FR--KL--STL,56,0.0,50,True,1e-17
H_stl_cancellation_d50,FR--KL--STL,57,0.0,50,True,1e-17
H_stl_cancellation_d50,FR--KL--STL,58,0.0,50,True,1e-17
H_stl_cancellation_d50,FR--KL--STL,59,0.0,50,True,1e-17
H_stl_cancellation_d50,FR--KL--STL,60,0.0,50,True,1e-17
H_stl_cancellation_d50,FR--KL--STL,61,0.0,50,True,1e-17
H_stl_cancellation_d50,FR--KL--STL,62,0.0,50,True,1e-17
H_stl_cancellation_d50,FR--KL--STL,63,0.0,50,True,1e-17
H_stl_cancellation_d50,FR--KL--STL,64,0.0,50,True,1e-17
H_stl_cancellation_d50,FR--KL--STL,65,0.0,50,True,1e-17
H_stl_cancellation_d50,FR--KL--STL,66,0.0,50,True,1e-17
H_stl_cancellation_d50,FR--KL--STL,67,0.0,50,True,1e-17
H_stl_cancellation_d50,FR--KL--STL,68,0.0,50,True,1e-17
H_stl_cancellation_d50,FR--KL--STL,69,0.0,50,True,1e-17
H_stl_cancellation_d50,FR--KL--STL,70,0.0,50,True,1e-17
H_stl_cancellation_d50,FR--KL--STL,71,0.0,50,True,1e-17
H_stl_cancellation_d50,FR--KL--STL,72,0.0,50,True,1e-17
H_stl_cancellation_d50,FR--KL--STL,73,0.0,50,True,1e-17
H_stl_cancellation_d50,FR--KL--STL,74,0.0,50,True,1e-17
H_stl_cancellation_d50,FR--KL--STL,75,0.0,50,True,1e-17
H_stl_cancellation_d50,FR--KL--STL,76,0.0,50,True,1e-17
H_stl_cancellation_d50,FR--KL--STL,77,0.0,50,True,1e-17
H_stl_cancellation_d50,FR--KL--STL,78,0.0,50,True,1e-17
H_stl_cancellation_d50,FR--KL--STL,79,0.0,50,True,1e-17
H_stl_cancellation_d50,FR--KL--STL,80,0.0,50,True,1e-17
H_stl_cancellation_d50,FR--R--STL,0,0.0,50,True,1e-17
H_stl_cancellation_d50,FR--R--STL,1,1.4210854715202004e-14,50,False,1.4210854715202004e-14
H_stl_cancellation_d50,FR--R--STL,2,7.105427357601002e-15,50,False,7.105427357601002e-15
H_stl_cancellation_d50,FR--R--STL,3,7.105427357601002e-15,50,False,7.105427357601002e-15
H_stl_cancellation_d50,FR--R--STL,4,7.105427357601002e-15,50,False,7.105427357601002e-15
H_stl_cancellation_d50,FR--R--STL,5,7.105427357601002e-15,50,False,7.105427357601002e-15
H_stl_cancellation_d50,FR--R--STL,6,7.105427357601002e-15,50,False,7.105427357601002e-15
H_stl_cancellation_d50,FR--R--STL,7,0.0,50,True,1e-17
H_stl_cancellation_d50,FR--R--STL,8,0.0,50,True,1e-17
H_stl_cancellation_d50,FR--R--STL,9,0.0,50,True,1e-17
H_stl_cancellation_d50,FR--R--STL,10,0.0,50,True,1e-17
H_stl_cancellation_d50,FR--R--STL,11,0.0,50,True,1e-17
H_stl_cancellation_d50,FR--R--STL,12,0.0,50,True,1e-17
H_stl_cancellation_d50,FR--R--STL,13,0.0,50,True,1e-17
H_stl_cancellation_d50,FR--R--STL,14,0.0,50,True,1e-17
H_stl_cancellation_d50,FR--R--STL,15,0.0,50,True,1e-17
H_stl_cancellation_d50,FR--R--STL,16,0.0,50,True,1e-17
H_stl_cancellation_d50,FR--R--STL,17,0.0,50,True,1e-17
H_stl_cancellation_d50,FR--R--STL,18,0.0,50,True,1e-17
H_stl_cancellation_d50,FR--R--STL,19,0.0,50,True,1e-17
H_stl_cancellation_d50,FR--R--STL,20,0.0,50,True,1e-17
H_stl_cancellation_d50,FR--R--STL,21,0.0,50,True,1e-17
H_stl_cancellation_d50,FR--R--STL,22,0.0,50,True,1e-17
H_stl_cancellation_d50,FR--R--STL,23,0.0,50,True,1e-17
H_stl_cancellation_d50,FR--R--STL,24,0.0,50,True,1e-17
H_stl_cancellation_d50,FR--R--STL,25,0.0,50,True,1e-17
H_stl_cancellation_d50,FR--R--STL,26,0.0,50,True,1e-17
H_stl_cancellation_d50,FR--R--STL,27,0.0,50,True,1e-17
H_stl_cancellation_d50,FR--R--STL,28,0.0,50,True,1e-17
H_stl_cancellation_d50,FR--R--STL,29,0.0,50,True,1e-17
H_stl_cancellation_d50,FR--R--STL,30,0.0,50,True,1e-17
H_stl_cancellation_d50,FR--R--STL,31,0.0,50,True,1e-17
H_stl_cancellation_d50,FR--R--STL,32,0.0,50,True,1e-17
H_stl_cancellation_d50,FR--R--STL,33,0.0,50,True,1e-17
H_stl_cancellation_d50,FR--R--STL,34,0.0,50,True,1e-17
H_stl_cancellation_d50,FR--R--STL,35,0.0,50,True,1e-17
H_stl_cancellation_d50,FR--R--STL,36,0.0,50,True,1e-17
H_stl_cancellation_d50,FR--R--STL,37,0.0,50,True,1e-17
H_stl_cancellation_d50,FR--R--STL,38,0.0,50,True,1e-17
H_stl_cancellation_d50,FR--R--STL,39,0.0,50,True,1e-17
H_stl_cancellation_d50,FR--R--STL,40,0.0,50,True,1e-17
H_stl_cancellation_d50,FR--R--STL,41,0.0,50,True,1e-17
H_stl_cancellation_d50,FR--R--STL,42,0.0,50,True,1e-17
H_stl_cancellation_d50,FR--R--STL,43,0.0,50,True,1e-17
H_stl_cancellation_d50,FR--R--STL,44,0.0,50,True,1e-17
H_stl_cancellation_d50,FR--R--STL,45,0.0,50,True,1e-17
H_stl_cancellation_d50,FR--R--STL,46,0.0,50,True,1e-17
H_stl_cancellation_d50,FR--R--STL,47,0.0,50,True,1e-17
H_stl_cancellation_d50,FR--R--STL,48,0.0,50,True,1e-17
H_stl_cancellation_d50,FR--R--STL,49,0.0,50,True,1e-17
H_stl_cancellation_d50,FR--R--STL,50,0.0,50,True,1e-17
H_stl_cancellation_d50,FR--R--STL,51,0.0,50,True,1e-17
H_stl_cancellation_d50,FR--R--STL,52,0.0,50,True,1e-17
H_stl_cancellation_d50,FR--R--STL,53,0.0,50,True,1e-17
H_stl_cancellation_d50,FR--R--STL,54,0.0,50,True,1e-17
H_stl_cancellation_d50,FR--R--STL,55,0.0,50,True,1e-17
H_stl_cancellation_d50,FR--R--STL,56,0.0,50,True,1e-17
H_stl_cancellation_d50,FR--R--STL,57,0.0,50,True,1e-17
H_stl_cancellation_d50,FR--R--STL,58,0.0,50,True,1e-17
H_stl_cancellation_d50,FR--R--STL,59,0.0,50,True,1e-17
H_stl_cancellation_d50,FR--R--STL,60,0.0,50,True,1e-17
H_stl_cancellation_d50,FR--R--STL,61,0.0,50,True,1e-17
H_stl_cancellation_d50,FR--R--STL,62,0.0,50,True,1e-17
H_stl_cancellation_d50,FR--R--STL,63,0.0,50,True,1e-17
H_stl_cancellation_d50,FR--R--STL,64,0.0,50,True,1e-17
H_stl_cancellation_d50,FR--R--STL,65,0.0,50,True,1e-17
H_stl_cancellation_d50,FR--R--STL,66,0.0,50,True,1e-17
H_stl_cancellation_d50,FR--R--STL,67,0.0,50,True,1e-17
H_stl_cancellation_d50,FR--R--STL,68,0.0,50,True,1e-17
H_stl_cancellation_d50,FR--R--STL,69,0.0,50,True,1e-17
H_stl_cancellation_d50,FR--R--STL,70,0.0,50,True,1e-17
H_stl_cancellation_d50,FR--R--STL,71,0.0,50,True,1e-17
H_stl_cancellation_d50,FR--R--STL,72,0.0,50,True,1e-17
H_stl_cancellation_d50,FR--R--STL,73,0.0,50,True,1e-17
H_stl_cancellation_d50,FR--R--STL,74,0.0,50,True,1e-17
H_stl_cancellation_d50,FR--R--STL,75,0.0,50,True,1e-17
H_stl_cancellation_d50,FR--R--STL,76,0.0,50,True,1e-17
H_stl_cancellation_d50,FR--R--STL,77,0.0,50,True,1e-17
H_stl_cancellation_d50,FR--R--STL,78,0.0,50,True,1e-17
H_stl_cancellation_d50,FR--R--STL,79,0.0,50,True,1e-17
H_stl_cancellation_d50,FR--R--STL,80,0.0,50,True,1e-17
H_stl_cancellation_d50,S--FB--GVI,0,0.0,50,True,1e-17
H_stl_cancellation_d50,S--FB--GVI,1,4.001993315337053,50,False,4.001993315337053
H_stl_cancellation_d50,S--FB--GVI,2,2.41480712150128,50,False,2.41480712150128
H_stl_cancellation_d50,S--FB--GVI,3,2.0340207733645173,50,False,2.0340207733645173
H_stl_cancellation_d50,S--FB--GVI,4,2.389170289917729,50,False,2.389170289917729
H_stl_cancellation_d50,S--FB--GVI,5,1.722457049462843,50,False,1.722457049462843
H_stl_cancellation_d50,S--FB--GVI,6,1.7929164418443975,50,False,1.7929164418443975
H_stl_cancellation_d50,S--FB--GVI,7,2.3036792192065505,50,False,2.3036792192065505
H_stl_cancellation_d50,S--FB--GVI,8,1.8049375675632646,50,False,1.8049375675632646
H_stl_cancellation_d50,S--FB--GVI,9,1.9252816624260518,50,False,1.9252816624260518
H_stl_cancellation_d50,S--FB--GVI,10,1.8975587490098569,50,False,1.8975587490098569
H_stl_cancellation_d50,S--FB--GVI,11,1.8758498150598122,50,False,1.8758498150598122
H_stl_cancellation_d50,S--FB--GVI,12,1.8239699593998964,50,False,1.8239699593998964
H_stl_cancellation_d50,S--FB--GVI,13,1.5530557367141178,50,False,1.5530557367141178
H_stl_cancellation_d50,S--FB--GVI,14,1.4159672736613125,50,False,1.4159672736613125
H_stl_cancellation_d50,S--FB--GVI,15,1.5781904494066588,50,False,1.5781904494066588
H_stl_cancellation_d50,S--FB--GVI,16,2.339752369712283,50,False,2.339752369712283
H_stl_cancellation_d50,S--FB--GVI,17,2.5296700759934865,50,False,2.5296700759934865
H_stl_cancellation_d50,S--FB--GVI,18,2.465666875334474,50,False,2.465666875334474
H_stl_cancellation_d50,S--FB--GVI,19,1.8027312032337157,50,False,1.8027312032337157
H_stl_cancellation_d50,S--FB--GVI,20,1.7566940510811584,50,False,1.7566940510811584
H_stl_cancellation_d50,S--FB--GVI,21,2.3732473403709697,50,False,2.3732473403709697
H_stl_cancellation_d50,S--FB--GVI,22,3.3316686965371254,50,False,3.3316686965371254
H_stl_cancellation_d50,S--FB--GVI,23,2.080100607185461,50,False,2.080100607185461
H_stl_cancellation_d50,S--FB--GVI,24,1.6065520809325662,50,False,1.6065520809325662
H_stl_cancellation_d50,S--FB--GVI,25,2.47669562697153,50,False,2.47669562697153
H_stl_cancellation_d50,S--FB--GVI,26,2.2769281313488783,50,False,2.2769281313488783
H_stl_cancellation_d50,S--FB--GVI,27,2.218272731558713,50,False,2.218272731558713
H_stl_cancellation_d50,S--FB--GVI,28,2.009758219917245,50,False,2.009758219917245
H_stl_cancellation_d50,S--FB--GVI,29,2.1984164077608597,50,False,2.1984164077608597
H_stl_cancellation_d50,S--FB--GVI,30,2.172933007350757,50,False,2.172933007350757
H_stl_cancellation_d50,S--FB--GVI,31,1.7823247695982367,50,False,1.7823247695982367
H_stl_cancellation_d50,S--FB--GVI,32,2.0970299684847795,50,False,2.0970299684847795
H_stl_cancellation_d50,S--FB--GVI,33,3.0855791158539567,50,False,3.0855791158539567
H_stl_cancellation_d50,S--FB--GVI,34,2.3693101849719334,50,False,2.3693101849719334
H_stl_cancellation_d50,S--FB--GVI,35,2.079583387186698,50,False,2.079583387186698
H_stl_cancellation_d50,S--FB--GVI,36,1.724195896160019,50,False,1.724195896160019
H_stl_cancellation_d50,S--FB--GVI,37,2.4020486847285305,50,False,2.4020486847285305
H_stl_cancellation_d50,S--FB--GVI,38,2.2415907877602876,50,False,2.2415907877602876
H_stl_cancellation_d50,S--FB--GVI,39,1.7987372764768779,50,False,1.7987372764768779
H_stl_cancellation_d50,S--FB--GVI,40,2.0839435946642304,50,False,2.0839435946642304
H_stl_cancellation_d50,S--FB--GVI,41,2.1625035894181437,50,False,2.1625035894181437
H_stl_cancellation_d50,S--FB--GVI,42,2.1357310886888,50,False,2.1357310886888
H_stl_cancellation_d50,S--FB--GVI,43,2.465535836512725,50,False,2.465535836512725
H_stl_cancellation_d50,S--FB--GVI,44,2.730920446609531,50,False,2.730920446609531
H_stl_cancellation_d50,S--FB--GVI,45,2.025023296333252,50,False,2.025023296333252
H_stl_cancellation_d50,S--FB--GVI,46,2.9517761919808727,50,False,2.9517761919808727
H_stl_cancellation_d50,S--FB--GVI,47,1.6148244843503825,50,False,1.6148244843503825
H_stl_cancellation_d50,S--FB--GVI,48,1.778224078745616,50,False,1.778224078745616
H_stl_cancellation_d50,S--FB--GVI,49,2.118822974138073,50,False,2.118822974138073
H_stl_cancellation_d50,S--FB--GVI,50,1.9192586900831046,50,False,1.9192586900831046
H_stl_cancellation_d50,S--FB--GVI,51,2.1183857698368946,50,False,2.1183857698368946
H_stl_cancellation_d50,S--FB--GVI,52,2.673974782909827,50,False,2.673974782909827
H_stl_cancellation_d50,S--FB--GVI,53,1.8515756805169339,50,False,1.8515756805169339
H_stl_cancellation_d50,S--FB--GVI,54,1.5758785538972795,50,False,1.5758785538972795
H_stl_cancellation_d50,S--FB--GVI,55,1.7916296790186799,50,False,1.7916296790186799
H_stl_cancellation_d50,S--FB--GVI,56,2.159460462098359,50,False,2.159460462098359
H_stl_cancellation_d50,S--FB--GVI,57,1.5352121916144803,50,False,1.5352121916144803
H_stl_cancellation_d50,S--FB--GVI,58,2.247167485390772,50,False,2.247167485390772
H_stl_cancellation_d50,S--FB--GVI,59,2.5526069599457024,50,False,2.5526069599457024
H_stl_cancellation_d50,S--FB--GVI,60,1.7899443202754917,50,False,1.7899443202754917
H_stl_cancellation_d50,S--FB--GVI,61,1.744724155919922,50,False,1.744724155919922
H_stl_cancellation_d50,S--FB--GVI,62,2.298840263174,50,False,2.298840263174
H_stl_cancellation_d50,S--FB--GVI,63,1.9170564627203177,50,False,1.9170564627203177
H_stl_cancellation_d50,S--FB--GVI,64,1.8539838182010726,50,False,1.8539838182010726
H_stl_cancellation_d50,S--FB--GVI,65,1.9703739668068287,50,False,1.9703739668068287
H_stl_cancellation_d50,S--FB--GVI,66,2.0184160034423826,50,False,2.0184160034423826
H_stl_cancellation_d50,S--FB--GVI,67,2.0619327188441403,50,False,2.0619327188441403
H_stl_cancellation_d50,S--FB--GVI,68,2.4259980235400747,50,False,2.4259980235400747
H_stl_cancellation_d50,S--FB--GVI,69,1.86757126597535,50,False,1.86757126597535
H_stl_cancellation_d50,S--FB--GVI,70,1.8278905857750622,50,False,1.8278905857750622
H_stl_cancellation_d50,S--FB--GVI,71,2.355850697160605,50,False,2.355850697160605
H_stl_cancellation_d50,S--FB--GVI,72,2.085155863183136,50,False,2.085155863183136
H_stl_cancellation_d50,S--FB--GVI,73,1.4142662577931588,50,False,1.4142662577931588
H_stl_cancellation_d50,S--FB--GVI,74,2.1332308374154856,50,False,2.1332308374154856
H_stl_cancellation_d50,S--FB--GVI,75,2.4462349035120248,50,False,2.4462349035120248
H_stl_cancellation_d50,S--FB--GVI,76,1.7736807464602684,50,False,1.7736807464602684
H_stl_cancellation_d50,S--FB--GVI,77,2.1508236453704406,50,False,2.1508236453704406
H_stl_cancellation_d50,S--FB--GVI,78,2.07514186714268,50,False,2.07514186714268
H_stl_cancellation_d50,S--FB--GVI,79,2.4872266603753275,50,False,2.4872266603753275
H_stl_cancellation_d50,S--FB--GVI,80,1.6633394913830237,50,False,1.6633394913830237
