job_id,method,variant,seed,tier,experiment,iteration,step_size,objective,objective_gap,exact_gaussian_kl,w2_squared,mean_error,covariance_error,covariance_min_eigenvalue,covariance_max_eigenvalue,relative_covariance_min_eigenvalue,relative_covariance_max_eigenvalue,gaussian_core_rate,fisher_rao_residual_squared,bures_wasserstein_residual_squared,wall_time_seconds,repair,equivariance_error_mean,equivariance_error_covariance,local_gamma,local_lambda,predictive_nll,classification_error,brier,iterations,gradient_evaluations,hessian_evaluations,oracle_pairs,expectation_evaluations,matrix_exponentials,matrix_square_roots,eigendecompositions,cholesky_factorizations,cholesky_solves,roundoff_repairs,batch_size,quadratic_rescue,raw_mean_ablation,normalized_step_size,problem_instance,local_kl_gamma,local_discrete_rate,alpha,beta,alpha_star,beta_star,kappa_star,lambda_0_star,lambda_0_star_max,lambda_max_star,grid_condition,grid_dimension,grid_rho,source_file,plotted_gap
D_logcosh_d10_k100_rho0.1,FB--GVI,fb-gvi-x1,2429407476,full,D,400,2.3393250373047323,-15.65823942960919,0.0076109658765446,,7.518242747744413,0.0064709788015643,0.1716680438977861,3.340602324642198,824.6450785891877,0.8362885867273007,0.999924254266305,1.695133357011934,0.0127615037162313,3.233486079881796e-05,0.7611933670123108,,,,,,,,,400,400,400,400,400,0,400,400,0,0,0,1,False,False,1.0,1,,,0.0006585781435878,0.3436468256903399,0.4624510691542663,5.08696176069693,11.000000000000002,0.0005074565156549,0.1496245026331276,2.162390935388704,100.0,10,0.1,results/raw/full/D/D_logcosh_d10_k100_rho0.1/fb-gvi-x1_seed1.csv,0.0076109658765446
D_logcosh_d10_k100_rho0.1,FR--KL,fr-kl-x16,674474161,full,D,400,1.4545454545454546,-15.665850395485744,-1.7763568394002505e-14,,0.0,1.0630616025717154e-09,1.5614515690561301e-07,2.48093846076412,2265.663955040758,0.999999999999941,1.0000001560961966,2.00000031200154,1.6406743793535763e-25,2.546533780470856e-26,0.8228602059534751,,,,,,,,,400,400,400,400,400,0,0,0,800,800,0,1,False,False,16.0,2,,,0.0002277377658218,0.4450782729327923,0.4624510691542662,5.086961760696929,11.0,0.0002206858811709,0.2015366395566024,2.162390935388704,100.0,10,0.1,results/raw/full/D/D_logcosh_d10_k100_rho0.1/fr-kl-x16_seed2.csv,1e-14
D_logcosh_d10_k100_rho0.1,FR--R,fr-r-x8,674474161,full,D,400,0.3636363636363636,-15.665850395485748,-2.131628207280301e-14,,0.0,1.0630617089437034e-09,1.561451666919542e-07,2.480938460764285,2265.6639550407504,0.999999999999928,1.0000001560962068,2.0000003120015597,1.8899824034281944e-25,2.3428572085110928e-26,0.8424278550082818,,,,,,,,,400,400,400,400,400,400,400,800,0,0,0,1,False,False,8.0,2,,,0.0002277377658218,0.4450782729327923,0.4624510691542662,5.086961760696929,11.0,0.0002206858811709,0.2015366395566024,2.162390935388704,100.0,10,0.1,results/raw/full/D/D_logcosh_d10_k100_rho0.1/fr-r-x8_seed2.csv,1e-14
D_logcosh_d10_k100_rho1,FB--GVI,fb-gvi-x1,1544631006,full,D,400,0.851955272943059,-6.873633044206922,0.0001057477819461,,0.0243636385507969,0.0103552842733301,0.0152370466038071,0.8909329645831546,147.60465611551768,0.984988400038688,1.0000389831931384,1.9708550240373472,0.0002002524098003,2.0143223435875607e-06,0.6280579110025428,,,,,,,,,400,400,400,400,400,0,400,400,0,0,0,1,False,False,1.0,2,,,0.0005742557380484,1.514470232406098,0.0206428909564323,2.0849319865996625,101.0,0.0033368367903571,0.5611628178705359,48.44282722369374,100.0,10,1.0,results/raw/full/D/D_logcosh_d10_k100_rho1/fb-gvi-x1_seed2.csv,0.0001057477819461
D_logcosh_d10_k100_rho1,FR--KL,fr-kl-x32,2450940751,full,D,400,0.3168316831683169,-6.873738791988868,-3.552713678800501e-15,,0.0,1.0211165736549576e-15,4.6931172299900353e-14,1.3634562688505414,181.46437796037355,1.0000000000000049,1.0000000000000209,2.0000000000000338,1.4456792806911702e-25,5.531828998487291e-26,0.6659032510360703,,,,,,,,,400,400,400,400,400,0,0,0,800,800,0,1,False,False,32.0,4,,,0.0002036282093901,1.1736674485115115,0.0206428909564323,2.084931986599662,101.0,0.0027553617168279,0.3667150985498998,48.44282722369375,100.0,10,1.0,results/raw/full/D/D_logcosh_d10_k100_rho1/fr-kl-x32_seed4.csv,1e-14
D_logcosh_d10_k100_rho1,FR--R,fr-r-x128,2450940751,full,D,400,0.6336633663366338,-6.873738791988869,-4.440892098500626e-15,,0.0,1.0212201299261404e-15,4.6855956339943e-14,1.3634562688505392,181.46437796037375,0.999999999999998,1.0000000000000209,2.0000000000000338,1.430383006572513e-25,5.392351761043631e-26,0.6830279399873689,,,,,,,,,400,400,400,400,400,400,400,800,0,0,0,1,False,False,128.0,4,,,0.0002036282093901,1.1736674485115115,0.0206428909564323,2.084931986599662,101.0,0.0027553617168279,0.3667150985498998,48.44282722369375,100.0,10,1.0,results/raw/full/D/D_logcosh_d10_k100_rho1/fr-r-x128_seed4.csv,1e-14
D_logcosh_d10_k100_rho5,FB--GVI,fb-gvi-x1,3541565110,full,D,400,0.1914809902398001,1.4980542298884751,2.713370705897944e-06,,8.934182332520684e-05,0.0018823855202491,0.0019985632205873,0.2188094957421844,23.502417043355667,0.9980064519936276,1.000043116870536,1.997177821451488,5.322375678779754e-06,3.6121923619593946e-07,0.6147466209949926,,,,,,,,,400,400,400,400,400,0,400,400,0,0,0,1,False,False,1.0,4,,,0.00020780719135,5.3670588067571225,0.0023993464543686,1.202072573638684,501.0,0.0212320664123739,2.2850894765117147,416.7801603554339,100.0,10,5.0,results/raw/full/D/D_logcosh_d10_k100_rho5/fb-gvi-x1_seed4.csv,2.713370705897944e-06
D_logcosh_d10_k100_rho5,FR--KL,fr-kl-x32,3908755484,full,D,400,0.0638722554890219,1.4980515165177684,-3.552713678800501e-15,,3.5971273417441426e-13,1.8929898418312842e-10,1.2711506516084825e-08,0.2289851706954949,23.026898696275897,0.9999999937706182,0.9999999995370312,1.9999999900700092,5.959662355732748e-17,1.2075132506106826e-16,0.6692565099801868,,,,,,,,,400,400,400,400,400,0,0,0,800,800,0,1,False,False,32.0,1,,,0.0002374028969185,5.184915338166353,0.0023993464543686,1.2020725736386848,501.0,0.0217137359187884,2.183547504284076,416.7801603554337,100.0,10,5.0,results/raw/full/D/D_logcosh_d10_k100_rho5/fr-kl-x32_seed1.csv,1e-14
D_logcosh_d10_k100_rho5,FR--R,fr-r-x1024,3908755484,full,D,400,1.0219560878243512,1.4980515165177692,-2.664535259100376e-15,,0.0,2.0990746398526936e-15,8.309273143496072e-14,0.22898517161592,23.0268988197174,0.9999999999999232,1.0000000000000149,1.9999999999998688,1.4398611542516305e-25,3.128064372329925e-25,0.7773860670276918,,,,,,,,,400,400,400,400,400,400,400,800,0,0,0,1,False,False,1024.0,1,,,0.0002374028969185,5.184915338166353,0.0023993464543686,1.2020725736386848,501.0,0.0217137359187884,2.183547504284076,416.7801603554337,100.0,10,5.0,results/raw/full/D/D_logcosh_d10_k100_rho5/fr-r-x1024_seed1.csv,1e-14
D_logcosh_d10_k10_rho0.1,FB--GVI,fb-gvi-x1,4218009700,full,D,400,1.340560936267826,-11.302386557081595,0.0001227545805271,,0.0336957733035127,0.0009798137400122,0.0222569251922081,2.446752381738653,267.1423971387235,0.9784768005397534,0.9999926678242964,1.9591524840160377,0.0002362897001046,1.8054145963482808e-06,0.7412601480027661,,,,,,,,,400,400,400,400,400,0,400,400,0,0,0,1,False,False,1.0,1,,,0.0030748924398889,0.463259480776319,0.7884407543258796,1.5768815086517591,2.0,0.0018314069999633,0.2043451597837601,1.2683261164689597,10.0,10,0.1,results/raw/full/D/D_logcosh_d10_k10_rho0.1/fb-gvi-x1_seed1.csv,0.0001227545805271
D_logcosh_d10_k10_rho0.1,FR--KL,fr-kl-x0p25,4218009700,full,D,400,0.125,-11.302509311662131,-7.105427357601002e-15,,0.0,4.845720481759137e-16,6.853481400284697e-14,2.4468404366861547,273.0141361314031,0.9999999999999452,1.0000000000000164,1.9999999999999212,1.413380156761228e-25,2.6785711157140783e-26,0.8060881160199642,,,,,,,,,400,400,400,400,400,0,0,0,800,800,0,1,False,False,0.25,1,,,0.0030748924398889,0.463259480776319,0.7884407543258796,1.5768815086517591,2.0,0.0018314069999633,0.2043451597837601,1.2683261164689597,10.0,10,0.1,results/raw/full/D/D_logcosh_d10_k10_rho0.1/fr-kl-x0p25_seed1.csv,1e-14
D_logcosh_d10_k10_rho0.1,FR--R,fr-r-x0p25,4218009700,full,D,400,0.0625,-11.302509311662128,-3.552713678800501e-15,,0.0,2.382735187384366e-09,2.259099290105605e-08,2.4468404344091046,273.0141328896506,0.999999982306342,0.999999999705591,1.999999971689218,2.1792633140376262e-16,7.764332926633143e-18,0.7678841169690713,,,,,,,,,400,400,400,400,400,400,400,800,0,0,0,1,False,False,0.25,1,,,0.0030748924398889,0.463259480776319,0.7884407543258796,1.5768815086517591,2.0,0.0018314069999633,0.2043451597837601,1.2683261164689597,10.0,10,0.1,results/raw/full/D/D_logcosh_d10_k10_rho0.1/fr-r-x0p25_seed1.csv,1e-14
D_logcosh_d10_k10_rho1,FB--GVI,fb-gvi-x1,335452359,full,D,400,0.8140076002573173,-5.826480914087873,2.766890470606853e-05,,0.0056713361561414,0.0071304397065129,0.0030478070651883,0.9835637937303024,106.8714427933038,0.996978378259004,1.0001053753466091,1.994085722682709,5.511967799073488e-05,5.59580936738233e-07,0.616386762005277,,,,,,,,,400,400,400,400,400,0,400,400,0,0,0,1,False,False,1.0,1,,,0.0024402097549968,1.4109740455536048,0.162096269174062,1.7830589609146823,11.0,0.0046644552522861,0.5083533832122422,6.169173449181492,10.0,10,1.0,results/raw/full/D/D_logcosh_d10_k10_rho1/fb-gvi-x1_seed1.csv,2.766890470606853e-05
D_logcosh_d10_k10_rho1,FR--KL,fr-kl-x1,4185074642,full,D,400,0.0909090909090909,-5.82650858299258,-4.440892098500626e-15,,0.0,3.484489920033564e-11,6.761828042858632e-10,0.7649548825578084,123.69262832193937,0.9999999994509142,0.9999999999993489,1.9999999990595012,1.168369518311781e-19,2.0220154198657783e-20,0.6827974800253287,,,,,,,,,400,400,400,400,400,0,0,0,800,800,0,1,False,False,1.0,3,,,0.0021327329527872,1.6650940170085229,0.162096269174062,1.7830589609146827,11.0,0.004042278078403,0.6536333206015044,6.169173449181492,10.0,10,1.0,results/raw/full/D/D_logcosh_d10_k10_rho1/fr-kl-x1_seed3.csv,1e-14
D_logcosh_d10_k10_rho1,FR--R,fr-r-x2,976797076,full,D,400,0.0909090909090909,-5.826508582992577,-2.664535259100376e-15,,0.0,2.5761807929340682e-12,4.280464920877565e-11,1.1327609641929126,106.96723271482868,0.9999999999673754,0.9999999999999843,1.9999999999457776,4.722140294646713e-22,2.1083170527414684e-22,0.6685803899890743,,,,,,,,,400,400,400,400,400,400,400,800,0,0,0,1,False,False,2.0,2,,,0.0029076089053779,1.3029519159745626,0.1620962691740619,1.783058960914681,11.0,0.0046743286453679,0.4413993912226381,6.169173449181497,10.0,10,1.0,results/raw/full/D/D_logcosh_d10_k10_rho1/fr-r-x2_seed2.csv,1e-14
D_logcosh_d10_k10_rho5,FB--GVI,fb-gvi-x1,674474161,full,D,400,0.1898367277362146,1.724737188002492,7.91688941070845e-07,,2.08864440388956e-05,0.0007900777294013,0.0014157512173462,0.2134712251832159,22.35809558447004,0.9985887073069424,0.99999843295822,1.997961387073264,1.544363493868749e-06,1.2473133528006666e-07,0.6558942599804141,,,,,,,,,400,400,400,400,400,0,400,400,0,0,0,1,False,False,1.0,2,,,0.0017785035284993,5.460951302662634,0.0234053045143635,1.1936705302325423,50.99999999999999,0.0223317252801412,2.342219278702667,42.7253573815419,10.0,10,5.0,results/raw/full/D/D_logcosh_d10_k10_rho5/fb-gvi-x1_seed2.csv,7.91688941070845e-07
D_logcosh_d10_k10_rho5,FR--KL,fr-kl-x64,674474161,full,D,400,1.254901960784314,1.7247363963135487,-2.220446049250313e-15,,0.0,1.1194743626081385e-15,4.5567061405390325e-14,0.2134727540441682,22.389671811189675,0.9999999999999714,1.00000000000002,1.999999999999992,1.4608976511765378e-25,3.433161264030264e-25,0.6928293000091799,,,,,,,,,400,400,400,400,400,0,0,0,800,800,0,1,False,False,64.0,2,,,0.0017785035284993,5.460951302662634,0.0234053045143635,1.1936705302325423,50.99999999999999,0.0223317252801412,2.342219278702667,42.7253573815419,10.0,10,5.0,results/raw/full/D/D_logcosh_d10_k10_rho5/fr-kl-x64_seed2.csv,1e-14
D_logcosh_d10_k10_rho5,FR--R,fr-r-x8,674474161,full,D,400,0.0784313725490196,1.7247363963135487,-2.220446049250313e-15,,0.0,2.755239524020884e-13,1.5860447380405678e-11,0.2134727540436811,22.389671811031658,0.9999999999912992,0.9999999999998196,1.9999999999852955,8.859151658186217e-23,1.1535695105580081e-22,0.6804528600187041,,,,,,,,,400,400,400,400,400,400,400,800,0,0,0,1,False,False,8.0,2,,,0.0017785035284993,5.460951302662634,0.0234053045143635,1.1936705302325423,50.99999999999999,0.0223317252801412,2.342219278702667,42.7253573815419,10.0,10,5.0,results/raw/full/D/D_logcosh_d10_k10_rho5/fr-r-x8_seed2.csv,1e-14
D_logcosh_d10_k1_rho0.1,FB--GVI,fb-gvi-x1,1398747650,full,D,400,0.9090909090909096,-6.117995303297632,7.758750530939551e-08,,9.321103822884542e-06,0.0002056942477027,0.0004748876636783,0.9428036485595624,94.40467311376425,0.9995251294761156,1.0000002138353594,1.999050458647558,1.551963163286468e-07,2.833171065253427e-09,0.8395139750209637,,,,,,,,,400,400,400,400,400,0,400,400,0,0,0,1,False,False,1.0,2,,,0.01,1.0999999999999996,0.941972027744651,1.040213374127284,1.1042932735676354,0.0052938329175703,0.5303327593346542,1.0616026490662196,1.0,10,0.1,results/raw/full/D/D_logcosh_d10_k1_rho0.1/fb-gvi-x1_seed2.csv,7.758750530939551e-08
D_logcosh_d10_k1_rho0.1,FR--KL,fr-kl-x2,415412284,full,D,400,1.8111130873220256,-6.11799538088514,-2.664535259100376e-15,,0.0,7.239946250713625e-16,5.4617586667137374e-14,0.9429068026693072,94.29890626645071,0.9999999999999682,1.0000000000000002,1.9999999999999492,1.4562782954099776e-25,7.846011896657931e-26,0.6719723800197244,,,,,,,,,400,400,400,400,400,0,0,0,800,800,0,1,False,False,2.0,0,,,0.01,1.0999999999999994,0.9419720277446504,1.0402133741272843,1.1042932735676363,0.005302288433624,0.5302751009797935,1.0616026490662205,1.0,10,0.1,results/raw/full/D/D_logcosh_d10_k1_rho0.1/fr-kl-x2_seed0.csv,1e-14
D_logcosh_d10_k1_rho0.1,FR--R,fr-r-x0p25,415412284,full,D,400,0.1131945679576266,-6.117995380885141,-3.552713678800501e-15,,2.629008122312371e-13,5.699667591238315e-16,6.426101093207246e-14,0.94290680266932,94.29890626644983,0.9999999999999628,1.0000000000000155,1.9999999999999485,1.489358368209347e-25,8.506542270657623e-26,0.676336030010134,,,,,,,,,400,400,400,400,400,400,400,800,0,0,0,1,False,False,0.25,0,,,0.01,1.0999999999999994,0.9419720277446504,1.0402133741272843,1.1042932735676363,0.005302288433624,0.5302751009797935,1.0616026490662205,1.0,10,0.1,results/raw/full/D/D_logcosh_d10_k1_rho0.1/fr-r-x0p25_seed0.csv,1e-14
D_logcosh_d10_k1_rho1,FB--GVI,fb-gvi-x1,541685669,full,D,400,0.5000000000000001,-3.300211308061222,1.0647118582340909e-06,,9.539647721963254e-05,0.0010944864411083,0.0013741703238987,0.5912861682226581,59.3651774290085,0.998628437366857,1.0000085078112462,1.997480255238891,2.1172395631468063e-06,5.28523450137448e-08,0.656103910994716,,,,,,,,,400,400,400,400,400,0,400,400,0,0,0,1,False,False,1.0,4,,,0.01,2.0,0.5885872504308732,1.1960228156148571,2.032022974910369,0.0084109045896913,0.8456071096639532,1.6989834544801192,1.0,10,1.0,results/raw/full/D/D_logcosh_d10_k1_rho1/fb-gvi-x1_seed4.csv,1.0647118582340909e-06
D_logcosh_d10_k1_rho1,FR--KL,fr-kl-x1,4227784519,full,D,400,0.4921204200676468,-3.300212372773082,-3.552713678800501e-15,,0.0,9.457730649244122e-16,3.566200742167285e-14,0.5915651865515491,59.230271598686514,0.999999999999993,1.0000000000000195,2.000000000000026,1.4516610862043239e-25,1.2111831482173504e-25,0.7031348790042102,,,,,,,,,400,400,400,400,400,0,0,0,800,800,0,1,False,False,1.0,3,,,0.01,1.999999999999999,0.5885872504308733,1.1960228156148582,2.03202297491037,0.0084416293645882,0.8452153902339781,1.6989834544801188,1.0,10,1.0,results/raw/full/D/D_logcosh_d10_k1_rho1/fr-kl-x1_seed3.csv,1e-14
D_logcosh_d10_k1_rho1,FR--R,fr-r-x0p25,4227784519,full,D,400,0.0615150525084558,-3.3002123727730828,-4.440892098500626e-15,,0.0,1.9781474746151748e-09,9.548209767067284e-09,0.59156518543494,59.23027134864265,0.9999999955247644,0.9999999993519008,1.9999999930638583,3.9602221399174737e-17,1.819867879376374e-17,0.6990094290231355,,,,,,,,,400,400,400,400,400,400,400,800,0,0,0,1,False,False,0.25,3,,,0.01,1.999999999999999,0.5885872504308733,1.1960228156148582,2.03202297491037,0.0084416293645882,0.8452153902339781,1.6989834544801188,1.0,10,1.0,results/raw/full/D/D_logcosh_d10_k1_rho1/fr-r-x0p25_seed3.csv,1e-14
D_logcosh_d10_k1_rho5,FB--GVI,fb-gvi-x1,762439158,full,D,400,0.1666666666666667,2.5361703506153828,8.006655476444635e-05,,0.0030225133793656,0.0126415443804607,0.0008769357894605,0.1892152585260961,18.9003942972683,0.9991756147460298,1.000184531532914,1.9984026579835548,0.0001599989548355,8.501722693823792e-06,0.682182878954336,,,,,,,,,400,400,400,400,400,0,400,400,0,0,0,1,False,False,1.0,4,,,0.0099999999999999,5.999999999999997,0.1888512147506355,1.1391159276186462,6.031816788273071,0.026433213784389,2.642520401222578,5.295173776459042,1.0,10,5.0,results/raw/full/D/D_logcosh_d10_k1_rho5/fb-gvi-x1_seed4.csv,8.006655476444635e-05
D_logcosh_d10_k1_rho5,FR--KL,fr-kl-x2,3364475504,full,D,400,0.3315750577650763,2.536090284060616,-3.1086244689504387e-15,,0.0,9.904545991669778e-16,3.3805471072364935e-14,0.1893578676958152,18.92451158855076,0.999999999999998,1.0000000000000162,2.000000000000026,1.4542403673305805e-25,3.693532141816324e-25,0.7003606389625929,,,,,,,,,400,400,400,400,400,0,0,0,800,800,0,1,False,False,2.0,2,,,0.01,6.000000000000004,0.1888512147506356,1.1391159276186476,6.031816788273073,0.0264207611203294,2.6405029063973133,5.295173776459037,1.0,10,5.0,results/raw/full/D/D_logcosh_d10_k1_rho5/fr-kl-x2_seed2.csv,1e-14
D_logcosh_d10_k1_rho5,FR--R,fr-r-x2,762439158,full,D,400,0.1657875288825381,2.5360902840606143,-3.996802888650564e-15,,0.0,1.7097090148600156e-15,4.9831491302782786e-14,0.189213297944144,18.915596267575182,0.9999999999999968,1.0000000000000289,2.000000000000042,1.4830897991752075e-25,3.9109182247454047e-25,0.673175559961237,,,,,,,,,400,400,400,400,400,400,400,800,0,0,0,1,False,False,2.0,4,,,0.0099999999999999,5.999999999999997,0.1888512147506355,1.1391159276186462,6.031816788273071,0.026433213784389,2.642520401222578,5.295173776459042,1.0,10,5.0,results/raw/full/D/D_logcosh_d10_k1_rho5/fr-r-x2_seed4.csv,1e-14
D_logcosh_d2_k100_rho0.1,FB--GVI,fb-gvi-x16,1254327152,full,D,400,14.742810993036926,-2.965855809340545,-3.996802888650564e-15,,6.396535152319703e-13,1.0625598077570728e-09,1.5609620520444157e-07,19.994785303735178,218.7151457906225,0.999999999999972,1.000000156096205,2.00000031219241,2.866046460093062e-26,1.5542917313113722e-27,0.3200639510178007,,,,,,,,,400,400,400,400,400,0,400,400,0,0,0,1,False,False,16.0,2,,,0.0025760189656723,0.1333196795274233,0.4624510691542664,5.08696176069693,10.999999999999998,0.0022860787612841,0.0250065214949601,2.162390935388703,100.0,2,0.1,results/raw/full/D/D_logcosh_d2_k100_rho0.1/fb-gvi-x16_seed2.csv,1e-14
D_logcosh_d2_k100_rho0.1,FR--KL,fr-kl-x8,900598415,full,D,400,0.7272727272727273,-2.965855809340587,-8.659739592076222e-14,,2.2396766390407463e-10,1.0625542769691675e-09,1.560965540741406e-07,1.0718823691078114,4079.8902088489785,0.9999999999998612,1.0000001560965628,2.000000312193108,9.852981561871898e-26,1.2195268105222445e-25,0.3517120800097473,,,,,,,,,400,400,400,400,400,0,0,0,800,800,0,1,False,False,8.0,4,,,0.0001135087310812,0.9808694071188307,0.4624510691542665,5.086961760696931,10.999999999999998,0.0001225523365184,0.4664690964469172,2.1623909353887028,100.0,2,0.1,results/raw/full/D/D_logcosh_d2_k100_rho0.1/fr-kl-x8_seed4.csv,1e-14
D_logcosh_d2_k100_rho0.1,FR--R,fr-r-x16,900598415,full,D,400,0.7272727272727273,-2.96585580934062,-1.1945999744966684e-13,,2.266961480023437e-10,1.0625533768127666e-09,1.5609620807487232e-07,1.0718823691078114,4079.8902088475647,0.999999999999854,1.0000001560962248,2.0000003121924164,6.169723693066257e-26,7.875771341772606e-26,0.2898793509812094,,,,,,,,,400,400,400,400,400,400,400,800,0,0,0,1,False,False,16.0,4,,,0.0001135087310812,0.9808694071188307,0.4624510691542665,5.086961760696931,10.999999999999998,0.0001225523365184,0.4664690964469172,2.1623909353887028,100.0,2,0.1,results/raw/full/D/D_logcosh_d2_k100_rho0.1/fr-r-x16_seed4.csv,1e-14
D_logcosh_d2_k100_rho1,FB--GVI,fb-gvi-x2,1189931613,full,D,400,1.9801890887187992,-1.1442565272630458,3.8413716652030416e-14,,4.840939043422973e-12,2.800039539271283e-07,5.094471912908456e-08,2.0321108190254358,60.748089123365695,1.0000000002683112,1.0000000509440126,2.000000101317167,7.769430979954565e-14,1.2845123596992797e-15,0.268269082007464,,,,,,,,,400,400,400,400,400,0,400,400,0,0,0,1,False,False,2.0,4,,,0.004644232600198,1.0163003002200703,0.0206428909564323,2.084931986599665,101.0,0.0082307119868,0.2460495734790035,48.44282722369368,100.0,2,1.0,results/raw/full/D/D_logcosh_d2_k100_rho1/fb-gvi-x2_seed4.csv,3.8413716652030416e-14
D_logcosh_d2_k100_rho1,FR--KL,fr-kl-x16,3480859755,full,D,400,0.1584158415841584,-1.1442565272630838,-1.3322676295501878e-15,,9.947598300641405e-14,6.767844674771108e-16,1.5892726358627414e-14,0.5980423018515468,206.418245730315,1.0000000000000109,1.0000000000000118,2.000000000000022,2.882388595716258e-26,4.988090033039242e-26,0.2889492409885861,,,,,,,,,400,400,400,400,400,0,0,0,800,800,0,1,False,False,16.0,3,,,0.000100007180372,1.9999278442153756,0.0206428909564323,2.084931986599662,101.0,0.0024222664921455,0.8360612592988828,48.44282722369375,100.0,2,1.0,results/raw/full/D/D_logcosh_d2_k100_rho1/fr-kl-x16_seed3.csv,1e-14
D_logcosh_d2_k100_rho1,FR--R,fr-r-x64,3480859755,full,D,400,0.3168316831683169,-1.144256527263085,-2.220446049250313e-15,,0.0,4.255208255729916e-16,2.3157050265671664e-14,0.5980423018515468,206.41824573031656,1.000000000000014,1.0000000000000184,2.0000000000000338,2.9922191249407293e-26,5.155204186113871e-26,0.2799730420229025,,,,,,,,,400,400,400,400,400,400,400,800,0,0,0,1,False,False,64.0,3,,,0.000100007180372,1.9999278442153756,0.0206428909564323,2.084931986599662,101.0,0.0024222664921455,0.8360612592988828,48.44282722369375,100.0,2,1.0,results/raw/full/D/D_logcosh_d2_k100_rho1/fr-r-x64_seed3.csv,1e-14
D_logcosh_d2_k100_rho5,FB--GVI,fb-gvi-x1,3228560300,full,D,400,0.1949748458502196,0.4222252874444979,4.231966094225825e-07,,1.3501757213482727e-05,0.000617304905656,0.0010118742801389,0.2144107742913155,21.222214874843772,0.9989911524749306,0.9999217936705356,1.9979889652297729,8.049006790528131e-07,5.83911257384265e-08,0.2457314530038274,,,,,,,,,400,400,400,400,400,0,400,400,0,0,0,1,False,False,1.0,1,,,0.0002168405722347,5.456292798111589,0.0023993464543686,1.2020725736386852,501.0,0.0235364494484229,2.3317899351342657,416.7801603554336,100.0,2,5.0,results/raw/full/D/D_logcosh_d2_k100_rho5/fb-gvi-x1_seed1.csv,4.231966094225825e-07
D_logcosh_d2_k100_rho5,FR--KL,fr-kl-x128,3228560300,full,D,400,0.2554890219560878,0.4222248642478872,-1.3322676295501878e-15,,3.1974423109204515e-14,3.5538738870342355e-16,8.233379920760082e-15,0.2144275487539637,21.24364599238673,1.0000000000000029,1.0000000000000078,2.000000000000014,2.762978418982874e-26,1.3326184773306897e-25,0.4619221960310824,,,,,,,,,400,400,400,400,400,0,0,0,800,800,0,1,False,False,128.0,1,,,0.0002168405722347,5.456292798111589,0.0023993464543686,1.2020725736386852,501.0,0.0235364494484229,2.3317899351342657,416.7801603554336,100.0,2,5.0,results/raw/full/D/D_logcosh_d2_k100_rho5/fr-kl-x128_seed1.csv,1e-14
D_logcosh_d2_k100_rho5,FR--R,fr-r-x1024,2546598732,full,D,400,1.0219560878243514,0.4222248642478863,-2.3314683517128287e-15,,0.0,1.6321543188901375e-16,1.5877952705158684e-14,0.2325645049550937,19.586922508334094,1.0000000000000109,1.0000000000000118,2.000000000000022,2.930919366647977e-26,1.281601224279947e-25,0.2537649529986083,,,,,,,,,400,400,400,400,400,400,400,800,0,0,0,1,False,False,1024.0,0,,,0.0007312888084878,5.128866729650878,0.0023993464543686,1.2020725736386857,501.0,0.0255272363377789,2.1499411533008965,416.7801603554334,100.0,2,5.0,results/raw/full/D/D_logcosh_d2_k100_rho5/fr-r-x1024_seed0.csv,1e-14
D_logcosh_d2_k10_rho0.1,FB--GVI,fb-gvi-x2,3248542143,full,D,400,7.146006235069875,-2.228390670611533,-4.440892098500626e-16,,0.0,1.996453155083824e-15,2.7812080953132257e-14,7.629283312623714,97.7271132043322,0.9999999999999736,1.000000000000009,1.9999999999999551,2.901214713440586e-26,4.020609530816007e-27,0.3081160809961147,,,,,,,,,400,400,400,400,400,0,400,400,0,0,0,1,False,False,2.0,4,,,0.00959958688059,0.2039856647723777,0.7884407543258789,1.5768815086517578,2.0,0.0051162874212253,0.0655369553746528,1.2683261164689608,10.0,2,0.1,results/raw/full/D/D_logcosh_d2_k10_rho0.1/fb-gvi-x2_seed4.csv,1e-14
D_logcosh_d2_k10_rho0.1,FR--KL,fr-kl-x2,2579443989,full,D,400,1.0,-2.2283906706115357,-1.7763568394002505e-15,,1.7053025658242404e-13,2.401357559331097e-16,2.6682866340380664e-14,2.633062187504933,283.1637769509768,0.9999999999999758,1.0000000000000109,1.9999999999999631,2.8339009868115624e-26,1.1799477177436776e-26,0.3081968710175715,,,,,,,,,400,400,400,400,400,0,0,0,800,800,0,1,False,False,2.0,3,,,0.0028992743972825,0.4438566050281061,0.7884407543258787,1.5768815086517574,2.0,0.0017657625752271,0.1898929703873757,1.2683261164689612,10.0,2,0.1,results/raw/full/D/D_logcosh_d2_k10_rho0.1/fr-kl-x2_seed3.csv,1e-14
D_logcosh_d2_k10_rho0.1,FR--R,fr-r-x2,3081477538,full,D,400,0.5,-2.228390670611553,-1.4210854715202004e-14,,0.0,3.350183087608976e-16,1.7620871277304348e-14,1.189655906504015,626.7256186301047,0.9999999999999862,1.000000000000014,2.000000000000001,2.767721558495437e-26,3.829796357615061e-26,0.3854583789943717,,,,,,,,,400,400,400,400,400,400,400,800,0,0,0,1,False,False,2.0,2,,,0.0012653477142252,0.8900902912224912,0.78844075432588,1.57688150865176,2.0,0.0007977972898138,0.4202895957279757,1.268326116468959,10.0,2,0.1,results/raw/full/D/D_logcosh_d2_k10_rho0.1/fr-r-x2_seed2.csv,1e-14
D_logcosh_d2_k10_rho1,FB--GVI,fb-gvi-x1,1501232627,full,D,400,0.8217439058368616,-1.0531360321667809,3.011007112529996e-07,,3.632705501192434e-05,0.0007768694920121,9.806677003295903e-05,1.616836031178603,59.95949625400712,0.9999974510673066,1.0000980336387515,2.0001956612090264,5.983597457817083e-07,9.987570528414356e-09,0.250512191967573,,,,,,,,,400,400,400,400,400,0,400,400,0,0,0,1,False,False,1.0,3,,,0.0098572580267695,1.10132949147413,0.162096269174062,1.7830589609146827,11.0,0.0083397784317877,0.309245228990949,6.169173449181492,10.0,2,1.0,results/raw/full/D/D_logcosh_d2_k10_rho1/fb-gvi-x1_seed3.csv,3.011007112529996e-07
D_logcosh_d2_k10_rho1,FR--KL,fr-kl-x1,4198868836,full,D,400,0.0909090909090909,-1.0531363332674994,-1.4876988529977098e-14,,0.0,8.123655495829263e-11,1.538880161325051e-09,0.6545955449864351,148.0844450016986,0.9999999984611214,0.9999999999996136,1.9999999969222404,5.93065959340282e-19,1.0684656067593851e-19,0.4044508879887871,,,,,,,,,400,400,400,400,400,0,0,0,800,800,0,1,False,False,1.0,1,,,0.0011401460237863,1.8764968081967892,0.1620962691740618,1.7830589609146803,11.0,0.0033764518566894,0.7638304351245051,6.1691734491815,10.0,2,1.0,results/raw/full/D/D_logcosh_d2_k10_rho1/fr-kl-x1_seed1.csv,1e-14
D_logcosh_d2_k10_rho1,FR--R,fr-r-x2,4198868836,full,D,400,0.0909090909090909,-1.0531363332675043,-1.9761969838327783e-14,,1.0800249785014318e-12,1.1999899967849518e-11,1.8966960003310287e-10,0.6545955450352139,148.084445190523,0.9999999998103298,1.000000000000021,1.9999999996206603,9.011005708202916e-21,1.6196811454192169e-21,0.2573893520166166,,,,,,,,,400,400,400,400,400,400,400,800,0,0,0,1,False,False,2.0,1,,,0.0011401460237863,1.8764968081967892,0.1620962691740618,1.7830589609146803,11.0,0.0033764518566894,0.7638304351245051,6.1691734491815,10.0,2,1.0,results/raw/full/D/D_logcosh_d2_k10_rho1/fr-r-x2_seed1.csv,1e-14
D_logcosh_d2_k10_rho5,FB--GVI,fb-gvi-x1,3430287944,full,D,400,0.1670421763757469,0.4440353302660366,0.0001870430176416,,0.0081910393515767,0.0192009995136576,0.0035143152792167,0.2015469746642706,21.960121866040488,0.9965174700736552,0.9995284099302922,1.993052775174768,0.0003723110304444,1.7182897261293167e-05,0.2677782019600272,,,,,,,,,400,400,400,400,400,0,400,400,0,0,0,1,False,False,1.0,3,,,0.001382474839793,5.721238017163131,0.0234053045143636,1.1936705302325434,50.99999999999999,0.0226894493729345,2.4796197236968447,42.72535738154187,10.0,2,5.0,results/raw/full/D/D_logcosh_d2_k10_rho5/fb-gvi-x1_seed3.csv,0.0001870430176416
D_logcosh_d2_k10_rho5,FR--KL,fr-kl-x8,3548738445,full,D,400,0.1568627450980392,0.4438482872483934,-3.1086244689504387e-15,,4.9737991503207026e-14,8.8160561284048365e-16,2.32410240496074e-14,0.1903912891667634,23.339088743466554,0.9999999999999956,1.0000000000000238,2.0000000000000444,2.851416503885899e-26,1.6651070614276984e-25,0.2965780110098421,,,,,,,,,400,400,400,400,400,0,0,0,800,800,0,1,False,False,8.0,0,,,0.0010135682557712,5.986512039633551,0.0234053045143635,1.1936705302325423,50.99999999999999,0.0214232871512589,2.6261705679300498,42.7253573815419,10.0,2,5.0,results/raw/full/D/D_logcosh_d2_k10_rho5/fr-kl-x8_seed0.csv,1e-14
D_logcosh_d2_k10_rho5,FR--R,fr-r-x32,3548738445,full,D,400,0.3137254901960785,0.4438482872483902,-6.3282712403633915e-15,,1.1546319456101628e-13,1.1712053389973669e-15,2.4525233232194878e-14,0.1903912891667634,23.33908874346683,1.000000000000008,1.0000000000000235,2.000000000000042,2.967609456386073e-26,1.7913100998043835e-25,0.2649898619856685,,,,,,,,,400,400,400,400,400,400,400,800,0,0,0,1,False,False,32.0,0,,,0.0010135682557712,5.986512039633551,0.0234053045143635,1.1936705302325423,50.99999999999999,0.0214232871512589,2.6261705679300498,42.7253573815419,10.0,2,5.0,results/raw/full/D/D_logcosh_d2_k10_rho5/fr-r-x32_seed0.csv,1e-14
D_logcosh_d2_k1_rho0.1,FB--GVI,fb-gvi-x1,802602171,full,D,400,0.9090909090909094,-1.2151103774537042,9.121230570841021e-08,,1.1420170163846591e-05,0.0002366316518901,0.0005089577227915,0.945646063269681,94.51672436797934,0.999491048860782,0.9999974112787868,1.9989821167269977,1.792845627319136e-07,3.2190303040728073e-09,0.2504085229593329,,,,,,,,,400,400,400,400,400,0,400,400,0,0,0,1,False,False,1.0,2,,,0.0099999999999999,1.0999999999999994,0.9456485219338944,1.040213374127285,1.1000000000000012,0.0052873767409637,0.5287376740963707,1.0574753481927457,1.0,2,0.1,results/raw/full/D/D_logcosh_d2_k1_rho0.1/fb-gvi-x1_seed2.csv,9.121230570841021e-08
D_logcosh_d2_k1_rho0.1,FR--KL,fr-kl-x1,1246647285,full,D,400,0.9090909090908992,-1.2151104686660112,-3.774758283725532e-15,,0.0,5.741034262338577e-16,4.499722884818571e-14,0.9456485219338672,94.564852193386,0.9999999999999626,0.9999999999999752,1.9999999999999325,2.7342990493519955e-26,3.193984615941892e-26,0.2682999820099212,,,,,,,,,400,400,400,400,400,0,0,0,800,800,0,1,False,False,1.0,4,,,0.01,1.0999999999999988,0.9456485219338904,1.040213374127284,1.1000000000000043,0.0052873767409637,0.5287376740963761,1.0574753481927497,1.0,2,0.1,results/raw/full/D/D_logcosh_d2_k1_rho0.1/fr-kl-x1_seed4.csv,1e-14
D_logcosh_d2_k1_rho0.1,FR--R,fr-r-x4,1246647285,full,D,400,1.8181818181817984,-1.2151104686660137,-5.9952043329758445e-15,,0.0,7.46009085109359e-16,3.6793110209349796e-14,0.9456485219338688,94.56485219338693,0.9999999999999724,0.9999999999999756,1.999999999999948,2.8930355573198025e-26,3.289307599272679e-26,0.2607423030422069,,,,,,,,,400,400,400,400,400,400,400,800,0,0,0,1,False,False,4.0,4,,,0.01,1.0999999999999988,0.9456485219338904,1.040213374127284,1.1000000000000043,0.0052873767409637,0.5287376740963761,1.0574753481927497,1.0,2,0.1,results/raw/full/D/D_logcosh_d2_k1_rho0.1/fr-r-x4_seed4.csv,1e-14
D_logcosh_d2_k1_rho1,FB--GVI,fb-gvi-x1,3266451219,full,D,400,0.4999999999999995,-0.5993829490109599,2.778895255084457e-05,,0.0032887601748582,0.0074041391639737,0.0008406212418701,0.5979723767855489,59.75131013432826,0.9991615273365324,0.9999399361597864,1.9983332110619447,5.604792415200967e-05,9.52328312682426e-07,0.2585113120148889,,,,,,,,,400,400,400,400,400,0,400,400,0,0,0,1,False,False,1.0,0,,,0.01,2.0000000000000018,0.5980114078074287,1.1960228156148576,2.0000000000000004,0.0083610445130673,0.8361044513067457,1.6722089026134757,1.0,2,1.0,results/raw/full/D/D_logcosh_d2_k1_rho1/fb-gvi-x1_seed0.csv,2.778895255084457e-05
D_logcosh_d2_k1_rho1,FR--KL,fr-kl-x1,3266451219,full,D,400,0.4999999999999984,-0.5994107379635187,-7.993605777301127e-15,,0.0,1.0377828732064277e-15,3.0754728338553783e-14,0.5980114078074443,59.80114078074382,1.000000000000016,1.000000000000026,2.000000000000048,3.102467802403094e-26,6.248864353570693e-26,0.3023866310250014,,,,,,,,,400,400,400,400,400,0,0,0,800,800,0,1,False,False,1.0,0,,,0.01,2.0000000000000018,0.5980114078074287,1.1960228156148576,2.0000000000000004,0.0083610445130673,0.8361044513067457,1.6722089026134757,1.0,2,1.0,results/raw/full/D/D_logcosh_d2_k1_rho1/fr-kl-x1_seed0.csv,1e-14
D_logcosh_d2_k1_rho1,FR--R,fr-r-x2,3266451219,full,D,400,0.4999999999999984,-0.5994107379635183,-7.549516567451064e-15,,3.2684965844964614e-13,7.64407898311873e-16,1.8834489502942902e-14,0.5980114078074354,59.80114078074372,1.000000000000011,1.000000000000015,2.000000000000026,2.803976823477036e-26,5.515447845760867e-26,0.272892000968568,,,,,,,,,400,400,400,400,400,400,400,800,0,0,0,1,False,False,2.0,0,,,0.01,2.0000000000000018,0.5980114078074287,1.1960228156148576,2.0000000000000004,0.0083610445130673,0.8361044513067457,1.6722089026134757,1.0,2,1.0,results/raw/full/D/D_logcosh_d2_k1_rho1/fr-r-x2_seed0.csv,1e-14
D_logcosh_d2_k1_rho5,FB--GVI,fb-gvi-x1,2579443989,full,D,400,0.1666666666666666,0.6273822392537352,2.791856684014604e-05,,0.0010545405598941,0.0074387102246707,0.0009660315560405,0.1898337357955233,18.96784463216582,0.9990354019965402,0.999947391455192,1.998162466219489,5.587302047864783e-05,2.973667105713022e-06,0.2909316609730012,,,,,,,,,400,400,400,400,400,0,400,400,0,0,0,1,False,False,1.0,3,,,0.01,5.9999999999999964,0.1898526546031073,1.1391159276186449,6.000000000000006,0.0263362132620828,2.633621326208277,5.267242652416582,1.0,2,5.0,results/raw/full/D/D_logcosh_d2_k1_rho5/fb-gvi-x1_seed3.csv,2.791856684014604e-05
D_logcosh_d2_k1_rho5,FR--KL,fr-kl-x4,3081477538,full,D,400,0.6666666666666665,0.627354320686894,-3.774758283725532e-15,,1.4210854715202006e-13,7.603308122083404e-16,2.9085231876340454e-14,0.1898526546031114,18.98526546031077,0.9999999999999992,1.00000000000003,2.0000000000000586,2.922330684972634e-26,1.7734877938762875e-25,0.3291753500234335,,,,,,,,,400,400,400,400,400,0,0,0,800,800,0,1,False,False,4.0,2,,,0.01,6.0,0.1898526546031071,1.1391159276186449,6.000000000000011,0.0263362132620828,2.6336213262082966,5.267242652416585,1.0,2,5.0,results/raw/full/D/D_logcosh_d2_k1_rho5/fr-kl-x4_seed2.csv,1e-14
D_logcosh_d2_k1_rho5,FR--R,fr-r-x2,3081477538,full,D,400,0.1666666666666666,0.6273543206868948,-2.997602166487923e-15,,3.552713678800508e-15,3.657642390629523e-15,1.744732620391835e-14,0.1898526546031069,18.98526546031098,1.0000000000000069,1.0000000000000162,2.000000000000029,2.6599934252496387e-26,1.4368125110767194e-25,0.273441411962267,,,,,,,,,400,400,400,400,400,400,400,800,0,0,0,1,False,False,2.0,2,,,0.01,6.0,0.1898526546031071,1.1391159276186449,6.000000000000011,0.0263362132620828,2.6336213262082966,5.267242652416585,1.0,2,5.0,results/raw/full/D/D_logcosh_d2_k1_rho5/fr-r-x2_seed2.csv,1e-14
D_logcosh_d50_k100_rho0.1,FB--GVI,fb-gvi-x1,2705663251,full,D,400,2.360753605114286,-78.63810024438018,0.1186844249619412,,176.02997369632723,0.0200114916981107,0.6580140182969909,2.6481107321486124,1126.2310384089876,0.6270482431848606,0.9999518515490232,1.449656647170538,0.1730748599208227,0.0003621084447845,2.7510342680034228,,,,,,,,,400,400,400,400,400,0,400,400,0,0,0,1,False,False,1.0,0,,,0.0003131149840661,0.4235935498874687,0.4624510691542664,5.08696176069693,10.999999999999998,0.0002789543272043,0.1887426122787145,2.162390935388703,100.0,50,0.1,results/raw/full/D/D_logcosh_d50_k100_rho0.1/fb-gvi-x1_seed0.csv,0.1186844249619412
D_logcosh_d50_k100_rho0.1,FR--KL,fr-kl-x8,3624971968,full,D,400,0.7272727272727273,-78.75678466934214,-4.263256414560601e-14,,0.0,1.3031003865693671e-09,1.8609957796267699e-07,2.346584727815406,2028.9048519661055,0.999999999999934,1.0000001560962026,2.00000026309711,7.053735735142205e-25,7.744323390848539e-26,3.074339628044981,,,,,,,,,400,400,400,400,400,0,0,0,800,800,0,1,False,False,8.0,3,,,0.0002624204157931,0.4702932757531242,0.4624510691542664,5.08696176069693,10.999999999999998,0.0002464383797208,0.2130756218208746,2.162390935388703,100.0,50,0.1,results/raw/full/D/D_logcosh_d50_k100_rho0.1/fr-kl-x8_seed3.csv,1e-14
D_logcosh_d50_k100_rho0.1,FR--R,fr-r-x16,3624971968,full,D,400,0.7272727272727273,-78.75678466934214,-4.263256414560601e-14,,2.999647561930982e-10,1.3031003292595327e-09,1.8609956893388458e-07,2.3465847278153884,2028.9048519661128,0.9999999999999318,1.0000001560961975,2.0000002630971063,7.03991224979709e-25,8.249161243777705e-26,3.0523063390282914,,,,,,,,,400,400,400,400,400,400,400,800,0,0,0,1,False,False,16.0,3,,,0.0002624204157931,0.4702932757531242,0.4624510691542664,5.08696176069693,10.999999999999998,0.0002464383797208,0.2130756218208746,2.162390935388703,100.0,50,0.1,results/raw/full/D/D_logcosh_d50_k100_rho0.1/fr-r-x16_seed3.csv,1e-14
D_logcosh_d50_k100_rho1,FB--GVI,fb-gvi-x1,446052147,full,D,400,0.7376103421685934,-34.95936490525425,0.0008477032576337,,0.1785239237818914,0.030659261774988,0.0406391927366963,1.0524573069277974,154.555513482925,0.9695669289841808,1.0000782466103826,1.9622008717988515,0.0016162308895538,1.742013732819186e-05,2.2256635740050115,,,,,,,,,400,400,400,400,400,0,400,400,0,0,0,1,False,False,1.0,0,,,0.0002672644930634,1.3557293639077432,0.0206428909564323,2.0849319865996625,101.0,0.0031369004877301,0.4749762503616137,48.44282722369374,100.0,50,1.0,results/raw/full/D/D_logcosh_d50_k100_rho1/fb-gvi-x1_seed0.csv,0.0008477032576337
D_logcosh_d50_k100_rho1,FR--KL,fr-kl-x32,446052147,full,D,400,0.3168316831683169,-34.9602126085119,-2.131628207280301e-14,,0.0,3.0099872147351813e-15,1.1833420277116818e-13,1.0526842123565974,159.3930065539971,0.9999999999999742,1.00000000000003,2.0000000000000338,7.18732719664599e-25,2.472858850582366e-25,2.5596699539455585,,,,,,,,,400,400,400,400,400,0,0,0,800,800,0,1,False,False,32.0,0,,,0.0002672644930634,1.3557293639077432,0.0206428909564323,2.0849319865996625,101.0,0.0031369004877301,0.4749762503616137,48.44282722369374,100.0,50,1.0,results/raw/full/D/D_logcosh_d50_k100_rho1/fr-kl-x32_seed0.csv,1e-14
D_logcosh_d50_k100_rho1,FR--R,fr-r-x16,1860497410,full,D,400,0.0792079207920792,-34.9602126085119,-2.131628207280301e-14,,0.0,5.293754920652795e-10,5.801510178720273e-08,1.2110398771379038,165.885927373353,0.9999999808394886,0.9999999999970056,1.9999999706925824,7.044496271241748e-16,1.66469712127297e-16,2.6417202620068565,,,,,,,,,400,400,400,400,400,400,400,800,0,0,0,1,False,False,16.0,2,,,0.0002654140611897,1.2263870886466972,0.0206428909564323,2.084931986599662,101.0,0.0030141194205371,0.412868319609479,48.44282722369375,100.0,50,1.0,results/raw/full/D/D_logcosh_d50_k100_rho1/fr-r-x16_seed2.csv,1e-14
D_logcosh_d50_k100_rho5,FB--GVI,fb-gvi-x1,2371335158,full,D,400,0.1892993293300896,7.159216995186089,0.0003134104040327,,0.012294773532728,0.0250071321408407,0.0018128859762441,0.2234120442838444,23.085614467667355,0.9984033553845204,1.000267366103057,1.998994095334821,0.0006264074099327,3.23739818726034e-05,2.163808765006252,,,,,,,,,400,400,400,400,400,0,400,400,0,0,0,1,False,False,1.0,2,,,0.0002561116107236,5.276757277654261,0.0023993464543686,1.202072573638684,501.0,0.0216239886842108,2.238038451333554,416.7801603554339,100.0,50,5.0,results/raw/full/D/D_logcosh_d50_k100_rho5/fb-gvi-x1_seed2.csv,0.0003134104040327
D_logcosh_d50_k100_rho5,FR--KL,fr-kl-x256,2371335158,full,D,400,0.5109780439121756,7.1589035847820455,-1.0658141036401504e-14,,8.171241461241186e-14,8.770154181488002e-15,1.8684241698250882e-13,0.2234099238563454,23.122468629716067,0.9999999999998856,1.0000000000000275,1.9999999999998368,7.305084162724482e-25,1.4131525239547455e-24,2.307649510970805,,,,,,,,,400,400,400,400,400,0,0,0,800,800,0,1,False,False,256.0,2,,,0.0002561116107236,5.276757277654261,0.0023993464543686,1.202072573638684,501.0,0.0216239886842108,2.238038451333554,416.7801603554339,100.0,50,5.0,results/raw/full/D/D_logcosh_d50_k100_rho5/fr-kl-x256_seed2.csv,1e-14
D_logcosh_d50_k100_rho5,FR--R,fr-r-x128,2143242929,full,D,400,0.1277445109780439,7.158903584782038,-1.0658141036401504e-14,,0.0,8.315120806109501e-15,2.1517863585820107e-13,0.2232546220048318,22.639306077646573,0.9999999999998894,1.000000000000053,1.9999999999999096,7.394741983492701e-25,1.48350455354451e-24,2.5847420929931104,,,,,,,,,400,400,400,400,400,400,400,800,0,0,0,1,False,False,128.0,1,,,0.0003642068571053,5.281893140907466,0.0023993464543686,1.2020725736386844,501.0,0.0220854825799494,2.239595290390816,416.78016035543385,100.0,50,5.0,results/raw/full/D/D_logcosh_d50_k100_rho5/fr-r-x128_seed1.csv,1e-14
D_logcosh_d50_k10_rho0.1,FB--GVI,fb-gvi-x1,1041964258,full,D,400,1.7439303861832829,-56.59432553532373,0.0002766679608043,,0.1037464421879765,0.0037402309300899,0.0327903312679542,2.3044730589980427,375.9004526638572,0.9713674632839756,1.0000030705605114,1.9518941373658585,0.000537951852637,3.0156753694131912e-06,2.6788952199858613,,,,,,,,,400,400,400,400,400,0,400,400,0,0,0,1,False,False,1.0,2,,,0.0021608423144251,0.4804280924214927,0.7884407543258797,1.5768815086517594,2.0,0.0012920633189256,0.2169627927364573,1.2683261164689597,10.0,50,0.1,results/raw/full/D/D_logcosh_d50_k10_rho0.1/fb-gvi-x1_seed2.csv,0.0002766679608043
D_logcosh_d50_k10_rho0.1,FR--KL,fr-kl-x0p125,1814209846,full,D,400,0.0625,-56.59460220328454,-2.8421709430404014e-14,,0.0,1.0819830199323104e-08,1.62703677787348e-07,1.9018882382641893,382.64577243818667,0.9999999392938144,0.9999999991380424,1.99999991682504,1.1351021361292518e-14,5.421143358807701e-16,2.8298263659817167,,,,,,,,,400,400,400,400,400,0,0,0,800,800,0,1,False,False,0.125,0,,,0.0021828906145545,0.5734173840439651,0.7884407543258796,1.5768815086517591,2.0,0.001306691495248,0.2628966247209191,1.2683261164689597,10.0,50,0.1,results/raw/full/D/D_logcosh_d50_k10_rho0.1/fr-kl-x0p125_seed0.csv,1e-14
D_logcosh_d50_k10_rho0.1,FR--R,fr-r-x1,4001947270,full,D,400,0.25,-56.59460220328455,-4.263256414560601e-14,,0.0,9.478802590134749e-16,1.484370225754652e-13,2.0625344630961893,418.2419133828493,0.9999999999999422,1.0000000000000522,1.999999999999985,7.10232463868744e-25,1.3049565732680875e-25,2.941551142022945,,,,,,,,,400,400,400,400,400,400,400,800,0,0,0,1,False,False,1.0,3,,,0.0019719112303422,0.5331541540621594,0.7884407543258796,1.5768815086517591,2.0,0.001195480376311,0.2424201917331494,1.2683261164689597,10.0,50,0.1,results/raw/full/D/D_logcosh_d50_k10_rho0.1/fr-r-x1_seed3.csv,1e-14
D_logcosh_d50_k10_rho1,FB--GVI,fb-gvi-x1,3109125535,full,D,400,0.7384887862185707,-29.419441546009587,0.0001150032071208,,0.0206947275733482,0.0130496014223942,0.0111920294706883,0.9946809779144066,120.88117893290637,0.9904115877393818,1.0001051972412176,1.9890082518862728,0.0002266505074479,2.7326164278065654e-06,2.367734589031897,,,,,,,,,400,400,400,400,400,0,400,400,0,0,0,1,False,False,1.0,4,,,0.001952681846373,1.3549569210054135,0.162096269174062,1.7830589609146823,11.0,0.0040967080173777,0.5026587764854837,6.169173449181494,10.0,50,1.0,results/raw/full/D/D_logcosh_d50_k10_rho1/fb-gvi-x1_seed4.csv,0.0001150032071208
D_logcosh_d50_k10_rho1,FR--KL,fr-kl-x2,740903132,full,D,400,0.1818181818181818,-29.41955654921671,-1.0658141036401504e-14,,1.7301715615758444e-12,4.339144127474279e-15,1.146055265601417e-13,0.9768080538243092,117.28065307847416,0.9999999999999664,1.0000000000000335,2.000000000000032,7.273852770296161e-25,3.154232796695384e-25,2.514468335022684,,,,,,,,,400,400,400,400,400,0,0,0,800,800,0,1,False,False,2.0,3,,,0.0020545307454532,1.40738972519913,0.1620962691740621,1.783058960914684,11.0,0.0042632777604457,0.5118712914399632,6.169173449181488,10.0,50,1.0,results/raw/full/D/D_logcosh_d50_k10_rho1/fr-kl-x2_seed3.csv,1e-14
D_logcosh_d50_k10_rho1,FR--R,fr-r-x4,740903132,full,D,400,0.1818181818181818,-29.41955654921672,-1.7763568394002505e-14,,0.0,4.331769334072316e-15,1.486714266723051e-13,0.9768080538242732,117.28065307847416,0.9999999999999536,1.000000000000046,2.0000000000000364,7.248611478193899e-25,3.0822399967760265e-25,2.61179335298948,,,,,,,,,400,400,400,400,400,400,400,800,0,0,0,1,False,False,4.0,3,,,0.0020545307454532,1.40738972519913,0.1620962691740621,1.783058960914684,11.0,0.0042632777604457,0.5118712914399632,6.169173449181488,10.0,50,1.0,results/raw/full/D/D_logcosh_d50_k10_rho1/fr-r-x4_seed3.csv,1e-14
D_logcosh_d50_k10_rho5,FB--GVI,fb-gvi-x1,2705663251,full,D,400,0.1851960884350753,8.364806505623427,0.0001556036145622,,0.0059006022108169,0.0176161962876495,0.0013843621731417,0.2167107835165573,21.81304243311706,0.9987896523934376,1.0001832476206651,1.999153688966253,0.0003110371665102,1.6558741175550116e-05,2.2072374440031126,,,,,,,,,400,400,400,400,400,0,400,400,0,0,0,1,False,False,1.0,0,,,0.002198481694177,5.399682079951556,0.0234053045143635,1.193670530232543,50.99999999999999,0.0228943459397396,2.3072270133991086,42.72535738154188,10.0,50,5.0,results/raw/full/D/D_logcosh_d50_k10_rho5/fb-gvi-x1_seed0.csv,0.0001556036145622
D_logcosh_d50_k10_rho5,FR--KL,fr-kl-x8,3624971968,full,D,400,0.1568627450980392,8.364650902008862,-1.4210854715202004e-14,,0.0,6.072580178251382e-15,1.4434787510679578e-13,0.2149746512961937,21.746329544038893,0.9999999999999212,1.0000000000000395,1.9999999999999447,7.10700917078025e-25,1.4827832047718211e-24,2.5537454140139744,,,,,,,,,400,400,400,400,400,0,0,0,800,800,0,1,False,False,8.0,3,,,0.0019636203239843,5.431895516234945,0.0234053045143636,1.193670530232544,50.99999999999999,0.0229923858638966,2.325855615930733,42.72535738154185,10.0,50,5.0,results/raw/full/D/D_logcosh_d50_k10_rho5/fr-kl-x8_seed3.csv,1e-14
D_logcosh_d50_k10_rho5,FR--R,fr-r-x32,3624971968,full,D,400,0.3137254901960784,8.364650902008854,-2.131628207280301e-14,,7.638334409421086e-14,5.886782497359379e-15,1.474738934117497e-13,0.2149746512961908,21.746329544038872,0.9999999999999196,1.0000000000000318,1.999999999999944,7.090928875192972e-25,1.434313497637666e-24,2.6027150920126587,,,,,,,,,400,400,400,400,400,400,400,800,0,0,0,1,False,False,32.0,3,,,0.0019636203239843,5.431895516234945,0.0234053045143636,1.193670530232544,50.99999999999999,0.0229923858638966,2.325855615930733,42.72535738154185,10.0,50,5.0,results/raw/full/D/D_logcosh_d50_k10_rho5/fr-r-x32_seed3.csv,1e-14
D_logcosh_d50_k1_rho0.1,FB--GVI,fb-gvi-x1,2101920972,full,D,400,0.9090909090909072,-30.61160621310837,2.419791265140248e-07,,3.564072745753555e-05,0.0005912287737222,0.0005185334378985,0.9428917505780416,94.28110084883316,0.9995401647240624,1.00000202405568,1.9993744510137588,4.837767798297993e-07,7.1657642837328625e-09,2.278232402051799,,,,,,,,,400,400,400,400,400,0,400,400,0,0,0,1,False,False,1.0,2,,,0.0099999999999999,1.1,0.9419261350530306,1.0402133741272843,1.1043470771396744,0.0053008511810439,0.5302835003523843,1.0616543726581065,1.0,50,0.1,results/raw/full/D/D_logcosh_d50_k1_rho0.1/fb-gvi-x1_seed2.csv,2.419791265140248e-07
D_logcosh_d50_k1_rho0.1,FR--KL,fr-kl-x0p5,2402567440,full,D,400,0.4527562125623062,-30.611606455087507,-2.131628207280301e-14,,1.0658141036401505e-12,1.4213890476426897e-15,1.2178636833800766e-13,0.9430100063904664,94.34356539665572,0.9999999999999656,1.000000000000004,1.9999999999999527,7.180206974044472e-25,3.364694611850049e-25,2.434222768002656,,,,,,,,,400,400,400,400,400,0,0,0,800,800,0,1,False,False,0.5,4,,,0.0099999999999999,1.0999999999999994,0.94192613505303,1.040213374127284,1.1043470771396744,0.0052997785052727,0.530217067275704,1.0616543726581071,1.0,50,0.1,results/raw/full/D/D_logcosh_d50_k1_rho0.1/fr-kl-x0p5_seed4.csv,1e-14
D_logcosh_d50_k1_rho0.1,FR--R,fr-r-x0p25,2402567440,full,D,400,0.1131890531405765,-30.61160645508751,-2.4868995751603507e-14,,4.2987835513486076e-13,1.4962177525088627e-15,1.7287685794763318e-13,0.9430100063904696,94.34356539665428,0.9999999999999388,1.0000000000000313,1.9999999999999336,7.211360416415595e-25,3.4670442162246235e-25,2.7549029780202545,,,,,,,,,400,400,400,400,400,400,400,800,0,0,0,1,False,False,0.25,4,,,0.0099999999999999,1.0999999999999994,0.94192613505303,1.040213374127284,1.1043470771396744,0.0052997785052727,0.530217067275704,1.0616543726581071,1.0,50,0.1,results/raw/full/D/D_logcosh_d50_k1_rho0.1/fr-r-x0p25_seed4.csv,1e-14
D_logcosh_d50_k1_rho1,FB--GVI,fb-gvi-x1,950740361,full,D,400,0.5000000000000003,-16.655655707149297,4.975046209665379e-06,,0.0005066030999534,0.0029861061974909,0.0014622873352284,0.592190510209485,59.106922644104245,0.9987580652080535,1.0000749305180128,1.9983925921397103,9.920979115080693e-06,2.0641455448909626e-07,2.345250019978266,,,,,,,,,400,400,400,400,400,0,400,400,0,0,0,1,False,False,1.0,4,,,0.0099999999999999,1.9999999999999984,0.5884732373467088,1.196022815614858,2.032416666911568,0.008448751619994,0.844324482521816,1.6993126221147647,1.0,50,1.0,results/raw/full/D/D_logcosh_d50_k1_rho1/fb-gvi-x1_seed4.csv,4.975046209665379e-06
D_logcosh_d50_k1_rho1,FR--KL,fr-kl-x0p125,939674208,full,D,400,0.0615031366525587,-16.655660682195517,-1.4210854715202004e-14,,7.146616436102129e-13,7.804631425959056e-09,6.116308811078941e-08,0.5923145087057003,59.237793460077626,0.999999986203406,0.9999999958093868,1.999999980946182,1.5591421910096865e-15,8.381494100031322e-16,2.542793013970368,,,,,,,,,400,400,400,400,400,0,0,0,800,800,0,1,False,False,0.125,2,,,0.0099999999999999,2.000000000000002,0.5884732373467091,1.1960228156148602,2.032416666911571,0.0084405573623916,0.8441461239629389,1.699312622114764,1.0,50,1.0,results/raw/full/D/D_logcosh_d50_k1_rho1/fr-kl-x0p125_seed2.csv,1e-14
D_logcosh_d50_k1_rho1,FR--R,fr-r-x0p25,939674208,full,D,400,0.0615031366525587,-16.655660682195517,-1.4210854715202004e-14,,0.0,3.0559919546665503e-09,1.7759008944772324e-08,0.5923145114658824,59.237793994718544,0.9999999960219568,0.9999999989049186,1.999999994478359,1.3435771876877474e-16,7.54070600188438e-17,2.759299707016908,,,,,,,,,400,400,400,400,400,400,400,800,0,0,0,1,False,False,0.25,2,,,0.0099999999999999,2.000000000000002,0.5884732373467091,1.1960228156148602,2.032416666911571,0.0084405573623916,0.8441461239629389,1.699312622114764,1.0,50,1.0,results/raw/full/D/D_logcosh_d50_k1_rho1/fr-r-x0p25_seed2.csv,1e-14
D_logcosh_d50_k1_rho5,FB--GVI,fb-gvi-x1,4001947270,full,D,400,0.1666666666666665,12.374016629282492,2.735092674654993e-05,,0.0008803240352371,0.0073619214416423,0.0010407359717393,0.1892048255462136,18.91695269240101,0.9991141104937206,1.000084193607807,1.9993179126343057,5.466964776481542e-05,3.458335476221937e-06,2.320634460018482,,,,,,,,,400,400,400,400,400,0,400,400,0,0,0,1,False,False,1.0,3,,,0.01,5.999999999999997,0.1888391713921486,1.139115927618646,6.0322014718711445,0.026407946033704,2.6426231448390927,5.295511480101618,1.0,50,5.0,results/raw/full/D/D_logcosh_d50_k1_rho5/fb-gvi-x1_seed3.csv,2.735092674654993e-05
D_logcosh_d50_k1_rho5,FR--KL,fr-kl-x8,1814209846,full,D,400,1.3262156506716378,12.373989278355731,-7.105427357601002e-15,,2.469136006766349e-13,6.8661740653019856e-15,1.3641502091298662e-13,0.1892123974525045,18.91153751304301,0.9999999999999306,1.000000000000026,1.9999999999999336,7.177190844961805e-25,1.682867419499548e-24,2.537949945020955,,,,,,,,,400,400,400,400,400,0,0,0,800,800,0,1,False,False,8.0,0,,,0.01,6.000000000000004,0.1888391713921486,1.1391159276186469,6.032201471871147,0.026438886825313,2.642532977393854,5.295511480101617,1.0,50,5.0,results/raw/full/D/D_logcosh_d50_k1_rho5/fr-kl-x8_seed0.csv,1e-14
D_logcosh_d50_k1_rho5,FR--R,fr-r-x1,4001947270,full,D,400,0.0828884781669773,12.37398927835574,-5.3290705182007506e-15,,0.0,1.4504595872545154e-13,1.4090515035433497e-12,0.1892059414435943,18.933695159848856,0.9999999999996794,0.999999999999957,1.999999999999544,1.0472505644518148e-25,2.191379288900877e-25,2.631347752001602,,,,,,,,,400,400,400,400,400,400,400,800,0,0,0,1,False,False,1.0,3,,,0.01,5.999999999999997,0.1888391713921486,1.139115927618646,6.0322014718711445,0.026407946033704,2.6426231448390927,5.295511480101618,1.0,50,5.0,results/raw/full/D/D_logcosh_d50_k1_rho5/fr-r-x1_seed3.csv,1e-14
