tier,experiment,job_id,method,seed,iteration,step_size,objective,objective_gap,exact_gaussian_kl,w2_squared,mean_error,covariance_error,covariance_min_eigenvalue,covariance_max_eigenvalue,relative_covariance_min_eigenvalue,relative_covariance_max_eigenvalue,gaussian_core_rate,fisher_rao_residual_squared,bures_wasserstein_residual_squared,wall_time_seconds,algorithm_seconds,repair,equivariance_error_mean,equivariance_error_covariance,equivariance_error_back,local_gamma,local_lambda,predictive_nll,classification_error,brier,iterations,gradient_evaluations,hessian_evaluations,oracle_pairs,expectation_evaluations,matrix_exponentials,matrix_square_roots,eigendecompositions,cholesky_factorizations,cholesky_solves,roundoff_repairs,batch_size,quadratic_rescue,raw_mean_ablation,normalized_step_size,problem_instance,local_kl_gamma,local_discrete_rate,predicted_contraction,local_radius,alpha,beta,alpha_star,beta_star,kappa_star,lambda_0_star,lambda_0_star_max,lambda_max_star,certified_gap,grid_batch_size,grid_condition,grid_dimension,grid_rho
smoke,J,J_minibatch_floor_B8_smoke,FR--KL--STL,875108331,0,0.0,3.967100758767716,1.3933148864984237,nan,3.561249838021438,0.5241553523313452,1.6466023944193793,0.7,0.7,0.20618923255024474,0.9177153415927755,0.6452648508826639,1.2735151788523145,3.4401584747792295,0.0007314999820664525,0.0,,nan,nan,nan,nan,nan,nan,nan,nan,0,0,0,0,0,0,0,0,0,0,0,8,False,False,0.0,0,nan,nan,nan,nan,0.10000000000000009,1.500000000000001,0.33949396452087927,2.0369637871252753,5.999999999999999,0.20618923255024438,0.9177153415927768,2.9455604650034917,5.066597398328205,8,10.0,8,0.5
smoke,J,J_minibatch_floor_B8_smoke,FR--KL--STL,875108331,1,0.04,3.9149812304491314,1.341195358179839,nan,3.443052725523129,0.5099121374520585,1.6282588397518185,0.7012801891691761,0.7185422963775187,0.2116509780642442,0.9193936976509095,0.6580014601203864,1.2381032538817294,3.26960717471547,0.0023698899894952774,0.00042013998609036207,,nan,nan,nan,nan,nan,nan,nan,nan,1,8,8,8,0,0,1,1,3,3,0,8,False,False,0.04,0,nan,nan,nan,nan,0.10000000000000009,1.500000000000001,0.33949396452087927,2.0369637871252753,5.999999999999999,0.20618923255024438,0.9177153415927768,2.9455604650034917,4.815412814966826,8,10.0,8,0.5
smoke,J,J_minibatch_floor_B8_smoke,FR--KL--STL,875108331,2,0.04,3.8669308477715867,1.2931449755022943,nan,3.3472936845559036,0.5024974105682173,1.6086777470715918,0.7040242187067931,0.7404830368734787,0.21811375584202447,0.9229911805144168,0.6698645105215043,1.2063651307541552,3.1051926198515316,0.00358715996844694,0.0007791299722157419,,nan,nan,nan,nan,nan,nan,nan,nan,2,16,16,16,0,0,2,2,6,6,0,8,False,False,0.04,0,nan,nan,nan,nan,0.10000000000000009,1.500000000000001,0.33949396452087927,2.0369637871252753,5.999999999999999,0.20618923255024438,0.9177153415927768,2.9455604650034917,4.573266308627644,8,10.0,8,0.5
smoke,J,J_minibatch_floor_B8_smoke,FR--KL--STL,875108331,3,0.04,3.8163467055403935,1.2425608332711011,nan,3.2337646968346636,0.48790211519062443,1.589571319752226,0.7052247527896033,0.7612231952635665,0.2242228949011999,0.9245651070085592,0.6821918291158273,1.1704643197407854,2.9450186429206644,0.004757590009830892,0.0011207899660803378,,nan,nan,nan,nan,nan,nan,nan,nan,3,24,24,24,0,0,3,3,9,9,0,8,False,False,0.04,0,nan,nan,nan,nan,0.10000000000000009,1.500000000000001,0.33949396452087927,2.0369637871252753,5.999999999999999,0.20618923255024438,0.9177153415927768,2.9455604650034917,4.337365241642672,8,10.0,8,0.5
smoke,J,J_minibatch_floor_B8_smoke,FR--KL--STL,875108331,4,0.04,3.769267130558389,1.1954812582890968,nan,3.130364627225376,0.48139101547601654,1.569185485674518,0.7086123481999693,0.7818406017021479,0.23029587663083914,0.9290063188359912,0.6970900533487958,1.1382276674389178,2.7918827798401247,0.00594846997410059,0.0014788999687880278,,nan,nan,nan,nan,nan,nan,nan,nan,4,32,32,32,0,0,4,4,12,12,0,8,False,False,0.04,0,nan,nan,nan,nan,0.10000000000000009,1.500000000000001,0.33949396452087927,2.0369637871252753,5.999999999999999,0.20618923255024438,0.9177153415927768,2.9455604650034917,4.1118297696105595,8,10.0,8,0.5
smoke,J,J_minibatch_floor_B8_smoke,FR--KL--STL,875108331,5,0.04,3.726714508761483,1.1529286364921907,nan,3.0459635030326586,0.47583676960819654,1.5495194428140853,0.7101502696423986,0.8039942539577842,0.236821368854803,0.9310225675529646,0.708524296482693,1.1082609515522788,2.6525372923754937,0.007112430001143366,0.0018142999615520239,,nan,nan,nan,nan,nan,nan,nan,nan,5,40,40,40,0,0,5,5,15,15,0,8,False,False,0.04,0,nan,nan,nan,nan,0.10000000000000009,1.500000000000001,0.33949396452087927,2.0369637871252753,5.999999999999999,0.20618923255024438,0.9177153415927768,2.9455604650034917,3.906604490184331,8,10.0,8,0.5
smoke,J,J_minibatch_floor_B8_smoke,FR--KL--STL,875108331,6,0.04,3.681400692074533,1.1076148198052405,nan,2.944286419467307,0.46554190804005136,1.5296079224406758,0.7133652260726165,0.8281107333536463,0.24392502368115546,0.9352374458937701,0.7220695552375852,1.0758861833750242,2.513664681997643,0.008293079969007522,0.002174209977965802,,nan,nan,nan,nan,nan,nan,nan,nan,6,48,48,48,0,0,6,6,18,18,0,8,False,False,0.04,0,nan,nan,nan,nan,0.10000000000000009,1.500000000000001,0.33949396452087927,2.0369637871252753,5.999999999999999,0.20618923255024438,0.9177153415927768,2.9455604650034917,3.7020756547839158,8,10.0,8,0.5
smoke,J,J_minibatch_floor_B8_smoke,FR--KL--STL,875108331,7,0.04,3.637077895208024,1.0632920229387315,nan,2.839390093238229,0.45013605849591615,1.511106161287634,0.7142340851466076,0.8503815679746777,0.25048503267938943,0.9363765391821749,0.7345557661071175,1.0422359779360308,2.3854121028686954,0.009463328984566033,0.0025112699950113893,,nan,nan,nan,nan,nan,nan,nan,nan,7,56,56,56,0,0,7,7,21,21,0,8,False,False,0.04,0,nan,nan,nan,nan,0.10000000000000009,1.500000000000001,0.33949396452087927,2.0369637871252753,5.999999999999999,0.20618923255024438,0.9177153415927768,2.9455604650034917,3.5131877914754357,8,10.0,8,0.5
smoke,J,J_minibatch_floor_B8_smoke,FR--KL--STL,875108331,8,0.04,3.597407607180066,1.0236217349107735,nan,2.751952121035943,0.44340737135672187,1.4917321919178652,0.7142309247134822,0.873044448364235,0.2571605211292476,0.9363723957850815,0.7482307439951978,1.013192093589834,2.265945459740702,0.010659758991096169,0.002872489974834025,,nan,nan,nan,nan,nan,nan,nan,nan,8,64,64,64,0,0,8,8,24,24,0,8,False,False,0.04,0,nan,nan,nan,nan,0.10000000000000009,1.500000000000001,0.33949396452087927,2.0369637871252753,5.999999999999999,0.20618923255024438,0.9177153415927768,2.9455604650034917,3.337239681033186,8,10.0,8,0.5
smoke,J,J_minibatch_floor_B8_smoke,FR--KL--STL,875108331,9,0.04,3.5598333353071423,0.98604746303785,nan,2.671469461219663,0.4380436286191758,1.4718285966922333,0.7161031754193268,0.8971885172060736,0.264272302593732,0.9388269574937409,0.7610023237423501,0.9853351612639052,2.1527563728212677,0.011828318994957954,0.003204509965144098,,nan,nan,nan,nan,nan,nan,nan,nan,9,72,72,72,0,0,9,9,27,27,0,8,False,False,0.04,0,nan,nan,nan,nan,0.10000000000000009,1.500000000000001,0.33949396452087927,2.0369637871252753,5.999999999999999,0.20618923255024438,0.9177153415927768,2.9455604650034917,3.1705370312833216,8,10.0,8,0.5
smoke,J,J_minibatch_floor_B8_smoke,FR--KL--STL,875108331,10,0.04,3.5227684649174265,0.9489825926481341,nan,2.5898513021965432,0.4314995473496703,1.452445630920909,0.7168089298356013,0.9196958464093896,0.27090197250114284,0.9397522170011866,0.7737721144797625,0.956905060466571,2.044529464853276,0.012989608978386968,0.0035355199361220002,,nan,nan,nan,nan,nan,nan,nan,nan,10,80,80,80,0,0,10,10,30,30,0,8,False,False,0.04,0,nan,nan,nan,nan,0.10000000000000009,1.500000000000001,0.33949396452087927,2.0369637871252753,5.999999999999999,0.20618923255024438,0.9177153415927768,2.9455604650034917,3.011142580603278,8,10.0,8,0.5
smoke,J,J_minibatch_floor_B8_smoke,FR--KL--STL,875108331,11,0.04,3.4869930946975023,0.91320722242821,nan,2.515105102146223,0.42754062540418625,1.4318508377583854,0.7166709215370977,0.9418070719368888,0.27741496767580004,0.9395712850971808,0.7864879441575084,0.929308961787282,1.9388618525814723,0.014177328965160996,0.0039048799662850797,,nan,nan,nan,nan,nan,nan,nan,nan,11,88,88,88,0,0,11,11,33,33,0,8,False,False,0.04,0,nan,nan,nan,nan,0.10000000000000009,1.500000000000001,0.33949396452087927,2.0369637871252753,5.999999999999999,0.20618923255024438,0.9177153415927768,2.9455604650034917,2.8555174100337064,8,10.0,8,0.5
smoke,J,J_minibatch_floor_B8_smoke,FR--KL--STL,875108331,12,0.04,3.4557785900958313,0.881992717826539,nan,2.456738559645189,0.4320399136186105,1.4107950854386964,0.7185141154250646,0.9715008871844266,0.2861614605006267,0.9419877526807771,0.8005777770957613,0.9073925003040084,1.8427585609009416,0.015364258957561105,0.0042595400009304285,,nan,nan,nan,nan,nan,nan,nan,nan,12,96,96,96,0,0,12,12,36,36,0,8,False,False,0.04,0,nan,nan,nan,nan,0.10000000000000009,1.500000000000001,0.33949396452087927,2.0369637871252753,5.999999999999999,0.20618923255024438,0.9177153415927768,2.9455604650034917,2.713978381768271,8,10.0,8,0.5
smoke,J,J_minibatch_floor_B8_smoke,FR--KL--STL,875108331,13,0.04,3.4186482987425744,0.844862426473282,nan,2.360515242448328,0.41673771764272266,1.3920439050804776,0.7188766269501848,0.9935395701576859,0.2926530878273047,0.9424630132352159,0.8141027340873935,0.8763421019278909,1.747441538000604,0.016554848989471793,0.00461230002110824,,nan,nan,nan,nan,nan,nan,nan,nan,13,104,104,104,0,0,13,13,39,39,0,8,False,False,0.04,0,nan,nan,nan,nan,0.10000000000000009,1.500000000000001,0.33949396452087927,2.0369637871252753,5.999999999999999,0.20618923255024438,0.9177153415927768,2.9455604650034917,2.573597354619738,8,10.0,8,0.5
smoke,J,J_minibatch_floor_B8_smoke,FR--KL--STL,875108331,14,0.04,3.382962206288238,0.8091763340189457,nan,2.268395831050518,0.4040856481857596,1.3725439070709295,0.7195072554612658,1.0141353032447415,0.2987196855402041,0.9432897810344509,0.8289112203746573,0.8465721768030848,1.655580126752916,0.017741858959197998,0.004959600046277046,,nan,nan,nan,nan,nan,nan,nan,nan,14,112,112,112,0,0,14,14,42,42,0,8,False,False,0.04,0,nan,nan,nan,nan,0.10000000000000009,1.500000000000001,0.33949396452087927,2.0369637871252753,5.999999999999999,0.20618923255024438,0.9177153415927768,2.9455604650034917,2.4383056840044293,8,10.0,8,0.5
smoke,J,J_minibatch_floor_B8_smoke,FR--KL--STL,875108331,15,0.04,3.3513913425910147,0.7776054703217223,nan,2.192197786036224,0.3963518981488715,1.3534324426262596,0.7193156849395008,1.034900982788569,0.3048363420095271,0.9430386278818498,0.8424721804744675,0.8200670387407003,1.5725041106314182,0.01890918897697702,0.005305510014295578,,nan,nan,nan,nan,nan,nan,nan,nan,15,120,120,120,0,0,15,15,45,45,0,8,False,False,0.04,0,nan,nan,nan,nan,0.10000000000000009,1.500000000000001,0.33949396452087927,2.0369637871252753,5.999999999999999,0.20618923255024438,0.9177153415927768,2.9455604650034917,2.315952969665691,8,10.0,8,0.5
smoke,J,J_minibatch_floor_B8_smoke,FR--KL--STL,875108331,16,0.04,3.3181601573873984,0.7443742851181061,nan,2.106455506760171,0.38483748728831246,1.3337965397586982,0.7212472318293742,1.0597930457163574,0.3121684496547745,0.9455709281873401,0.8569716210821264,0.7913664317826877,1.489062009887417,0.020066818979103118,0.0056380199966952205,,nan,nan,nan,nan,nan,nan,nan,nan,16,128,128,128,0,0,16,16,48,48,0,8,False,False,0.04,0,nan,nan,nan,nan,0.10000000000000009,1.500000000000001,0.33949396452087927,2.0369637871252753,5.999999999999999,0.20618923255024438,0.9177153415927768,2.9455604650034917,2.193061093131507,8,10.0,8,0.5
smoke,J,J_minibatch_floor_B8_smoke,FR--KL--STL,875108331,17,0.04,3.2876472585035423,0.71386138623425,nan,2.031579083505444,0.37574885732433966,1.3143491324322838,0.7226975777937692,1.085144634081667,0.3196359132961644,0.9474723635332578,0.8701655513919283,0.7651378879435116,1.411901932592935,0.021298739011399448,0.005994840001221746,,nan,nan,nan,nan,nan,nan,nan,nan,17,136,136,136,0,0,17,17,51,51,0,8,False,False,0.04,0,nan,nan,nan,nan,0.10000000000000009,1.500000000000001,0.33949396452087927,2.0369637871252753,5.999999999999999,0.20618923255024438,0.9177153415927768,2.9455604650034917,2.079421256553887,8,10.0,8,0.5
smoke,J,J_minibatch_floor_B8_smoke,FR--KL--STL,875108331,18,0.04,3.2552299990661253,0.681444126796833,nan,1.948289394336244,0.3613273354175658,1.2947530072491606,0.7233240558184807,1.107323370169126,0.32616879411446104,0.9482936899538977,0.8836672628044834,0.7354800639199356,1.333651923153125,0.022477079008240253,0.0063567800098098814,,nan,nan,nan,nan,nan,nan,nan,nan,18,144,144,144,0,0,18,18,54,54,0,8,False,False,0.04,0,nan,nan,nan,nan,0.10000000000000009,1.500000000000001,0.33949396452087927,2.0369637871252753,5.999999999999999,0.20618923255024438,0.9177153415927768,2.9455604650034917,1.9641761894578598,8,10.0,8,0.5
smoke,J,J_minibatch_floor_B8_smoke,FR--KL--STL,875108331,19,0.04,3.2307418694056795,0.6569559971363872,nan,1.892676376332007,0.3624371621454267,1.2751636834344888,0.7261848874497574,1.1321119026229503,0.3334704062326044,0.9520443029220933,0.8986386322490888,0.715703377654044,1.2693737517592498,0.023644298955332488,0.006692669994663447,,nan,nan,nan,nan,nan,nan,nan,nan,19,152,152,152,0,0,19,19,57,57,0,8,False,False,0.04,0,nan,nan,nan,nan,0.10000000000000009,1.500000000000001,0.33949396452087927,2.0369637871252753,5.999999999999999,0.20618923255024438,0.9177153415927768,2.9455604650034917,1.8695085692476012,8,10.0,8,0.5
smoke,J,J_minibatch_floor_B8_smoke,FR--KL--STL,875108331,20,0.04,3.2042794117104623,0.6304935394411699,nan,1.8289911745208947,0.3586474481913912,1.255064460327277,0.7295880656423588,1.1625964203729784,0.34244980526052293,0.9565059441185565,0.9134907561562827,0.6933274217530525,1.2037490216357514,0.02481521898880601,0.007026229985058308,,nan,nan,nan,nan,nan,nan,nan,nan,20,160,160,160,0,0,20,20,60,60,0,8,False,False,0.04,0,nan,nan,nan,nan,0.10000000000000009,1.500000000000001,0.33949396452087927,2.0369637871252753,5.999999999999999,0.20618923255024438,0.9177153415927768,2.9455604650034917,1.7728577639584508,8,10.0,8,0.5
smoke,J,J_minibatch_floor_B8_smoke,FR--KL--STL,875108331,21,0.04,3.178619290019428,0.6048334177501355,nan,1.7658695162614193,0.3528078437682696,1.2355279266289996,0.7304223699143181,1.1861448008329478,0.34938612311029765,0.9575997353041759,0.9273370725717891,0.6702884796413924,1.1414426082682718,0.02601208898704499,0.007379949965979904,,nan,nan,nan,nan,nan,nan,nan,nan,21,168,168,168,0,0,21,21,63,63,0,8,False,False,0.04,0,nan,nan,nan,nan,0.10000000000000009,1.500000000000001,0.33949396452087927,2.0369637871252753,5.999999999999999,0.20618923255024438,0.9177153415927768,2.9455604650034917,1.6810941099927446,8,10.0,8,0.5
smoke,J,J_minibatch_floor_B8_smoke,FR--KL--STL,875108331,22,0.04,3.1557640438665895,0.5819781715972971,nan,1.7074375668397583,0.3455263018160795,1.2181686057418761,0.73110190727618,1.2078791238725348,0.3557880993781998,0.9584906236786994,0.939273108611953,0.6490068752603455,1.0875336934261841,0.027177298965398222,0.007718829961959273,,nan,nan,nan,nan,nan,nan,nan,nan,22,176,176,176,0,0,22,22,66,66,0,8,False,False,0.04,0,nan,nan,nan,nan,0.10000000000000009,1.500000000000001,0.33949396452087927,2.0369637871252753,5.999999999999999,0.20618923255024438,0.9177153415927768,2.9455604650034917,1.6016981258576977,8,10.0,8,0.5
smoke,J,J_minibatch_floor_B8_smoke,FR--KL--STL,875108331,23,0.04,3.131271537780436,0.5574856655111438,nan,1.6468864806731864,0.3391290651589493,1.1985798829758934,0.732194473304836,1.23692082038084,0.36434250668534957,0.9599230016875574,0.9527486845793086,0.6267098891156045,1.0300928625524188,0.028350109001621604,0.00806525000371039,,nan,nan,nan,nan,nan,nan,nan,nan,23,184,184,184,0,0,23,23,69,69,0,8,False,False,0.04,0,nan,nan,nan,nan,0.10000000000000009,1.500000000000001,0.33949396452087927,2.0369637871252753,5.999999999999999,0.20618923255024438,0.9177153415927768,2.9455604650034917,1.5171004056083404,8,10.0,8,0.5
smoke,J,J_minibatch_floor_B8_smoke,FR--KL--STL,875108331,24,0.04,3.1083670617170447,0.5345811894477523,nan,1.5856256499162023,0.3319840778839618,1.1803360094170647,0.7353974069827799,1.2609602528228958,0.3714234668655932,0.964122117936633,0.9674263488021815,0.6054313245179691,0.978468181680341,0.029502338962629437,0.008412710041739047,,nan,nan,nan,nan,nan,nan,nan,nan,24,192,192,192,0,0,24,24,72,72,0,8,False,False,0.04,0,nan,nan,nan,nan,0.10000000000000009,1.500000000000001,0.33949396452087927,2.0369637871252753,5.999999999999999,0.20618923255024438,0.9177153415927768,2.9455604650034917,1.441068596110733,8,10.0,8,0.5
smoke,J,J_minibatch_floor_B8_smoke,FR--KL--STL,875108331,25,0.04,3.0840439160453412,0.5102580437760489,nan,1.52360646775941,0.32449284249381655,1.1592316041708686,0.73774677832654,1.287872561378432,0.3793506500759099,0.9672021952584439,0.9813873884137567,0.5821595162245777,0.9228792082589685,0.030689928971696645,0.008782620017882437,,nan,nan,nan,nan,nan,nan,nan,nan,25,200,200,200,0,0,25,25,75,75,0,8,False,False,0.04,0,nan,nan,nan,nan,0.10000000000000009,1.500000000000001,0.33949396452087927,2.0369637871252753,5.999999999999999,0.20618923255024438,0.9177153415927768,2.9455604650034917,1.3591982549106707,8,10.0,8,0.5
smoke,J,J_minibatch_floor_B8_smoke,FR--KL--STL,875108331,26,0.04,3.063969339740014,0.4901834674707217,nan,1.477109829420899,0.3258909834256109,1.1386499836474095,0.7385597564947485,1.316124337332377,0.38767238150751737,0.96826802745465,0.9965515734940369,0.5644146937238936,0.8751694384781341,0.03187898895703256,0.009125339973252267,,nan,nan,nan,nan,nan,nan,nan,nan,26,208,208,208,0,0,26,26,78,78,0,8,False,False,0.04,0,nan,nan,nan,nan,0.10000000000000009,1.500000000000001,0.33949396452087927,2.0369637871252753,5.999999999999999,0.20618923255024438,0.9177153415927768,2.9455604650034917,1.2889322490802486,8,10.0,8,0.5
smoke,J,J_minibatch_floor_B8_smoke,FR--KL--STL,875108331,27,0.04,3.038175438675126,0.4643895664058335,nan,1.4002221781968809,0.30997466776915383,1.1186914910848111,0.7409857029600299,1.34779625921774,0.39700153760313783,0.971448496439038,1.0124556644773541,0.5383214710387432,0.8224372183329867,0.033041068993043154,0.009462389978580177,,nan,nan,nan,nan,nan,nan,nan,nan,27,216,216,216,0,0,27,27,81,81,0,8,False,False,0.04,0,nan,nan,nan,nan,0.10000000000000009,1.500000000000001,0.33949396452087927,2.0369637871252753,5.999999999999999,0.20618923255024438,0.9177153415927768,2.9455604650034917,1.211269277634545,8,10.0,8,0.5
smoke,J,J_minibatch_floor_B8_smoke,FR--KL--STL,875108331,28,0.04,3.017456473691378,0.4436706014220855,nan,1.3393304299954494,0.2956300456086073,1.1022129732673918,0.7438227891229547,1.3692132436794584,0.4033100398741412,0.9751679785778053,1.0248254353679562,0.5168176104379337,0.7804764017053879,0.034190898993983865,0.00979590998031199,,nan,nan,nan,nan,nan,nan,nan,nan,28,224,224,224,0,0,28,28,84,84,0,8,False,False,0.04,0,nan,nan,nan,nan,0.10000000000000009,1.500000000000001,0.33949396452087927,2.0369637871252753,5.999999999999999,0.20618923255024438,0.9177153415927768,2.9455604650034917,1.149470216365787,8,10.0,8,0.5
smoke,J,J_minibatch_floor_B8_smoke,FR--KL--STL,875108331,29,0.04,2.995039898281494,0.4212540260122015,nan,1.2785256218229255,0.28783374626088315,1.0807192174097089,0.7422427070319955,1.3974528108841708,0.41162817514484185,0.9730964563265914,1.0415709545376908,0.494481916962516,0.7330976737686937,0.0353537590126507,0.010143239982426167,,nan,nan,nan,nan,nan,nan,nan,nan,29,232,232,232,0,0,29,29,87,87,0,8,False,False,0.04,0,nan,nan,nan,nan,0.10000000000000009,1.500000000000001,0.33949396452087927,2.0369637871252753,5.999999999999999,0.20618923255024438,0.9177153415927768,2.9455604650034917,1.0796917624195457,8,10.0,8,0.5
smoke,J,J_minibatch_floor_B8_smoke,FR--KL--STL,875108331,30,0.04,2.9757359455323673,0.40195007326307497,nan,1.2237378159850874,0.2787797297215144,1.0624667043530227,0.7423297539813035,1.4250129197218577,0.41974617184519036,0.9732105767849035,1.0560781441035774,0.47473226554486603,0.6937410036148677,0.0365317789837718,0.010494729969650507,,nan,nan,nan,nan,nan,nan,nan,nan,30,240,240,240,0,0,30,30,90,90,0,8,False,False,0.04,0,nan,nan,nan,nan,0.10000000000000009,1.500000000000001,0.33949396452087927,2.0369637871252753,5.999999999999999,0.20618923255024438,0.9177153415927768,2.9455604650034917,1.0217280365998993,8,10.0,8,0.5
smoke,J,J_minibatch_floor_B8_smoke,FR--KL--STL,875108331,31,0.04,2.954618677717025,0.3808328054477328,nan,1.1614281096108523,0.2638761778189084,1.0433709765139074,0.7426549355341885,1.45573624783869,0.4287959139106171,0.973636896927597,1.070766270966757,0.45225592072748694,0.6527558308849571,0.03771381900878623,0.010832150001078844,,nan,nan,nan,nan,nan,nan,nan,nan,31,248,248,248,0,0,31,31,93,93,0,8,False,False,0.04,0,nan,nan,nan,nan,0.10000000000000009,1.500000000000001,0.33949396452087927,2.0369637871252753,5.999999999999999,0.20618923255024438,0.9177153415927768,2.9455604650034917,0.9613658843776174,8,10.0,8,0.5
smoke,J,J_minibatch_floor_B8_smoke,FR--KL--STL,875108331,32,0.04,2.9385441390418543,0.36475826677256196,nan,1.1175628241582485,0.2561444639881273,1.0264871783533565,0.744030612311525,1.4761646184864072,0.43481321400505285,0.9754404393327899,1.082566089351017,0.4353398801346359,0.6199923770889734,0.03887728898553178,0.01116840000031516,,nan,nan,nan,nan,nan,nan,nan,nan,32,256,256,256,0,0,32,32,96,96,0,8,False,False,0.04,0,nan,nan,nan,nan,0.10000000000000009,1.500000000000001,0.33949396452087927,2.0369637871252753,5.999999999999999,0.20618923255024438,0.9177153415927768,2.9455604650034917,0.9131125172784083,8,10.0,8,0.5
smoke,J,J_minibatch_floor_B8_smoke,FR--KL--STL,875108331,33,0.04,2.921758717321104,0.3479728450518116,nan,1.0698059067399768,0.2457627938163741,1.0093642486905148,0.7459157218608676,1.4983340995735956,0.44134336870705976,0.9779118592670972,1.0952758273401126,0.4172466131451792,0.5869969277833021,0.0400649489602074,0.011523060034960508,,nan,nan,nan,nan,nan,nan,nan,nan,33,264,264,264,0,0,33,33,99,99,0,8,False,False,0.04,0,nan,nan,nan,nan,0.10000000000000009,1.500000000000001,0.33949396452087927,2.0369637871252753,5.999999999999999,0.20618923255024438,0.9177153415927768,2.9455604650034917,0.8645174717785022,8,10.0,8,0.5
smoke,J,J_minibatch_floor_B8_smoke,FR--KL--STL,875108331,34,0.04,2.9069300930752697,0.3331442208059774,nan,1.0352205737074978,0.24795870665906575,0.9888125923382639,0.7462859334773989,1.5278164687579148,0.45002757881545624,0.9783972148101356,1.1088934347083197,0.4027292659209416,0.5545175808822564,0.04130942898336798,0.011876300035510212,,nan,nan,nan,nan,nan,nan,nan,nan,34,272,272,272,0,0,34,34,102,102,0,8,False,False,0.04,0,nan,nan,nan,nan,0.10000000000000009,1.500000000000001,0.33949396452087927,2.0369637871252753,5.999999999999999,0.20618923255024438,0.9177153415927768,2.9455604650034917,0.8166825316980753,8,10.0,8,0.5
smoke,J,J_minibatch_floor_B8_smoke,FR--KL--STL,875108331,35,0.04,2.891141725947959,0.3173558536786665,nan,0.9929602295795258,0.24373325298412407,0.9690509552504257,0.7481375874341222,1.5533449479951875,0.45754714673275354,0.9808247737292858,1.1232379161986155,0.38617573619442236,0.5226244884631969,0.04247770900838077,0.01223173999460414,,nan,nan,nan,nan,nan,nan,nan,nan,35,280,280,280,0,0,35,35,105,105,0,8,False,False,0.04,0,nan,nan,nan,nan,0.10000000000000009,1.500000000000001,0.33949396452087927,2.0369637871252753,5.999999999999999,0.20618923255024438,0.9177153415927768,2.9455604650034917,0.769711015629933,8,10.0,8,0.5
smoke,J,J_minibatch_floor_B8_smoke,FR--KL--STL,875108331,36,0.04,2.876987978706924,0.3032021064376318,nan,0.9528963276620934,0.23778802327239126,0.9518027158516539,0.7508362784134139,1.574285588367763,0.46371533897208467,0.9843628167491635,1.1367184366813208,0.37096726103104355,0.49520727701134865,0.04364775796420872,0.012576919980347157,,nan,nan,nan,nan,nan,nan,nan,nan,36,288,288,288,0,0,36,36,108,108,0,8,False,False,0.04,0,nan,nan,nan,nan,0.10000000000000009,1.500000000000001,0.33949396452087927,2.0369637871252753,5.999999999999999,0.20618923255024438,0.9177153415927768,2.9455604650034917,0.7293314885733305,8,10.0,8,0.5
smoke,J,J_minibatch_floor_B8_smoke,FR--KL--STL,875108331,37,0.04,2.8620971709595526,0.2883112986902603,nan,0.9107050960818169,0.23171063173972997,0.9328689220474767,0.7518943829209573,1.6020961438386183,0.4719071062425591,0.9857500149485646,1.1516245788705366,0.3551109022968252,0.46659444479311485,0.04480306798359379,0.012909239972941577,,nan,nan,nan,nan,nan,nan,nan,nan,37,296,296,296,0,0,37,37,111,111,0,8,False,False,0.04,0,nan,nan,nan,nan,0.10000000000000009,1.500000000000001,0.33949396452087927,2.0369637871252753,5.999999999999999,0.20618923255024438,0.9177153415927768,2.9455604650034917,0.6871910748864267,8,10.0,8,0.5
smoke,J,J_minibatch_floor_B8_smoke,FR--KL--STL,875108331,38,0.04,2.84944361258217,0.2756577403128775,nan,0.8739144441218551,0.2234464988602073,0.9171482148558923,0.7527625661452686,1.6280782181475226,0.47956028333086853,0.986888222183228,1.1622911829724962,0.3408718208535563,0.442694566761742,0.04596695798682049,0.013238279963843524,,nan,nan,nan,nan,nan,nan,nan,nan,38,304,304,304,0,0,38,38,114,114,0,8,False,False,0.04,0,nan,nan,nan,nan,0.10000000000000009,1.500000000000001,0.33949396452087927,2.0369637871252753,5.999999999999999,0.20618923255024438,0.9177153415927768,2.9455604650034917,0.651991806962618,8,10.0,8,0.5
smoke,J,J_minibatch_floor_B8_smoke,FR--KL--STL,875108331,39,0.04,2.8366571413787662,0.2628712691094739,nan,0.8337195177779008,0.21282756317541782,0.9019790140391238,0.7536449431366261,1.658335545883703,0.4884727621665031,0.9880450377575661,1.1742383920098274,0.3262151747592588,0.4197954430523888,0.0471704580122605,0.013580080005340278,,nan,nan,nan,nan,nan,nan,nan,nan,39,312,312,312,0,0,39,39,117,117,0,8,False,False,0.04,0,nan,nan,nan,nan,0.10000000000000009,1.500000000000001,0.33949396452087927,2.0369637871252753,5.999999999999999,0.20618923255024438,0.9177153415927768,2.9455604650034917,0.6182664302218706,8,10.0,8,0.5
smoke,J,J_minibatch_floor_B8_smoke,FR--KL--STL,875108331,40,0.04,2.8206358439594563,0.24684997169016398,nan,0.7835853404840158,0.1984818340336417,0.8826190040351616,0.7531352192867439,1.6944497139667303,0.49911040873968854,0.9873767786189768,1.1903652618755471,0.30769525312530144,0.39182956721593043,0.04835811798693612,0.013936119969002903,,nan,nan,nan,nan,nan,nan,nan,nan,40,320,320,320,0,0,40,40,120,120,0,8,False,False,0.04,0,nan,nan,nan,nan,0.10000000000000009,1.500000000000001,0.33949396452087927,2.0369637871252753,5.999999999999999,0.20618923255024438,0.9177153415927768,2.9455604650034917,0.5770788411053365,8,10.0,8,0.5
smoke,J,J_minibatch_floor_B8_smoke,FR--KL--STL,875108331,41,0.04,2.809194060484481,0.23540818821518883,nan,0.7528163991635939,0.19438358627165359,0.8648344330485065,0.7553789032545855,1.7114465607040872,0.5041169327176164,0.9903182974746546,1.2015378591092518,0.2947096055542122,0.3697032557258343,0.04952950798906386,0.014286649995483458,,nan,nan,nan,nan,nan,nan,nan,nan,41,328,328,328,0,0,41,41,123,123,0,8,False,False,0.04,0,nan,nan,nan,nan,0.10000000000000009,1.500000000000001,0.33949396452087927,2.0369637871252753,5.999999999999999,0.20618923255024438,0.9177153415927768,2.9455604650034917,0.5444916469245467,8,10.0,8,0.5
smoke,J,J_minibatch_floor_B8_smoke,FR--KL--STL,875108331,42,0.04,2.7972517606406058,0.22346588837131343,nan,0.7211763799946447,0.19480838520003332,0.8441183786292077,0.7553453658835911,1.7449462247860743,0.5139844613286972,0.9902743292462577,1.216293347772648,0.28181814468238353,0.3464146070158333,0.05070828797761351,0.014647729985881597,,nan,nan,nan,nan,nan,nan,nan,nan,42,336,336,336,0,0,42,42,126,126,0,8,False,False,0.04,0,nan,nan,nan,nan,0.10000000000000009,1.500000000000001,0.33949396452087927,2.0369637871252753,5.999999999999999,0.20618923255024438,0.9177153415927768,2.9455604650034917,0.5101925854627799,8,10.0,8,0.5
smoke,J,J_minibatch_floor_B8_smoke,FR--KL--STL,875108331,43,0.04,2.785955778274312,0.21216990600501973,nan,0.6859195978105239,0.18387055971190605,0.8285947801234311,0.7550911422148006,1.7686181259843847,0.5209571629588177,0.9899410364447635,1.2280748421586902,0.26831727054346965,0.3270387091337911,0.051922547980211675,0.014994230004958808,,nan,nan,nan,nan,nan,nan,nan,nan,43,344,344,344,0,0,43,43,129,129,0,8,False,False,0.04,0,nan,nan,nan,nan,0.10000000000000009,1.500000000000001,0.33949396452087927,2.0369637871252753,5.999999999999999,0.20618923255024438,0.9177153415927768,2.9455604650034917,0.4816561460751356,8,10.0,8,0.5
smoke,J,J_minibatch_floor_B8_smoke,FR--KL--STL,875108331,44,0.04,2.7761990122894407,0.20241314002014832,nan,0.6573630320703643,0.17980604417203574,0.8124841161103159,0.7561635149908333,1.7923393286525002,0.5279443866349717,0.9913469406568663,1.2420020905651052,0.257632660809477,0.3099988020618573,0.05308817798504606,0.015330740017816424,,nan,nan,nan,nan,nan,nan,nan,nan,44,352,352,352,0,0,44,44,132,132,0,8,False,False,0.04,0,nan,nan,nan,nan,0.10000000000000009,1.500000000000001,0.33949396452087927,2.0369637871252753,5.999999999999999,0.20618923255024438,0.9177153415927768,2.9455604650034917,0.4565601077759249,8,10.0,8,0.5
smoke,J,J_minibatch_floor_B8_smoke,FR--KL--STL,875108331,45,0.04,2.7648638463554356,0.19107797408614324,nan,0.6209040963321265,0.16590585415769019,0.79627842867176,0.7553672977093726,1.813297195290946,0.5341176529750737,0.9903030823505262,1.254012793101509,0.24380843961630372,0.2910370846076773,0.05425018799724057,0.015671280038077384,,nan,nan,nan,nan,nan,nan,nan,nan,45,360,360,360,0,0,45,45,135,135,0,8,False,False,0.04,0,nan,nan,nan,nan,0.10000000000000009,1.500000000000001,0.33949396452087927,2.0369637871252753,5.999999999999999,0.20618923255024438,0.9177153415927768,2.9455604650034917,0.42863366513512524,8,10.0,8,0.5
smoke,J,J_minibatch_floor_B8_smoke,FR--KL--STL,875108331,46,0.04,2.756465684940526,0.18267981267123368,nan,0.595156789534343,0.15700024356882758,0.7830204150565724,0.7542945517521178,1.828918055257931,0.5387188717298834,0.9888966888896632,1.2626574230418617,0.23347771453389857,0.2765189857144776,0.05540839798050001,0.016020850045606494,,nan,nan,nan,nan,nan,nan,nan,nan,46,368,368,368,0,0,46,46,138,138,0,8,False,False,0.04,0,nan,nan,nan,nan,0.10000000000000009,1.500000000000001,0.33949396452087927,2.0369637871252753,5.999999999999999,0.20618923255024438,0.9177153415927768,2.9455604650034917,0.40725169607171524,8,10.0,8,0.5
smoke,J,J_minibatch_floor_B8_smoke,FR--KL--STL,875108331,47,0.04,2.7458335895443615,0.17204771727506918,nan,0.561166653905256,0.14577675609202365,0.7660273465503102,0.7527115134956552,1.8651315305984002,0.5493857698562107,0.986821291040686,1.2765710716544385,0.22068443866184,0.2589331699394572,0.05659191799350083,0.016374720027670264,,nan,nan,nan,nan,nan,nan,nan,nan,47,376,376,376,0,0,47,47,141,141,0,8,False,False,0.04,0,nan,nan,nan,nan,0.10000000000000009,1.500000000000001,0.33949396452087927,2.0369637871252753,5.999999999999999,0.20618923255024438,0.9177153415927768,2.9455604650034917,0.3813516542258478,8,10.0,8,0.5
smoke,J,J_minibatch_floor_B8_smoke,FR--KL--STL,875108331,48,0.04,2.7361687950912854,0.16238292282199307,nan,0.5318019193827097,0.13890240522467565,0.7485950003185016,0.7523417562167358,1.8939081601645504,0.5578621000928207,0.9863365311442152,1.2900173077627302,0.2090641507012284,0.24249456117304377,0.05775415798416361,0.016711280040908605,,nan,nan,nan,nan,nan,nan,nan,nan,48,384,384,384,0,0,48,48,144,144,0,8,False,False,0.04,0,nan,nan,nan,nan,0.10000000000000009,1.500000000000001,0.33949396452087927,2.0369637871252753,5.999999999999999,0.20618923255024438,0.9177153415927768,2.9455604650034917,0.35714119618484425,8,10.0,8,0.5
smoke,J,J_minibatch_floor_B8_smoke,FR--KL--STL,875108331,49,0.04,2.7286153908468784,0.1548295185775861,nan,0.5096772146084436,0.13531915416879364,0.733548271274327,0.7541473176286269,1.9210105805537363,0.56584528189325,0.9887036617269005,1.3005533367502322,0.2000573566637629,0.22927744221110094,0.05893199797719717,0.017047550063580275,,nan,nan,nan,nan,nan,nan,nan,nan,49,392,392,392,0,0,49,49,147,147,0,8,False,False,0.04,0,nan,nan,nan,nan,0.10000000000000009,1.500000000000001,0.33949396452087927,2.0369637871252753,5.999999999999999,0.20618923255024438,0.9177153415927768,2.9455604650034917,0.3376752846470708,8,10.0,8,0.5
smoke,J,J_minibatch_floor_B8_smoke,FR--KL--STL,875108331,50,0.04,2.7202895129737703,0.14650364070447797,nan,0.48162432205683436,0.12328378832151433,0.7196242562920093,0.7551145230462049,1.944219111912749,0.5726814951354395,0.989971689227162,1.3136180196375973,0.18968487260854494,0.21647244245080086,0.06014137796591967,0.017386480059940368,,nan,nan,nan,nan,nan,nan,nan,nan,50,400,400,400,0,0,50,50,150,150,0,8,False,False,0.04,0,nan,nan,nan,nan,0.10000000000000009,1.500000000000001,0.33949396452087927,2.0369637871252753,5.999999999999999,0.20618923255024438,0.9177153415927768,2.9455604650034917,0.31881633412291127,8,10.0,8,0.5
smoke,J,J_minibatch_floor_B8_smoke,FR--KL--STL,875108331,51,0.04,2.7113660421800154,0.13758016991072308,nan,0.45619810161068797,0.12462588064234911,0.6986070488526199,0.7567131208508112,1.9783656369929572,0.5827395605647917,0.9920674859847678,1.3297339691797687,0.17945725904224666,0.20090912149938037,0.06135130795883015,0.017736330104526132,,nan,nan,nan,nan,nan,nan,nan,nan,51,408,408,408,0,0,51,51,153,153,0,8,False,False,0.04,0,nan,nan,nan,nan,0.10000000000000009,1.500000000000001,0.33949396452087927,2.0369637871252753,5.999999999999999,0.20618923255024438,0.9177153415927768,2.9455604650034917,0.2958949826735789,8,10.0,8,0.5
smoke,J,J_minibatch_floor_B8_smoke,FR--KL--STL,875108331,52,0.04,2.704980921019809,0.13119504875051646,nan,0.43587817989537564,0.12014786875173483,0.6852153026100251,0.7575134854903517,1.9928094719850782,0.5869940794963736,0.9931167815684457,1.342044707247204,0.17172931603682368,0.19080219024471642,0.06251589796738699,0.018091200094204396,,nan,nan,nan,nan,nan,nan,nan,nan,52,416,416,416,0,0,52,52,156,156,0,8,False,False,0.04,0,nan,nan,nan,nan,0.10000000000000009,1.500000000000001,0.33949396452087927,2.0369637871252753,5.999999999999999,0.20618923255024438,0.9177153415927768,2.9455604650034917,0.2810096941104558,8,10.0,8,0.5
smoke,J,J_minibatch_floor_B8_smoke,FR--KL--STL,875108331,53,0.04,2.6954382555186314,0.12165238324933902,nan,0.40489062836526374,0.11312643652778503,0.664460402742183,0.75733588794974,2.042729474565661,0.6016983180977978,0.9928839473003767,1.361791920997729,0.16033381450675893,0.1759631616873604,0.06370588799472898,0.018435620120726526,,nan,nan,nan,nan,nan,nan,nan,nan,53,424,424,424,0,0,53,53,159,159,0,8,False,False,0.04,0,nan,nan,nan,nan,0.10000000000000009,1.500000000000001,0.33949396452087927,2.0369637871252753,5.999999999999999,0.20618923255024438,0.9177153415927768,2.9455604650034917,0.25915506618165296,8,10.0,8,0.5
smoke,J,J_minibatch_floor_B8_smoke,FR--KL--STL,875108331,54,0.04,2.6899689486233855,0.1161830763540932,nan,0.3863594681841486,0.10550031579772018,0.6533200496562009,0.7568859555553931,2.07189423718443,0.6102889752719031,0.9922940760704161,1.3721135193544198,0.15335317907581966,0.16761958738451796,0.06487146799918264,0.01877439016243443,,nan,nan,nan,nan,nan,nan,nan,nan,54,432,432,432,0,0,54,54,162,162,0,8,False,False,0.04,0,nan,nan,nan,nan,0.10000000000000009,1.500000000000001,0.33949396452087927,2.0369637871252753,5.999999999999999,0.20618923255024438,0.9177153415927768,2.9455604650034917,0.24686681488001705,8,10.0,8,0.5
smoke,J,J_minibatch_floor_B8_smoke,FR--KL--STL,875108331,55,0.04,2.6832528180502258,0.10946694578093341,nan,0.3632256942100219,0.09715457803401172,0.6386225620383523,0.7567007672934193,2.11017933941694,0.6215660836253729,0.9920512902002795,1.3881652286462736,0.14520770135722424,0.15780816296405045,0.06607813795562834,0.019139360170811415,,nan,nan,nan,nan,nan,nan,nan,nan,55,440,440,440,0,0,55,55,165,165,0,8,False,False,0.04,0,nan,nan,nan,nan,0.10000000000000009,1.500000000000001,0.33949396452087927,2.0369637871252753,5.999999999999999,0.20618923255024438,0.9177153415927768,2.9455604650034917,0.23241674294086762,8,10.0,8,0.5
smoke,J,J_minibatch_floor_B8_smoke,FR--KL--STL,875108331,56,0.04,2.676257985690372,0.10247211342107976,nan,0.3419947962948766,0.09387815321054657,0.6203570224832107,0.7573664725681276,2.1380302748612916,0.6297697450611976,0.9929240444053926,1.4028843881736919,0.1366657597874602,0.14659994787826336,0.06730196799617261,0.019497950153890997,,nan,nan,nan,nan,nan,nan,nan,nan,56,448,448,448,0,0,56,56,168,168,0,8,False,False,0.04,0,nan,nan,nan,nan,0.10000000000000009,1.500000000000001,0.33949396452087927,2.0369637871252753,5.999999999999999,0.20618923255024438,0.9177153415927768,2.9455604650034917,0.21590950532089254,8,10.0,8,0.5
smoke,J,J_minibatch_floor_B8_smoke,FR--KL--STL,875108331,57,0.04,2.6699547116157984,0.09616883934650611,nan,0.32254589464621586,0.09011167190429747,0.6035272420416933,0.7591679626590301,2.1698947939529125,0.6391556318284608,0.9952858373970336,1.4160676883703378,0.12878926046748324,0.1362907745877281,0.0684596580103971,0.019846180162858218,,nan,nan,nan,nan,nan,nan,nan,nan,57,456,456,456,0,0,57,57,171,171,0,8,False,False,0.04,0,nan,nan,nan,nan,0.10000000000000009,1.500000000000001,0.33949396452087927,2.0369637871252753,5.999999999999999,0.20618923255024438,0.9177153415927768,2.9455604650034917,0.2007263586851572,8,10.0,8,0.5
smoke,J,J_minibatch_floor_B8_smoke,FR--KL--STL,875108331,58,0.04,2.665297890995942,0.09151201872664982,nan,0.3073570702693282,0.0867602749209626,0.5909158821398051,0.7612084910638978,2.204460461219109,0.6493371581230382,0.997961014857179,1.4273904382784308,0.12301904194290739,0.12906265865810418,0.06961359799606726,0.02018485014559701,,nan,nan,nan,nan,nan,nan,nan,nan,58,464,464,464,0,0,58,58,174,174,0,8,False,False,0.04,0,nan,nan,nan,nan,0.10000000000000009,1.500000000000001,0.33949396452087927,2.0369637871252753,5.999999999999999,0.20618923255024438,0.9177153415927768,2.9455604650034917,0.19008093242577612,8,10.0,8,0.5
smoke,J,J_minibatch_floor_B8_smoke,FR--KL--STL,875108331,59,0.04,2.6611669517085623,0.08738107943926998,nan,0.2952210226367843,0.09254269839106465,0.5766571444266987,0.7625448433775477,2.233161933347438,0.6577913502818984,0.9997130020286226,1.441247130346107,0.1184090737913598,0.1222152420470645,0.07078195799840614,0.020542400132399052,,nan,nan,nan,nan,nan,nan,nan,nan,59,472,472,472,0,0,59,59,177,177,0,8,False,False,0.04,0,nan,nan,nan,nan,0.10000000000000009,1.500000000000001,0.33949396452087927,2.0369637871252753,5.999999999999999,0.20618923255024438,0.9177153415927768,2.9455604650034917,0.1799961925973328,8,10.0,8,0.5
smoke,J,J_minibatch_floor_B8_smoke,FR--KL--STL,875108331,60,0.04,2.657156328205339,0.08337045593604664,nan,0.2829809496961992,0.08536545268607527,0.5661168638634094,0.760187555354711,2.2403656508708063,0.6599132488356876,0.996622545767037,1.4462221620588263,0.1128497141582917,0.11573816617411767,0.07195996795780957,0.02088249014923349,,nan,nan,nan,nan,nan,nan,nan,nan,60,480,480,480,0,0,60,60,180,180,0,8,False,False,0.04,0,nan,nan,nan,nan,0.10000000000000009,1.500000000000001,0.33949396452087927,2.0369637871252753,5.999999999999999,0.20618923255024438,0.9177153415927768,2.9455604650034917,0.1704568832872427,8,10.0,8,0.5
smoke,J,J_minibatch_floor_B8_smoke,FR--KL--STL,875108331,61,0.04,2.6526520241902345,0.07886615192094215,nan,0.269027604685798,0.08093521054287253,0.5528983090300543,0.7594093051763028,2.2562903736486772,0.6646039722187508,0.9956022427265757,1.4548384295815995,0.10685392603801301,0.10859136699753548,0.0731355479802005,0.021218030131421983,,nan,nan,nan,nan,nan,nan,nan,nan,61,488,488,488,0,0,61,61,183,183,0,8,False,False,0.04,0,nan,nan,nan,nan,0.10000000000000009,1.500000000000001,0.33949396452087927,2.0369637871252753,5.999999999999999,0.20618923255024438,0.9177153415927768,2.9455604650034917,0.1599312187343127,8,10.0,8,0.5
smoke,J,J_minibatch_floor_B8_smoke,FR--KL--STL,875108331,62,0.04,2.648307529034764,0.07452165676547162,nan,0.25493996789024725,0.07710227111827678,0.53975822216555,0.7606093709422674,2.2725577066572513,0.6693956135168615,0.9971755552470699,1.4664009790487584,0.10122769841310134,0.10189534683148445,0.07429166795918718,0.021558410138823092,,nan,nan,nan,nan,nan,nan,nan,nan,62,496,496,496,0,0,62,62,186,186,0,8,False,False,0.04,0,nan,nan,nan,nan,0.10000000000000009,1.500000000000001,0.33949396452087927,2.0369637871252753,5.999999999999999,0.20618923255024438,0.9177153415927768,2.9455604650034917,0.15006945259731969,8,10.0,8,0.5
smoke,J,J_minibatch_floor_B8_smoke,FR--KL--STL,875108331,63,0.04,2.64435766426671,0.07057179199741759,nan,0.24258126821373005,0.07631989716204565,0.5264933063288059,0.763226888375081,2.287229508496814,0.673717281461759,1.0006071779684695,1.4779834024016663,0.09622462120296496,0.09597467012224625,0.07544066797709092,0.021908530150540173,,nan,nan,nan,nan,nan,nan,nan,nan,63,504,504,504,0,0,63,63,189,189,0,8,False,False,0.04,0,nan,nan,nan,nan,0.10000000000000009,1.500000000000001,0.33949396452087927,2.0369637871252753,5.999999999999999,0.20618923255024438,0.9177153415927768,2.9455604650034917,0.14134959697692018,8,10.0,8,0.5
smoke,J,J_minibatch_floor_B8_smoke,FR--KL--STL,875108331,64,0.04,2.6423489639051496,0.06856309163585728,nan,0.23622983257561406,0.0732791463489627,0.5202761183742481,0.7637285289259852,2.2936871214195613,0.6756194103941129,1.0012648397249413,1.4817694949388982,0.09346467548374424,0.09288593288969424,0.07662241696380079,0.022254140174482018,,nan,nan,nan,nan,nan,nan,nan,nan,64,512,512,512,0,0,64,64,192,192,0,8,False,False,0.04,0,nan,nan,nan,nan,0.10000000000000009,1.500000000000001,0.33949396452087927,2.0369637871252753,5.999999999999999,0.20618923255024438,0.9177153415927768,2.9455604650034917,0.13680056583742545,8,10.0,8,0.5
smoke,J,J_minibatch_floor_B8_smoke,FR--KL--STL,875108331,65,0.04,2.641647147403252,0.06786127513395979,nan,0.2338078533467917,0.07112904274562366,0.5183695047148914,0.7654141542335949,2.2938442404917434,0.6756656907668455,1.0034747314463273,1.4832313469884058,0.09249698801372552,0.09186092891879685,0.07777274696854874,0.022586920182220638,,nan,nan,nan,nan,nan,nan,nan,nan,65,520,520,520,0,0,65,65,195,195,0,8,False,False,0.04,0,nan,nan,nan,nan,0.10000000000000009,1.500000000000001,0.33949396452087927,2.0369637871252753,5.999999999999999,0.20618923255024438,0.9177153415927768,2.9455604650034917,0.13529096025085197,8,10.0,8,0.5
smoke,J,J_minibatch_floor_B8_smoke,FR--KL--STL,875108331,66,0.04,2.637898211020329,0.06411233875103672,nan,0.22019964940578013,0.06568253158936252,0.5067897140860441,0.7643964377213017,2.3370383965296258,0.6883887906012823,1.0021404827938643,1.49698810627056,0.08765219772512714,0.08677378748751452,0.07893721701111645,0.022917820198927075,,nan,nan,nan,nan,nan,nan,nan,nan,66,528,528,528,0,0,66,66,198,198,0,8,False,False,0.04,0,nan,nan,nan,nan,0.10000000000000009,1.500000000000001,0.33949396452087927,2.0369637871252753,5.999999999999999,0.20618923255024438,0.9177153415927768,2.9455604650034917,0.1277987189109187,8,10.0,8,0.5
smoke,J,J_minibatch_floor_B8_smoke,FR--KL--STL,875108331,67,0.04,2.6340301595088174,0.06024428723952502,nan,0.20807427694095135,0.06578306048603731,0.4921767949179078,0.7656032151381593,2.358086147854591,0.694588533019287,1.0037225944357766,1.5096905313663658,0.08276050098573774,0.08101422326113956,0.08010330697288737,0.023250360158272088,,nan,nan,nan,nan,nan,nan,nan,nan,67,536,536,536,0,0,67,67,201,201,0,8,False,False,0.04,0,nan,nan,nan,nan,0.10000000000000009,1.500000000000001,0.33949396452087927,2.0369637871252753,5.999999999999999,0.20618923255024438,0.9177153415927768,2.9455604650034917,0.11931614657048947,8,10.0,8,0.5
smoke,J,J_minibatch_floor_B8_smoke,FR--KL--STL,875108331,68,0.04,2.630896471276958,0.057110599007665463,nan,0.19714066134181227,0.05881755467027089,0.4821998611191239,0.7649261087529932,2.377153726154216,0.7002050034995609,1.0028348931249798,1.519768389712162,0.07849231150111255,0.0767238782646149,0.08131087699439377,0.023595270176883787,,nan,nan,nan,nan,nan,nan,nan,nan,68,544,544,544,0,0,68,68,204,204,0,8,False,False,0.04,0,nan,nan,nan,nan,0.10000000000000009,1.500000000000001,0.33949396452087927,2.0369637871252753,5.999999999999999,0.20618923255024438,0.9177153415927768,2.9455604650034917,0.11299741126899517,8,10.0,8,0.5
smoke,J,J_minibatch_floor_B8_smoke,FR--KL--STL,875108331,69,0.04,2.627196031778426,0.05341015950913386,nan,0.1854313160160906,0.05168246082348347,0.4690793505370751,0.7638265386529132,2.3832785158727767,0.7020090973447054,1.0013933326249798,1.5278014073962565,0.07332232344104779,0.07125387107290271,0.08245765697211027,0.02393785014282912,,nan,nan,nan,nan,nan,nan,nan,nan,69,552,552,552,0,0,69,69,207,207,0,8,False,False,0.04,0,nan,nan,nan,nan,0.10000000000000009,1.500000000000001,0.33949396452087927,2.0369637871252753,5.999999999999999,0.20618923255024438,0.9177153415927768,2.9455604650034917,0.10494129280539907,8,10.0,8,0.5
smoke,J,J_minibatch_floor_B8_smoke,FR--KL--STL,875108331,70,0.04,2.624282583214408,0.05049671094511554,nan,0.17591975893522385,0.053335794098418904,0.45629665373364553,0.7647705828122362,2.418281320645516,0.712319385134987,1.0026309952080532,1.5396605009653923,0.06978746012958,0.0670005312539103,0.08362048695562407,0.02429075015243143,,nan,nan,nan,nan,nan,nan,nan,nan,70,560,560,560,0,0,70,70,210,210,0,8,False,False,0.04,0,nan,nan,nan,nan,0.10000000000000009,1.500000000000001,0.33949396452087927,2.0369637871252753,5.999999999999999,0.20618923255024438,0.9177153415927768,2.9455604650034917,0.09867705799787449,8,10.0,8,0.5
