tier,experiment,job_id,method,seed,iteration,step_size,objective,objective_gap,exact_gaussian_kl,w2_squared,mean_error,covariance_error,covariance_min_eigenvalue,covariance_max_eigenvalue,relative_covariance_min_eigenvalue,relative_covariance_max_eigenvalue,gaussian_core_rate,fisher_rao_residual_squared,bures_wasserstein_residual_squared,wall_time_seconds,algorithm_seconds,repair,equivariance_error_mean,equivariance_error_covariance,equivariance_error_back,local_gamma,local_lambda,predictive_nll,classification_error,brier,iterations,gradient_evaluations,hessian_evaluations,oracle_pairs,expectation_evaluations,matrix_exponentials,matrix_square_roots,eigendecompositions,cholesky_factorizations,cholesky_solves,roundoff_repairs,batch_size,quadratic_rescue,raw_mean_ablation,normalized_step_size,problem_instance,local_kl_gamma,local_discrete_rate,predicted_contraction,local_radius,alpha,beta,alpha_star,beta_star,kappa_star,lambda_0_star,lambda_0_star_max,lambda_max_star,certified_gap,grid_condition,grid_dimension,grid_family,grid_rho,grid_role
manuscript-pilot,D,pilot_logcosh_d10_k10_rho1_fr-kl,FR--KL,2500492809,0,0.0,8.112338983637708,2.1598090063619697,nan,4.562957184844511,2.1361079525259266,2.9495198569914895e-15,1.0,1.0,0.9999999999999981,1.0000000000000013,2.0000000000000018,3.8248759027547212,3.8906654092881583,0.0007248700130730867,0.0,,nan,nan,nan,nan,nan,nan,nan,nan,0,0,0,0,0,0,0,0,0,0,0,1,False,False,4.0,0,nan,nan,nan,nan,0.16209626917406456,1.7830589609147085,0.1620962691740644,1.7830589609147083,11.0,0.9999999999999993,1.0000000000000016,6.169173449181403,12.001094871314502,10.0,10,logcosh,1.0,stepsize_pilot
manuscript-pilot,D,pilot_logcosh_d10_k10_rho1_fr-kl,FR--KL,2500492809,1,2.243335799702328,8.335908177380428,2.3833782001046906,nan,4.953360096981289,2.220637486536148,0.31607408080704136,0.9989054727931616,1.2965829074932156,0.9989054727931607,1.296582907493216,2.3458995925004964,5.023422345893845,4.344905973394084,0.0027822499978356063,0.0007695599924772978,,nan,nan,nan,nan,nan,nan,nan,nan,1,1,1,1,1,0,0,0,2,2,0,1,False,False,4.0,0,nan,nan,nan,nan,0.16209626917406456,1.7830589609147085,0.1620962691740644,1.7830589609147083,11.0,0.9999999999999993,1.0000000000000016,6.169173449181403,13.402239285126234,10.0,10,logcosh,1.0,stepsize_pilot
manuscript-pilot,D,pilot_logcosh_d10_k10_rho1_fr-kl,FR--KL,2500492809,2,2.243335799702328,10.605816251844868,4.65328627456913,nan,10.414471816403873,3.2227734480602,0.3595969717797215,1.0014367014853118,1.3390276109635588,1.001436701485311,1.3390276109635602,2.4270111845196003,8.822730312496722,7.504939346902404,0.004512390005402267,0.001486390014179051,,nan,nan,nan,nan,nan,nan,nan,nan,2,2,2,2,2,0,0,0,4,4,0,1,False,False,4.0,0,nan,nan,nan,nan,0.16209626917406456,1.7830589609147085,0.1620962691740644,1.7830589609147083,11.0,0.9999999999999993,1.0000000000000016,6.169173449181403,23.149636278313565,10.0,10,logcosh,1.0,stepsize_pilot
manuscript-pilot,D,pilot_logcosh_d10_k10_rho1_fr-kl,FR--KL,2500492809,3,2.243335799702328,13.236773632401533,7.284243655125795,nan,16.59033388255468,4.061274304459747,0.6968748731534543,0.9990496066478564,1.6434784093864998,0.9990496066478561,1.6434784093865007,2.89103973239366,15.38539798336609,11.239104009966935,0.00618932000361383,0.002136619994416833,,nan,nan,nan,nan,nan,nan,nan,nan,3,3,3,3,3,0,0,0,6,6,0,1,False,False,4.0,0,nan,nan,nan,nan,0.16209626917406456,1.7830589609147085,0.1620962691740644,1.7830589609147083,11.0,0.9999999999999993,1.0000000000000016,6.169173449181403,34.66799102543813,10.0,10,logcosh,1.0,stepsize_pilot
manuscript-pilot,D,pilot_logcosh_d10_k10_rho1_fr-kl,FR--KL,2500492809,4,2.243335799702328,21.731153549708747,15.778623572433009,nan,41.589795949464346,6.436316004023802,0.9417904516363559,1.0027712022596347,1.8834102698745094,1.0027712022596353,1.8834102698745103,3.3080495712252556,30.333369478329793,20.086530329253492,0.007839869998861104,0.002807050012052059,,nan,nan,nan,nan,nan,nan,nan,nan,4,4,4,4,4,0,0,0,8,8,0,1,False,False,4.0,0,nan,nan,nan,nan,0.16209626917406456,1.7830589609147085,0.1620962691740644,1.7830589609147083,11.0,0.9999999999999993,1.0000000000000016,6.169173449181403,61.958644796703815,10.0,10,logcosh,1.0,stepsize_pilot
manuscript-pilot,D,pilot_logcosh_d10_k10_rho1_fr-kl,FR--KL,2500492809,5,2.243335799702328,35.929430747869695,29.976900770593957,nan,86.00754438706791,9.257428174468386,1.319744926575535,0.999127060407296,2.164909564802649,0.999127060407296,2.1649095648026497,3.951366847809112,62.52982840368712,34.90583755840549,0.03214301902335137,0.008802160038612783,,nan,nan,nan,nan,nan,nan,nan,nan,5,5,5,5,5,0,0,0,10,10,0,1,False,False,4.0,0,nan,nan,nan,nan,0.16209626917406456,1.7830589609147085,0.1620962691740644,1.7830589609147083,11.0,0.9999999999999993,1.0000000000000016,6.169173449181403,107.67008314337708,10.0,10,logcosh,1.0,stepsize_pilot
manuscript-pilot,D,pilot_logcosh_d10_k10_rho1_fr-kl,FR--KL,2500492809,6,2.243335799702328,75.81534651096943,69.86281653369369,nan,232.39104463687121,15.230478809047693,1.5511752472608504,1.005128444024663,2.279066447829444,1.0051284440246635,2.279066447829446,4.209166494012635,139.1077094545963,71.69900781566916,0.03395524900406599,0.009486790047958493,,nan,nan,nan,nan,nan,nan,nan,nan,6,6,6,6,6,0,0,0,12,12,0,1,False,False,4.0,0,nan,nan,nan,nan,0.16209626917406456,1.7830589609147085,0.1620962691740644,1.7830589609147083,11.0,0.9999999999999993,1.0000000000000016,6.169173449181403,221.16180767453807,10.0,10,logcosh,1.0,stepsize_pilot
manuscript-pilot,D,pilot_logcosh_d10_k10_rho1_fr-kl,FR--KL,2500492809,7,2.243335799702328,150.2503828603486,144.29785288307286,nan,515.1490816715967,22.68157730273225,1.9738880172241111,0.9998865371118427,2.3168468951198706,0.9998865371118429,2.3168468951198724,4.426252788489639,294.1780293634434,140.26050719566084,0.03565435897326097,0.01017518009757623,,nan,nan,nan,nan,nan,nan,nan,nan,7,7,7,7,7,0,0,0,14,14,0,1,False,False,4.0,0,nan,nan,nan,nan,0.16209626917406456,1.7830589609147085,0.1620962691740644,1.7830589609147083,11.0,0.9999999999999993,1.0000000000000016,6.169173449181403,432.645698480094,10.0,10,logcosh,1.0,stepsize_pilot
manuscript-pilot,D,pilot_logcosh_d10_k10_rho1_fr-kl,FR--KL,2500492809,8,2.243335799702328,304.69209079975144,298.7395608224757,nan,1147.2104517523098,33.852587027062796,2.6849336391159375,1.0098875037710915,2.328749473699137,1.0098875037710908,2.3287494736991383,4.479893918219108,599.5051466454014,277.0382128669356,0.037369129015132785,0.010860060108825564,,nan,nan,nan,nan,nan,nan,nan,nan,8,8,8,8,8,0,0,0,16,16,0,1,False,False,4.0,0,nan,nan,nan,nan,0.16209626917406456,1.7830589609147085,0.1620962691740644,1.7830589609147083,11.0,0.9999999999999993,1.0000000000000016,6.169173449181403,854.5483936136825,10.0,10,logcosh,1.0,stepsize_pilot
manuscript-pilot,D,pilot_logcosh_d10_k10_rho1_fr-kl,FR--KL,2500492809,9,2.243335799702328,584.1866120753451,578.2340820980694,nan,2283.1754693439507,47.760637443818645,3.697403099192422,1.002761909303329,2.9456166240793045,1.0027619093033269,2.945616624079303,4.580477510439902,1165.4333088205444,525.1729827561729,0.03921875898959115,0.01162601012038067,,nan,nan,nan,nan,nan,nan,nan,nan,9,9,9,9,9,0,0,0,18,18,0,1,False,False,4.0,0,nan,nan,nan,nan,0.16209626917406456,1.7830589609147085,0.1620962691740644,1.7830589609147083,11.0,0.9999999999999993,1.0000000000000016,6.169173449181403,1619.9416107233926,10.0,10,logcosh,1.0,stepsize_pilot
manuscript-pilot,D,pilot_logcosh_d10_k10_rho1_fr-kl,FR--KL,2500492809,10,2.243335799702328,1103.948854788107,1097.996324810831,nan,4542.601128973668,67.37414025369985,4.916325359370879,1.020041226837831,3.734921930314947,1.020041226837831,3.734921930314945,4.69146510544208,2205.2483532364595,976.4449091777536,0.0409884590189904,0.012338520085904747,,nan,nan,nan,nan,nan,nan,nan,nan,10,10,10,10,10,0,0,0,20,20,0,1,False,False,4.0,0,nan,nan,nan,nan,0.16209626917406456,1.7830589609147085,0.1620962691740644,1.7830589609147083,11.0,0.9999999999999993,1.0000000000000016,6.169173449181403,3011.929004143872,10.0,10,logcosh,1.0,stepsize_pilot
manuscript-pilot,D,pilot_logcosh_d10_k10_rho1_fr-kl,FR--KL,2500492809,11,2.243335799702328,2034.525789718263,2028.5732597409872,nan,8660.441036116394,93.03577032554709,6.226932114468317,1.0113591909965804,4.077794377723369,1.0113591909965827,4.077794377723367,4.893666060072215,4076.0944839965828,1773.833456605931,0.04289222898660228,0.01312593009788543,,nan,nan,nan,nan,nan,nan,nan,nan,11,11,11,11,11,0,0,0,22,22,0,1,False,False,4.0,0,nan,nan,nan,nan,0.16209626917406456,1.7830589609147085,0.1620962691740644,1.7830589609147083,11.0,0.9999999999999993,1.0000000000000016,6.169173449181403,5471.543131881491,10.0,10,logcosh,1.0,stepsize_pilot
manuscript-pilot,D,pilot_logcosh_d10_k10_rho1_fr-kl,FR--KL,2500492809,12,2.243335799702328,3677.5405144295596,3671.5879844522838,nan,16459.140854333647,128.26912263958255,7.482027481071611,1.0427453870274093,5.100271630147134,1.0427453870274086,5.100271630147132,5.132515532860656,7368.032414235841,3148.3638711547383,0.04477026901440695,0.013897540105972439,,nan,nan,nan,nan,nan,nan,nan,nan,12,12,12,12,12,0,0,0,24,24,0,1,False,False,4.0,0,nan,nan,nan,nan,0.16209626917406456,1.7830589609147085,0.1620962691740644,1.7830589609147083,11.0,0.9999999999999993,1.0000000000000016,6.169173449181403,9711.401401144896,10.0,10,logcosh,1.0,stepsize_pilot
manuscript-pilot,D,pilot_logcosh_d10_k10_rho1_fr-kl,FR--KL,2500492809,13,2.243335799702328,6507.041219554929,6501.088689577653,nan,30402.714282740115,174.3441664470631,8.088135130364341,1.0349484894976255,5.794723264582438,1.034948489497626,5.794723264582434,5.4446516291373195,13038.410356973629,5467.134372645805,0.046617489017080516,0.014631680096499622,,nan,nan,nan,nan,nan,nan,nan,nan,13,13,13,13,13,0,0,0,26,26,0,1,False,False,4.0,0,nan,nan,nan,nan,0.16209626917406456,1.7830589609147085,0.1620962691740644,1.7830589609147083,11.0,0.9999999999999993,1.0000000000000016,6.169173449181403,16863.850107416765,10.0,10,logcosh,1.0,stepsize_pilot
manuscript-pilot,D,pilot_logcosh_d10_k10_rho1_fr-kl,FR--KL,2500492809,14,2.243335799702328,11275.014658813347,11269.06212883607,nan,55277.655975165,235.09698618097408,8.309537426587946,1.096051098971469,6.048661880139088,1.0960510989714711,6.048661880139086,5.730326369969344,22578.87279118287,9300.746783717543,0.04828221898060292,0.015326160122640431,,nan,nan,nan,nan,nan,nan,nan,nan,14,14,14,14,14,0,0,0,28,28,0,1,False,False,4.0,0,nan,nan,nan,nan,0.16209626917406456,1.7830589609147085,0.1620962691740644,1.7830589609147083,11.0,0.9999999999999993,1.0000000000000016,6.169173449181403,28688.9600578348,10.0,10,logcosh,1.0,stepsize_pilot
manuscript-pilot,D,pilot_logcosh_d10_k10_rho1_fr-kl,FR--KL,2500492809,15,2.243335799702328,19138.363199560452,19132.410669583176,nan,97421.7570267061,312.11314853568393,8.381578765556595,1.0981369861484513,6.1315078564604875,1.0981369861484531,6.1315078564604875,5.9979669751798665,38316.58284331913,15540.516282552322,0.04975324898259714,0.01593024015892297,,nan,nan,nan,nan,nan,nan,nan,nan,15,15,15,15,15,0,0,0,30,30,0,1,False,False,4.0,0,nan,nan,nan,nan,0.16209626917406456,1.7830589609147085,0.1620962691740644,1.7830589609147083,11.0,0.9999999999999993,1.0000000000000016,6.169173449181403,47936.07021844653,10.0,10,logcosh,1.0,stepsize_pilot
manuscript-pilot,D,pilot_logcosh_d10_k10_rho1_fr-kl,FR--KL,2500492809,16,2.243335799702328,31916.824722083642,31910.872192106366,nan,168120.53996717354,410.0163010723895,8.406683160904715,1.22745229128373,6.157510972307365,1.22745229128373,6.157510972307364,6.197761449522187,63875.43844806969,25574.40844545377,0.05115619901334867,0.016484620166011155,,nan,nan,nan,nan,nan,nan,nan,nan,16,16,16,16,16,0,0,0,32,32,0,1,False,False,4.0,0,nan,nan,nan,nan,0.16209626917406456,1.7830589609147085,0.1620962691740644,1.7830589609147083,11.0,0.9999999999999993,1.0000000000000016,6.169173449181403,78886.48078010703,10.0,10,logcosh,1.0,stepsize_pilot
manuscript-pilot,D,pilot_logcosh_d10_k10_rho1_fr-kl,FR--KL,2500492809,17,2.243335799702328,52428.11667501575,52422.16414503848,nan,283204.1537263352,532.1625401894466,8.414898013476368,1.2685257092839481,6.165572913464597,1.268525709283946,6.1655729134645965,6.3675772022548065,104904.83149327846,41565.16402816633,0.05258064897498116,0.017061240156181157,,nan,nan,nan,nan,nan,nan,nan,nan,17,17,17,17,17,0,0,0,34,34,0,1,False,False,4.0,0,nan,nan,nan,nan,0.16209626917406456,1.7830589609147085,0.1620962691740644,1.7830589609147083,11.0,0.9999999999999993,1.0000000000000016,6.169173449181403,128211.35316671683,10.0,10,logcosh,1.0,stepsize_pilot
manuscript-pilot,D,pilot_logcosh_d10_k10_rho1_fr-kl,FR--KL,2500492809,18,2.243335799702328,85079.50660319084,85073.55407321356,nan,469583.162961981,685.2561087750383,8.429890360064773,1.5368818645249187,6.168062867358191,1.5368818645249176,6.16806286735819,6.488336663993234,170207.07728116744,66876.73228275107,0.05400736897718161,0.017638140183407813,,nan,nan,nan,nan,nan,nan,nan,nan,18,18,18,18,18,0,0,0,36,36,0,1,False,False,4.0,0,nan,nan,nan,nan,0.16209626917406456,1.7830589609147085,0.1620962691740644,1.7830589609147083,11.0,0.9999999999999993,1.0000000000000016,6.169173449181403,206287.08058338036,10.0,10,logcosh,1.0,stepsize_pilot
manuscript-pilot,D,pilot_logcosh_d10_k10_rho1_fr-kl,FR--KL,2500492809,19,2.243335799702328,136715.15032896306,136709.19779898578,nan,766558.559819896,875.5291542093908,8.44110910563381,1.6722087810986608,6.168830986915846,1.6722087810986597,6.168830986915847,6.590680401335163,273481.7419630054,106741.68019200985,0.05540655896766111,0.018198820180259645,,nan,nan,nan,nan,nan,nan,nan,nan,19,19,19,19,19,0,0,0,38,38,0,1,False,False,4.0,0,nan,nan,nan,nan,0.16209626917406456,1.7830589609147085,0.1620962691740644,1.7830589609147083,11.0,0.9999999999999993,1.0000000000000016,6.169173449181403,329253.96968077985,10.0,10,logcosh,1.0,stepsize_pilot
manuscript-pilot,D,pilot_logcosh_d10_k10_rho1_fr-kl,FR--KL,2500492809,20,2.243335799702328,217983.66709106078,217977.7145610835,nan,1238631.4863921667,1112.9349328423596,8.464237812015787,1.672208865147462,6.169067855608475,1.6722088651474603,6.169067855608471,6.663252797711345,436018.05856118945,169280.30010589276,0.05681126902345568,0.01876011019339785,,nan,nan,nan,nan,nan,nan,nan,nan,20,20,20,20,20,0,0,0,40,40,0,1,False,False,4.0,0,nan,nan,nan,nan,0.16209626917406456,1.7830589609147085,0.1620962691740644,1.7830589609147083,11.0,0.9999999999999993,1.0000000000000016,6.169173449181403,522159.76644136675,10.0,10,logcosh,1.0,stepsize_pilot
manuscript-pilot,D,pilot_logcosh_d10_k10_rho1_fr-kl,FR--KL,2500492809,21,2.243335799702328,345411.0177246979,345405.06519472064,nan,1982074.231389995,1407.8589708114418,8.475458027603533,1.6722088910617712,6.169140891706752,1.6722088910617727,6.169140891706756,6.725612075943937,690876.5988044894,267099.13616979873,0.058260639023501426,0.01937116024782881,,nan,nan,nan,nan,nan,nan,nan,nan,21,21,21,21,21,0,0,0,42,42,0,1,False,False,4.0,0,nan,nan,nan,nan,0.16209626917406456,1.7830589609147085,0.1620962691740644,1.7830589609147083,11.0,0.9999999999999993,1.0000000000000016,6.169173449181403,823890.4495790052,10.0,10,logcosh,1.0,stepsize_pilot
manuscript-pilot,D,pilot_logcosh_d10_k10_rho1_fr-kl,FR--KL,2500492809,22,2.243335799702328,544638.497329576,544632.5447995987,nan,3151399.9260077393,1775.2162027681443,8.479450459141985,1.67220889905179,6.169163410876554,1.67220889905179,6.1691634108765525,6.7700076075977345,1089329.7762373174,419734.9422983595,0.059706168016418815,0.019973700225818902,,nan,nan,nan,nan,nan,nan,nan,nan,22,22,22,22,22,0,0,0,44,44,0,1,False,False,4.0,0,nan,nan,nan,nan,0.16209626917406456,1.7830589609147085,0.1620962691740644,1.7830589609147083,11.0,0.9999999999999993,1.0000000000000016,6.169173449181403,1294708.830860364,10.0,10,logcosh,1.0,stepsize_pilot
manuscript-pilot,D,pilot_logcosh_d10_k10_rho1_fr-kl,FR--KL,2500492809,23,2.243335799702328,855397.5083829524,855391.5558529751,nan,4980197.827365255,2231.634034698331,8.480732639042396,1.6722089015153097,6.169170354122252,1.67220890151531,6.169170354122251,6.808654499135498,1710851.0993300027,657456.684669607,0.06114048801828176,0.02056500018807128,,nan,nan,nan,nan,nan,nan,nan,nan,23,23,23,23,23,0,0,0,46,46,0,1,False,False,4.0,0,nan,nan,nan,nan,0.16209626917406456,1.7830589609147085,0.1620962691740644,1.7830589609147083,11.0,0.9999999999999993,1.0000000000000016,6.169173449181403,2027982.1615252849,10.0,10,logcosh,1.0,stepsize_pilot
manuscript-pilot,D,pilot_logcosh_d10_k10_rho1_fr-kl,FR--KL,2500492809,24,2.243335799702328,1339253.6805337812,1339247.7280038039,nan,7838261.791772325,2799.688273409047,8.48113299818667,1.6722089022748732,6.169172494898393,1.6722089022748725,6.169172494898396,6.836302527806911,2678561.1912004,1027140.1395074509,0.06265270797302946,0.02118358016014099,,nan,nan,nan,nan,nan,nan,nan,nan,24,24,24,24,24,0,0,0,48,48,0,1,False,False,4.0,0,nan,nan,nan,nan,0.16209626917406456,1.7830589609147085,0.1620962691740644,1.7830589609147083,11.0,0.9999999999999993,1.0000000000000016,6.169173449181403,3168302.8386189244,10.0,10,logcosh,1.0,stepsize_pilot
manuscript-pilot,D,pilot_logcosh_d10_k10_rho1_fr-kl,FR--KL,2500492809,25,2.243335799702328,2091531.1351250962,2091525.1825951189,nan,12289225.119722953,3505.5980596633876,8.481256921998556,1.6722089025090576,6.169173154952517,1.672208902509056,6.169173154952514,6.860597729915142,4183119.0164510678,1601354.035240203,0.06414146797033027,0.0217654601437971,,nan,nan,nan,nan,nan,nan,nan,nan,25,25,25,25,25,0,0,0,50,50,0,1,False,False,4.0,0,nan,nan,nan,nan,0.16209626917406456,1.7830589609147085,0.1620962691740644,1.7830589609147083,11.0,0.9999999999999993,1.0000000000000016,6.169173449181403,4939515.3984716805,10.0,10,logcosh,1.0,stepsize_pilot
manuscript-pilot,D,pilot_logcosh_d10_k10_rho1_fr-kl,FR--KL,2500492809,26,2.243335799702328,3259808.0673808223,3259802.114850845,nan,19217708.90744441,4383.799897753645,8.481295176837406,1.6722089025812672,6.169173358463415,1.6722089025812652,6.1691733584634125,6.87804162831271,6519670.355706361,2492411.030693172,0.06560716801322997,0.022380930138751864,,nan,nan,nan,nan,nan,nan,nan,nan,26,26,26,26,26,0,0,0,52,52,0,1,False,False,4.0,0,nan,nan,nan,nan,0.16209626917406456,1.7830589609147085,0.1620962691740644,1.7830589609147083,11.0,0.9999999999999993,1.0000000000000016,6.169173449181403,7688057.9774995865,10.0,10,logcosh,1.0,stepsize_pilot
manuscript-pilot,D,pilot_logcosh_d10_k10_rho1_fr-kl,FR--KL,2500492809,27,2.243335799702328,5072464.061893459,5072458.109363482,nan,29978962.332547475,5475.304098277965,8.481306976128307,1.67220890260352,6.1691734212108305,1.6722089026035192,6.169173421210829,6.893466695348511,10144985.088197127,3874094.932355791,0.06702787801623344,0.02294763014651835,,nan,nan,nan,nan,nan,nan,nan,nan,27,27,27,27,27,0,0,0,54,54,0,1,False,False,4.0,0,nan,nan,nan,nan,0.16209626917406456,1.7830589609147085,0.1620962691740644,1.7830589609147083,11.0,0.9999999999999993,1.0000000000000016,6.169173449181403,11949981.798148785,10.0,10,logcosh,1.0,stepsize_pilot
manuscript-pilot,D,pilot_logcosh_d10_k10_rho1_fr-kl,FR--KL,2500492809,28,2.243335799702328,7882877.2813559985,7882871.328826021,nan,46688484.16169022,6832.896662306072,8.481310614556218,1.6722089026103963,6.169173440557421,1.6722089026103988,6.169173440557427,6.904568815943837,15765808.900885837,6015256.060404986,0.068476508022286,0.02354831009870395,,nan,nan,nan,nan,nan,nan,nan,nan,28,28,28,28,28,0,0,0,56,56,0,1,False,False,4.0,0,nan,nan,nan,nan,0.16209626917406456,1.7830589609147085,0.1620962691740644,1.7830589609147083,11.0,0.9999999999999993,1.0000000000000016,6.169173449181403,18554578.988938984,10.0,10,logcosh,1.0,stepsize_pilot
manuscript-pilot,D,pilot_logcosh_d10_k10_rho1_fr-kl,FR--KL,2500492809,29,2.243335799702328,12237708.918521864,12237702.965991886,nan,72597752.10420185,8520.43101845572,8.481311736412444,1.6722089026125218,6.169173446522403,1.6722089026125215,6.169173446522401,6.914426423215537,24475474.862688314,9331755.320577884,0.06986102799419314,0.024124310060869902,,nan,nan,nan,nan,nan,nan,nan,nan,29,29,29,29,29,0,0,0,58,58,0,1,False,False,4.0,0,nan,nan,nan,nan,0.16209626917406456,1.7830589609147085,0.1620962691740644,1.7830589609147083,11.0,0.9999999999999993,1.0000000000000016,6.169173449181403,28784608.578983188,10.0,10,logcosh,1.0,stepsize_pilot
