tier,experiment,job_id,method,seed,iteration,step_size,objective,objective_gap,exact_gaussian_kl,w2_squared,mean_error,covariance_error,covariance_min_eigenvalue,covariance_max_eigenvalue,relative_covariance_min_eigenvalue,relative_covariance_max_eigenvalue,gaussian_core_rate,fisher_rao_residual_squared,bures_wasserstein_residual_squared,wall_time_seconds,algorithm_seconds,repair,equivariance_error_mean,equivariance_error_covariance,equivariance_error_back,local_gamma,local_lambda,predictive_nll,classification_error,brier,iterations,gradient_evaluations,hessian_evaluations,oracle_pairs,expectation_evaluations,matrix_exponentials,matrix_square_roots,eigendecompositions,cholesky_factorizations,cholesky_solves,roundoff_repairs,batch_size,quadratic_rescue,raw_mean_ablation,normalized_step_size,problem_instance,local_kl_gamma,local_discrete_rate,predicted_contraction,local_radius,alpha,beta,alpha_star,beta_star,kappa_star,lambda_0_star,lambda_0_star_max,lambda_max_star,certified_gap,grid_dimension
smoke,H,H_stl_cancellation_smoke,S--FB--GVI,500109109,0,0.0,0.729517036412616,1.0321021294066615,1.0321021294066615,3.462524344072011,1.4367338858721619,1.036724633772957e-15,1.0000000000000004,9.999999999999995,0.9999999999999993,1.0000000000000009,1.9999999999999996,2.064204258813322,1.7553368418660742,0.00046534999273717403,0.0,,nan,nan,nan,nan,nan,nan,nan,nan,0,0,0,0,0,0,0,0,0,0,0,1,False,False,0.0,0,nan,nan,nan,nan,0.10000000000000002,0.9999999999999998,1.0,1.0,1.0,0.9999999999999994,1.0000000000000002,1.0000000000000002,0.8776684209330371,4
smoke,H,H_stl_cancellation_smoke,S--FB--GVI,500109109,1,0.1,0.6180235382883645,0.9206086312824104,0.9206086312824104,3.219749170269509,1.356914611375683,3.1919569281351617e-15,1.0000000000000007,10.000000000000009,0.999999999999999,1.000000000000002,2.000000000000001,1.8412172625648224,1.538872625140495,0.0012277200003154576,0.00017981999553740025,,nan,nan,nan,nan,nan,nan,nan,nan,1,1,1,1,0,0,2,2,0,0,0,1,False,False,0.1,0,nan,nan,nan,nan,0.10000000000000002,0.9999999999999998,1.0,1.0,1.0,0.9999999999999994,1.0000000000000002,1.0000000000000002,0.7694363125702475,4
smoke,H,H_stl_cancellation_smoke,S--FB--GVI,500109109,2,0.1,0.34780959398702027,0.6503946869810652,0.6503946869810652,2.745747597358578,1.1405215359484144,3.541243149583682e-15,1.0000000000000002,10.000000000000016,0.999999999999999,1.0000000000000036,2.000000000000002,1.3007893739621315,0.9894307092946713,0.0017846500268206,0.00031911995029076934,,nan,nan,nan,nan,nan,nan,nan,nan,2,2,2,2,0,0,4,4,0,0,0,1,False,False,0.1,0,nan,nan,nan,nan,0.10000000000000002,0.9999999999999998,1.0,1.0,1.0,0.9999999999999994,1.0000000000000002,1.0000000000000002,0.4947153546473356,4
smoke,H,H_stl_cancellation_smoke,S--FB--GVI,500109109,3,0.1,0.23554165784223224,0.5381267508362784,0.5381267508362784,2.4570852296263577,1.0374263837364834,3.1650634097641917e-15,1.0000000000000004,10.000000000000002,0.9999999999999989,1.000000000000003,2.0000000000000013,1.0762535016725576,0.7792739713456543,0.0022566700354218483,0.000447929953224957,,nan,nan,nan,nan,nan,nan,nan,nan,3,3,3,3,0,0,6,6,0,0,0,1,False,False,0.1,0,nan,nan,nan,nan,0.10000000000000002,0.9999999999999998,1.0,1.0,1.0,0.9999999999999994,1.0000000000000002,1.0000000000000002,0.3896369856728272,4
smoke,H,H_stl_cancellation_smoke,S--FB--GVI,500109109,4,0.1,0.13720358574900704,0.4397886787430531,0.4397886787430531,2.2522166118864075,0.9378578556935515,3.920535519770261e-15,1.0000000000000002,10.000000000000009,0.9999999999999982,1.0000000000000029,2.0000000000000027,0.8795773574861072,0.5774813458689663,0.0027460200362838805,0.0005748599651269615,,nan,nan,nan,nan,nan,nan,nan,nan,4,4,4,4,0,0,8,8,0,0,0,1,False,False,0.1,0,nan,nan,nan,nan,0.10000000000000002,0.9999999999999998,1.0,1.0,1.0,0.9999999999999994,1.0000000000000002,1.0000000000000002,0.28874067293448313,4
smoke,H,H_stl_cancellation_smoke,S--FB--GVI,500109109,5,0.1,0.1484709113229763,0.45105600431702136,0.45105600431702136,2.194708750687399,0.9497957720657862,4.372957393271619e-15,1.0000000000000007,10.00000000000002,0.9999999999999984,1.000000000000004,2.0000000000000036,0.9021120086340443,0.6185215913914014,0.0031996500329114497,0.0006988999666646123,,nan,nan,nan,nan,nan,nan,nan,nan,5,5,5,5,0,0,10,10,0,0,0,1,False,False,0.1,0,nan,nan,nan,nan,0.10000000000000002,0.9999999999999998,1.0,1.0,1.0,0.9999999999999994,1.0000000000000002,1.0000000000000002,0.3092607956957007,4
smoke,H,H_stl_cancellation_smoke,S--FB--GVI,500109109,6,0.1,0.07836087243869105,0.3809459654327372,0.3809459654327372,2.143429335401101,0.8728642110119272,4.3790053263895684e-15,1.0000000000000009,10.00000000000002,0.9999999999999983,1.0000000000000033,2.0000000000000044,0.7618919308654757,0.46042793999007897,0.0036672900314442813,0.000823229958768934,,nan,nan,nan,nan,nan,nan,nan,nan,6,6,6,6,0,0,12,12,0,0,0,1,False,False,0.1,0,nan,nan,nan,nan,0.10000000000000002,0.9999999999999998,1.0,1.0,1.0,0.9999999999999994,1.0000000000000002,1.0000000000000002,0.23021396999503949,4
smoke,H,H_stl_cancellation_smoke,S--FB--GVI,500109109,7,0.1,0.019316060881859887,0.3219011538759053,0.3219011538759053,2.0158100086357527,0.8023729231173065,4.4424920733287474e-15,1.000000000000001,10.000000000000016,0.9999999999999981,1.0000000000000038,2.000000000000004,0.6438023077518118,0.3405494873721525,0.004122510028537363,0.0009484199690632522,,nan,nan,nan,nan,nan,nan,nan,nan,7,7,7,7,0,0,14,14,0,0,0,1,False,False,0.1,0,nan,nan,nan,nan,0.10000000000000002,0.9999999999999998,1.0,1.0,1.0,0.9999999999999994,1.0000000000000002,1.0000000000000002,0.17027474368607626,4
smoke,H,H_stl_cancellation_smoke,S--FB--GVI,500109109,8,0.1,-0.03041841931400535,0.27216667368004005,0.27216667368004005,1.959240041914378,0.73778950071147,5.1886596478496e-15,1.0000000000000004,10.000000000000012,0.9999999999999982,1.0000000000000047,2.0000000000000036,0.5443333473600808,0.23443936436592167,0.004591290024109185,0.0010726299951784313,,nan,nan,nan,nan,nan,nan,nan,nan,8,8,8,8,0,0,16,16,0,0,0,1,False,False,0.1,0,nan,nan,nan,nan,0.10000000000000002,0.9999999999999998,1.0,1.0,1.0,0.9999999999999994,1.0000000000000002,1.0000000000000002,0.11721968218296083,4
smoke,H,H_stl_cancellation_smoke,S--FB--GVI,500109109,9,0.1,-0.09422631482656074,0.20835877816748472,0.20835877816748472,1.6766174771235898,0.6455366421319316,5.139875916599906e-15,1.0000000000000013,10.000000000000012,0.9999999999999976,1.0000000000000042,2.000000000000003,0.41671755633496993,0.13654616212274984,0.005045939993578941,0.0011944799916818738,,nan,nan,nan,nan,nan,nan,nan,nan,9,9,9,9,0,0,18,18,0,0,0,1,False,False,0.1,0,nan,nan,nan,nan,0.10000000000000002,0.9999999999999998,1.0,1.0,1.0,0.9999999999999994,1.0000000000000002,1.0000000000000002,0.06827308106137492,4
smoke,H,H_stl_cancellation_smoke,S--FB--GVI,500109109,10,0.1,-0.11775811592956442,0.18482697706448079,0.18482697706448079,1.5107817489608815,0.607991738536768,5.208910128696565e-15,1.0000000000000004,10.000000000000005,0.9999999999999978,1.000000000000004,2.000000000000005,0.3696539541289621,0.11431362026601548,0.005531350034289062,0.001321010000538081,,nan,nan,nan,nan,nan,nan,nan,nan,10,10,10,10,0,0,20,20,0,0,0,1,False,False,0.1,0,nan,nan,nan,nan,0.10000000000000002,0.9999999999999998,1.0,1.0,1.0,0.9999999999999994,1.0000000000000002,1.0000000000000002,0.05715681013300774,4
smoke,H,H_stl_cancellation_smoke,S--FB--GVI,500109109,11,0.1,-0.15454287547311107,0.1480422175209342,0.1480422175209342,1.2975128711320654,0.5441364121632263,4.847935484061396e-15,1.0000000000000002,9.999999999999998,0.9999999999999981,1.0000000000000038,2.000000000000003,0.2960844350418687,0.07332427475010099,0.005991359998006374,0.0014407600392587483,,nan,nan,nan,nan,nan,nan,nan,nan,11,11,11,11,0,0,22,22,0,0,0,1,False,False,0.1,0,nan,nan,nan,nan,0.10000000000000002,0.9999999999999998,1.0,1.0,1.0,0.9999999999999994,1.0000000000000002,1.0000000000000002,0.036662137375050495,4
smoke,H,H_stl_cancellation_smoke,S--FB--GVI,500109109,12,0.1,-0.1840874048271468,0.11849768816689808,0.11849768816689808,1.091160264712031,0.4868217089795773,5.501994198626468e-15,1.0000000000000004,10.000000000000002,0.9999999999999979,1.0000000000000056,2.000000000000005,0.2369953763337966,0.05401464532383306,0.006452150002587587,0.001565980026498437,,nan,nan,nan,nan,nan,nan,nan,nan,12,12,12,12,0,0,24,24,0,0,0,1,False,False,0.1,0,nan,nan,nan,nan,0.10000000000000002,0.9999999999999998,1.0,1.0,1.0,0.9999999999999994,1.0000000000000002,1.0000000000000002,0.02700732266191653,4
smoke,H,H_stl_cancellation_smoke,S--FB--GVI,500109109,13,0.1,-0.18771784522445678,0.11486724776958879,0.11486724776958879,1.0445711165946723,0.4793062648653547,5.555926348184356e-15,1.0000000000000007,10.000000000000005,0.9999999999999972,1.0000000000000042,2.0000000000000027,0.2297344955391778,0.053846438720600076,0.006899040017742664,0.0016895100707188249,,nan,nan,nan,nan,nan,nan,nan,nan,13,13,13,13,0,0,26,26,0,0,0,1,False,False,0.1,0,nan,nan,nan,nan,0.10000000000000002,0.9999999999999998,1.0,1.0,1.0,0.9999999999999994,1.0000000000000002,1.0000000000000002,0.026923219360300038,4
smoke,H,H_stl_cancellation_smoke,S--FB--GVI,500109109,14,0.1,-0.20439163190711174,0.09819346108693378,0.09819346108693378,0.9267610754287953,0.4431556410267927,5.634463605958458e-15,1.0000000000000004,10.000000000000005,0.999999999999998,1.0000000000000047,2.000000000000004,0.19638692217386794,0.04381671562298816,0.007368470018263906,0.0018323700642213225,,nan,nan,nan,nan,nan,nan,nan,nan,14,14,14,14,0,0,28,28,0,0,0,1,False,False,0.1,0,nan,nan,nan,nan,0.10000000000000002,0.9999999999999998,1.0,1.0,1.0,0.9999999999999994,1.0000000000000002,1.0000000000000002,0.02190835781149408,4
smoke,H,H_stl_cancellation_smoke,S--FB--GVI,500109109,15,0.1,-0.18469865089671922,0.11788644209732546,0.11788644209732546,1.0023664855744494,0.4855645005502882,5.4307312251756994e-15,1.0000000000000004,10.000000000000009,0.9999999999999979,1.0000000000000042,2.0000000000000013,0.23577288419465112,0.07472410889187651,0.007818350044544786,0.0019562600646167994,,nan,nan,nan,nan,nan,nan,nan,nan,15,15,15,15,0,0,30,30,0,0,0,1,False,False,0.1,0,nan,nan,nan,nan,0.10000000000000002,0.9999999999999998,1.0,1.0,1.0,0.9999999999999994,1.0000000000000002,1.0000000000000002,0.03736205444593826,4
smoke,H,H_stl_cancellation_smoke,S--FB--GVI,500109109,16,0.1,-0.17055690534052248,0.1320281876535228,0.1320281876535228,1.0910179327102738,0.5138641603644347,6.569954125207355e-15,0.9999999999999996,10.000000000000012,0.9999999999999979,1.0000000000000058,2.000000000000001,0.2640563753070458,0.09026375844700603,0.008261900045908988,0.0020771300769411027,,nan,nan,nan,nan,nan,nan,nan,nan,16,16,16,16,0,0,32,32,0,0,0,1,False,False,0.1,0,nan,nan,nan,nan,0.10000000000000002,0.9999999999999998,1.0,1.0,1.0,0.9999999999999994,1.0000000000000002,1.0000000000000002,0.045131879223503014,4
smoke,H,H_stl_cancellation_smoke,S--FB--GVI,500109109,17,0.1,-0.16728598036919706,0.13529911262484792,0.13529911262484792,0.9829528223684807,0.5201905662828727,6.281172467981045e-15,1.0,10.000000000000002,0.9999999999999984,1.0000000000000062,2.0,0.270598225249696,0.12238695818587216,0.008753810019697994,0.0022005100618116558,,nan,nan,nan,nan,nan,nan,nan,nan,17,17,17,17,0,0,34,34,0,0,0,1,False,False,0.1,0,nan,nan,nan,nan,0.10000000000000002,0.9999999999999998,1.0,1.0,1.0,0.9999999999999994,1.0000000000000002,1.0000000000000002,0.06119347909293608,4
smoke,H,H_stl_cancellation_smoke,S--FB--GVI,500109109,18,0.1,-0.1855105815147815,0.11707451147926333,0.11707451147926333,1.0426499877900133,0.4838894739075511,6.369609997444515e-15,1.0000000000000004,9.999999999999998,0.9999999999999983,1.000000000000006,2.000000000000003,0.2341490229585271,0.06523227866735137,0.009196589991915971,0.0023217100533656776,,nan,nan,nan,nan,nan,nan,nan,nan,18,18,18,18,0,0,36,36,0,0,0,1,False,False,0.1,0,nan,nan,nan,nan,0.10000000000000002,0.9999999999999998,1.0,1.0,1.0,0.9999999999999994,1.0000000000000002,1.0000000000000002,0.03261613933367569,4
